site_id,weather_year,process_case,cavern_archetype,withdrawal_to_injection_ratio,service_reference_nh3_tph,n_modules,status,solver_status,solver_message,solver_method,matching_rule,boundary_condition,flexible_process,min_hb_load_fraction_of_nameplate,hb_nameplate_tph,ramp_fraction_of_nameplate_per_hour,nh3_buffer_limit_hours,auxiliary_mwh_per_t_nh3,storage_loss_per_hour,compression_kwh_per_kg_h2,cavern_count_limit,h2_storage_capacity_kg_per_1_tph_nh3,h2_storage_capacity_reference_service_hours,nh3_buffer_capacity_t_per_1_tph_nh3,grid_import_mwh,max_h2_balance_residual_kgph,max_h2_storage_balance_residual_kg,max_nh3_balance_residual_tph,max_annual_nh3_service_residual_t,max_hb_ramp_violation_tph_per_hour,max_site_power_violation_mw,max_matching_violation_native,max_h2_charge_kgph,max_h2_discharge_kgph,lexicographic,h2_storage_capacity_t_for_500kt_y_reference,nh3_buffer_capacity_t_for_500kt_y_reference,grid_import_mwh_per_1_tph_nh3,grid_import_gwh_for_500kt_y_reference,peak_nh3_buffer_use_t_per_1_tph_nh3,n_hours,h2_capacity_module_limit_kg_per_1_tph_nh3,cavern_peak_withdrawal_limit_kgph_per_1_tph_nh3,cavern_peak_injection_limit_kgph_per_1_tph_nh3
france_grand_quevilly,2015,flex_ml0p4_b24,high_investment_small_cavern,2.0,21.511358797449617,0,infeasible,2,The problem is infeasible. (HiGHS Status 8: model_status is Infeasible; primal_status is None),highs-ds,hourly,cyclic,True,0.4,1.5,0.6,24.0,0.4444444444444445,0.0,0.587,0,,,,,,,,,,,,,,False,,,,,,,,,
france_grand_quevilly,2015,flex_ml0p4_b24,high_investment_small_cavern,2.0,21.511358797449617,1,optimal,0,Optimization terminated successfully. (HiGHS Status 7: Optimal),highs-ds,hourly,cyclic,True,0.4,1.5,0.6,24.0,0.4444444444444445,0.0,0.587,1,12515.547382953664,70.48907673616155,24.00000000000041,254.05615057225577,6.423306331271306e-12,4.192202140984591e-12,1.4077550236635259e-10,1.4188117347657678e-10,0.0,3.552713678800501e-15,0.0,115.5972316861475,231.194463372295,True,714.3577273375379,1369.8630136986535,254.05615057225577,14.50092183631597,24.00000000000041,8760.0,61828.00506184803,231.194463372295,115.5972316861475
france_grand_quevilly,2015,flex_ml0p6_b24,high_investment_small_cavern,2.0,21.511358797449617,0,infeasible,2,The problem is infeasible. (HiGHS Status 8: model_status is Infeasible; primal_status is None),highs-ds,hourly,cyclic,True,0.6,1.5,0.6,24.0,0.4444444444444445,0.0,0.587,0,,,,,,,,,,,,,,False,,,,,,,,,
france_grand_quevilly,2015,flex_ml0p6_b24,high_investment_small_cavern,2.0,21.511358797449617,1,optimal,0,Optimization terminated successfully. (HiGHS Status 7: Optimal),highs-ds,hourly,cyclic,True,0.6,1.5,0.6,24.0,0.4444444444444445,0.0,0.587,1,16270.387938735692,91.636792930266,14.355335223512135,318.3011852830781,4.376943252282217e-12,9.094947017729282e-13,2.452704706001896e-10,2.4556356947869057e-10,0.0,3.552713678800501e-15,1.6520118606422334e-13,115.5972316861475,174.3510109759317,True,928.67511065843,819.3684488306013,318.3011852830781,18.16787587232181,14.355335223512135,8760.0,61828.00506184803,231.194463372295,115.5972316861475
france_grand_quevilly,2015,rigid,high_investment_small_cavern,2.0,21.511358797449617,0,infeasible,2,The problem is infeasible. (HiGHS Status 8: model_status is Infeasible; primal_status is None),highs-ds,hourly,cyclic,False,1.0,1.5,0.6,0.0,0.4444444444444445,0.0,0.587,0,,,,,,,,,,,,,,False,,,,,,,,,
france_grand_quevilly,2015,rigid,high_investment_small_cavern,2.0,21.511358797449617,1,optimal,0,Optimization terminated successfully. (HiGHS Status 7: Optimal),highs-ds,hourly,cyclic,False,1.0,1.5,0.6,0.0,0.4444444444444445,0.0,0.587,1,37124.51965347697,209.0897852547217,-0.0,1086.4934375117766,5.1443294069031245e-12,3.637978807091713e-12,0.0,0.0,0.0,8.881784197001252e-16,0.0,115.5972316861475,177.55300484072126,True,2118.9794322760827,-0.0,1086.4934375117766,62.01446561140278,0.0,8760.0,61828.00506184803,231.194463372295,115.5972316861475
france_grand_quevilly,2016,flex_ml0p4_b24,high_investment_small_cavern,2.0,21.511358797449617,0,infeasible,2,The problem is infeasible. (HiGHS Status 8: model_status is Infeasible; primal_status is None),highs-ds,hourly,cyclic,True,0.4,1.5,0.6,24.0,0.4444444444444445,0.0,0.587,0,,,,,,,,,,,,,,False,,,,,,,,,
france_grand_quevilly,2016,flex_ml0p4_b24,high_investment_small_cavern,2.0,21.511358797449617,1,optimal,0,Optimization terminated successfully. (HiGHS Status 7: Optimal),highs-ds,hourly,cyclic,True,0.4,1.5,0.6,24.0,0.4444444444444445,0.0,0.587,1,24517.330270286373,138.0845696882478,24.00000000000212,741.589690753045,8.128608897095546e-12,1.8189894035458565e-12,2.5505242362555686e-10,2.5829649530351157e-10,0.0,3.552713678800501e-15,0.0,115.5972316861475,231.194463372295,True,1399.3909971624644,1369.863013698751,741.589690753045,42.32817869595006,24.00000000000212,8784.0,61828.00506184803,231.194463372295,115.5972316861475
france_grand_quevilly,2016,flex_ml0p6_b24,high_investment_small_cavern,2.0,21.511358797449617,0,infeasible,2,The problem is infeasible. (HiGHS Status 8: model_status is Infeasible; primal_status is None),highs-ds,hourly,cyclic,True,0.6,1.5,0.6,24.0,0.4444444444444445,0.0,0.587,0,,,,,,,,,,,,,,False,,,,,,,,,
france_grand_quevilly,2016,flex_ml0p6_b24,high_investment_small_cavern,2.0,21.511358797449617,1,optimal,0,Optimization terminated successfully. (HiGHS Status 7: Optimal),highs-ds,hourly,cyclic,True,0.6,1.5,0.6,24.0,0.4444444444444445,0.0,0.587,1,50365.23951817962,283.66312112465306,14.257859750862508,1487.598208553647,3.0411229090532288e-12,3.637978807091713e-12,4.4429193657435917e-10,4.4565240386873484e-10,0.0,3.552713678800501e-15,0.0,115.5972316861475,159.79770435664912,True,2874.7282830011204,813.8047803003715,1487.598208553647,84.90857354758259,14.257859750862508,8784.0,61828.00506184803,231.194463372295,115.5972316861475
france_grand_quevilly,2016,rigid,high_investment_small_cavern,2.0,21.511358797449617,0,infeasible,2,The problem is infeasible. (HiGHS Status 8: model_status is Infeasible; primal_status is None),highs-ds,hourly,cyclic,False,1.0,1.5,0.6,0.0,0.4444444444444445,0.0,0.587,0,,,,,,,,,,,,,,False,,,,,,,,,
france_grand_quevilly,2016,rigid,high_investment_small_cavern,2.0,21.511358797449617,1,infeasible,2,The problem is infeasible. (HiGHS Status 8: model_status is Infeasible; primal_status is None),highs-ds,hourly,cyclic,False,1.0,1.5,0.6,0.0,0.4444444444444445,0.0,0.587,1,,,,,,,,,,,,,,False,,,,,,,,,
france_grand_quevilly,2016,rigid,high_investment_small_cavern,2.0,21.511358797449617,2,optimal,0,Optimization terminated successfully. (HiGHS Status 7: Optimal),highs-ds,hourly,cyclic,False,1.0,1.5,0.6,0.0,0.4444444444444445,0.0,0.587,2,24171.161435422568,136.13490493785764,-0.0,658.9973978850286,7.219114195322618e-12,1.8189894035458565e-12,0.0,0.0,0.0,3.552713678800501e-15,8.526512829121202e-14,231.194463372295,408.74746821301625,True,1379.6325020218362,-0.0,658.9973978850286,37.61400672859752,0.0,8784.0,123656.01012369606,462.38892674459,231.194463372295
france_grand_quevilly,2017,flex_ml0p4_b24,high_investment_small_cavern,2.0,21.511358797449617,0,infeasible,2,The problem is infeasible. (HiGHS Status 8: model_status is Infeasible; primal_status is None),highs-ds,hourly,cyclic,True,0.4,1.5,0.6,24.0,0.4444444444444445,0.0,0.587,0,,,,,,,,,,,,,,False,,,,,,,,,
france_grand_quevilly,2017,flex_ml0p4_b24,high_investment_small_cavern,2.0,21.511358797449617,1,optimal,0,Optimization terminated successfully. (HiGHS Status 7: Optimal),highs-ds,hourly,cyclic,True,0.4,1.5,0.6,24.0,0.4444444444444445,0.0,0.587,1,15454.078384041732,87.03923877776798,24.000000000000288,308.66426500930027,1.3159251466277055e-11,1.0711431741583507e-11,2.332960491457925e-10,2.346496330574155e-10,0.0,3.552713678800501e-15,0.0,115.5972316861475,231.194463372295,True,882.0820995457609,1369.8630136986465,308.66426500930027,17.617823345279696,24.000000000000288,8760.0,61828.00506184803,231.194463372295,115.5972316861475
france_grand_quevilly,2017,flex_ml0p6_b24,high_investment_small_cavern,2.0,21.511358797449617,0,infeasible,2,The problem is infeasible. (HiGHS Status 8: model_status is Infeasible; primal_status is None),highs-ds,hourly,cyclic,True,0.6,1.5,0.6,24.0,0.4444444444444445,0.0,0.587,0,,,,,,,,,,,,,,False,,,,,,,,,
france_grand_quevilly,2017,flex_ml0p6_b24,high_investment_small_cavern,2.0,21.511358797449617,1,optimal,0,Optimization terminated successfully. (HiGHS Status 7: Optimal),highs-ds,hourly,cyclic,True,0.6,1.5,0.6,24.0,0.4444444444444445,0.0,0.587,1,23300.404621008853,131.23069723270024,16.68939197485722,1192.9559910530386,5.087485988042317e-12,1.8189894035458565e-12,4.5073100807258015e-10,4.5110937207937235e-10,0.0,8.881784197001252e-16,1.0302869668521453e-13,115.5972316861475,159.79770435664912,True,1329.931770605528,952.5908661448184,1192.9559910530386,68.09109537973966,16.68939197485722,8760.0,61828.00506184803,231.194463372295,115.5972316861475
france_grand_quevilly,2017,rigid,high_investment_small_cavern,2.0,21.511358797449617,0,infeasible,2,The problem is infeasible. (HiGHS Status 8: model_status is Infeasible; primal_status is None),highs-ds,hourly,cyclic,False,1.0,1.5,0.6,0.0,0.4444444444444445,0.0,0.587,0,,,,,,,,,,,,,,False,,,,,,,,,
france_grand_quevilly,2017,rigid,high_investment_small_cavern,2.0,21.511358797449617,1,infeasible,2,The problem is infeasible. (HiGHS Status 8: model_status is Infeasible; primal_status is None),highs-ds,hourly,cyclic,False,1.0,1.5,0.6,0.0,0.4444444444444445,0.0,0.587,1,,,,,,,,,,,,,,False,,,,,,,,,
france_grand_quevilly,2017,rigid,high_investment_small_cavern,2.0,21.511358797449617,2,optimal,0,Optimization terminated successfully. (HiGHS Status 7: Optimal),highs-ds,hourly,cyclic,False,1.0,1.5,0.6,0.0,0.4444444444444445,0.0,0.587,2,17206.668618466065,96.91003897062612,-0.0,473.19182983083977,7.30437932361383e-12,1.8189894035458565e-12,0.0,0.0,0.0,3.552713678800501e-15,0.0,231.194463372295,408.74746821301625,True,982.115788725232,-0.0,473.19182983083977,27.008666086235145,0.0,8760.0,123656.01012369606,462.38892674459,231.194463372295
france_grand_quevilly,2018,flex_ml0p4_b24,high_investment_small_cavern,2.0,21.511358797449617,0,infeasible,2,The problem is infeasible. (HiGHS Status 8: model_status is Infeasible; primal_status is None),highs-ds,hourly,cyclic,True,0.4,1.5,0.6,24.0,0.4444444444444445,0.0,0.587,0,,,,,,,,,,,,,,False,,,,,,,,,
france_grand_quevilly,2018,flex_ml0p4_b24,high_investment_small_cavern,2.0,21.511358797449617,1,optimal,0,Optimization terminated successfully. (HiGHS Status 7: Optimal),highs-ds,hourly,cyclic,True,0.4,1.5,0.6,24.0,0.4444444444444445,0.0,0.587,1,17688.51617294531,99.62386268153148,23.99999999988018,179.82679037250597,1.708144736767281e-11,4.32862634625053e-11,2.170128521328252e-10,2.1827872842550278e-10,0.0,3.552713678800501e-15,1.322522535929238e-09,115.5972316861475,231.194463372295,True,1009.6185030219926,1369.8630136917911,179.82679037250597,10.26408620847637,23.99999999988018,8760.0,61828.00506184803,231.194463372295,115.5972316861475
france_grand_quevilly,2018,flex_ml0p6_b24,high_investment_small_cavern,2.0,21.511358797449617,0,infeasible,2,The problem is infeasible. (HiGHS Status 8: model_status is Infeasible; primal_status is None),highs-ds,hourly,cyclic,True,0.6,1.5,0.6,24.0,0.4444444444444445,0.0,0.587,0,,,,,,,,,,,,,,False,,,,,,,,,
france_grand_quevilly,2018,flex_ml0p6_b24,high_investment_small_cavern,2.0,21.511358797449617,1,optimal,0,Optimization terminated successfully. (HiGHS Status 7: Optimal),highs-ds,hourly,cyclic,True,0.6,1.5,0.6,24.0,0.4444444444444445,0.0,0.587,1,26151.953925668902,147.29096783875454,6.004879461930774,851.4063304977703,8.526512829121202e-12,1.3976375612401167e-11,3.3169200719385117e-10,3.310560714453459e-10,0.0,3.552713678800501e-15,5.3290705182007527e-14,115.5972316861475,231.194463372295,True,1492.691434113522,342.74426152572914,851.4063304977703,48.59625174074032,6.004879461930774,8760.0,61828.00506184803,231.194463372295,115.5972316861475
france_grand_quevilly,2018,rigid,high_investment_small_cavern,2.0,21.511358797449617,0,infeasible,2,The problem is infeasible. (HiGHS Status 8: model_status is Infeasible; primal_status is None),highs-ds,hourly,cyclic,False,1.0,1.5,0.6,0.0,0.4444444444444445,0.0,0.587,0,,,,,,,,,,,,,,False,,,,,,,,,
france_grand_quevilly,2018,rigid,high_investment_small_cavern,2.0,21.511358797449617,1,infeasible,2,The problem is infeasible. (HiGHS Status 8: model_status is Infeasible; primal_status is None),highs-ds,hourly,cyclic,False,1.0,1.5,0.6,0.0,0.4444444444444445,0.0,0.587,1,,,,,,,,,,,,,,False,,,,,,,,,
france_grand_quevilly,2018,rigid,high_investment_small_cavern,2.0,21.511358797449617,2,optimal,0,Optimization terminated successfully. (HiGHS Status 7: Optimal),highs-ds,hourly,cyclic,False,1.0,1.5,0.6,0.0,0.4444444444444445,0.0,0.587,2,21896.14683063374,123.32174749887378,-0.0,284.41630666808925,7.503331289626658e-12,1.7905676941154525e-12,0.0,0.0,0.0,7.2164496600635185e-16,3.1974423109204515e-14,231.194463372295,408.74746821301625,True,1249.780070241652,-0.0,284.41630666808925,16.233807458224273,0.0,8760.0,123656.01012369606,462.38892674459,231.194463372295
france_grand_quevilly,2019,flex_ml0p4_b24,high_investment_small_cavern,2.0,21.511358797449617,0,infeasible,2,The problem is infeasible. (HiGHS Status 8: model_status is Infeasible; primal_status is None),highs-ds,hourly,cyclic,True,0.4,1.5,0.6,24.0,0.4444444444444445,0.0,0.587,0,,,,,,,,,,,,,,False,,,,,,,,,
france_grand_quevilly,2019,flex_ml0p4_b24,high_investment_small_cavern,2.0,21.511358797449617,1,optimal,0,Optimization terminated successfully. (HiGHS Status 7: Optimal),highs-ds,hourly,cyclic,True,0.4,1.5,0.6,24.0,0.4444444444444445,0.0,0.587,1,15989.545072717026,90.05505193821351,23.99999999988163,201.92903923594312,7.332801033044234e-12,4.021671884402167e-12,1.7376811101144083e-10,1.7462298274040222e-10,0.0,3.552713678800501e-15,1.1755858508877282e-09,115.5972316861475,231.194463372295,True,912.6452667075928,1369.863013691874,201.92903923594312,11.525630093375748,23.99999999988163,8760.0,61828.00506184803,231.194463372295,115.5972316861475
france_grand_quevilly,2019,flex_ml0p6_b24,high_investment_small_cavern,2.0,21.511358797449617,0,infeasible,2,The problem is infeasible. (HiGHS Status 8: model_status is Infeasible; primal_status is None),highs-ds,hourly,cyclic,True,0.6,1.5,0.6,24.0,0.4444444444444445,0.0,0.587,0,,,,,,,,,,,,,,False,,,,,,,,,
france_grand_quevilly,2019,flex_ml0p6_b24,high_investment_small_cavern,2.0,21.511358797449617,1,optimal,0,Optimization terminated successfully. (HiGHS Status 7: Optimal),highs-ds,hourly,cyclic,True,0.6,1.5,0.6,24.0,0.4444444444444445,0.0,0.587,1,20363.24810145743,114.6882764373649,10.913985247715232,380.0907902692357,6.0822458181064576e-12,1.0530243343964683e-11,2.440230240097208e-10,2.4374458007514477e-10,0.0,3.552713678800501e-15,0.0,115.5972316861475,159.79770435664912,True,1162.2858505398076,622.9443634540659,380.0907902692357,21.69467980988788,10.913985247715232,8760.0,61828.00506184803,231.194463372295,115.5972316861475
france_grand_quevilly,2019,rigid,high_investment_small_cavern,2.0,21.511358797449617,0,infeasible,2,The problem is infeasible. (HiGHS Status 8: model_status is Infeasible; primal_status is None),highs-ds,hourly,cyclic,False,1.0,1.5,0.6,0.0,0.4444444444444445,0.0,0.587,0,,,,,,,,,,,,,,False,,,,,,,,,
france_grand_quevilly,2019,rigid,high_investment_small_cavern,2.0,21.511358797449617,1,optimal,0,Optimization terminated successfully. (HiGHS Status 7: Optimal),highs-ds,hourly,cyclic,False,1.0,1.5,0.6,0.0,0.4444444444444445,0.0,0.587,1,38174.67214909944,215.0043711360732,-0.0,1319.433563494057,5.1443294069031245e-12,3.609557097661309e-12,0.0,0.0,0.0,8.881784197001252e-16,0.0,115.5972316861475,177.55300484072126,True,2178.919643213438,-0.0,1319.433563494057,75.3101349026288,0.0,8760.0,61828.00506184803,231.194463372295,115.5972316861475
france_grand_quevilly,2020,flex_ml0p4_b24,high_investment_small_cavern,2.0,21.511358797449617,0,infeasible,2,The problem is infeasible. (HiGHS Status 8: model_status is Infeasible; primal_status is None),highs-ds,hourly,cyclic,True,0.4,1.5,0.6,24.0,0.4444444444444445,0.0,0.587,0,,,,,,,,,,,,,,False,,,,,,,,,
france_grand_quevilly,2020,flex_ml0p4_b24,high_investment_small_cavern,2.0,21.511358797449617,1,optimal,0,Optimization terminated successfully. (HiGHS Status 7: Optimal),highs-ds,hourly,cyclic,True,0.4,1.5,0.6,24.0,0.4444444444444445,0.0,0.587,1,10800.580836646492,60.83017770572482,24.00000000000011,225.27703956678744,8.58335624798201e-12,1.3088197192701044e-11,7.326184103817468e-11,7.275957614183426e-11,0.0,3.552713678800501e-15,0.0,115.5972316861475,231.194463372295,True,616.4715089410099,1369.8630136986365,225.27703956678744,12.858278514086042,24.00000000000011,8784.0,61828.00506184803,231.194463372295,115.5972316861475
france_grand_quevilly,2020,flex_ml0p6_b24,high_investment_small_cavern,2.0,21.511358797449617,0,infeasible,2,The problem is infeasible. (HiGHS Status 8: model_status is Infeasible; primal_status is None),highs-ds,hourly,cyclic,True,0.6,1.5,0.6,24.0,0.4444444444444445,0.0,0.587,0,,,,,,,,,,,,,,False,,,,,,,,,
france_grand_quevilly,2020,flex_ml0p6_b24,high_investment_small_cavern,2.0,21.511358797449617,1,optimal,0,Optimization terminated successfully. (HiGHS Status 7: Optimal),highs-ds,hourly,cyclic,True,0.6,1.5,0.6,24.0,0.4444444444444445,0.0,0.587,1,14512.528429814423,81.7363155460719,10.62081700977377,508.2315976553957,4.433786671143025e-12,9.094947017729282e-13,1.1893197537915512e-10,1.200533006340265e-10,0.0,3.552713678800501e-15,3.730349362740527e-14,115.5972316861475,159.79770435664912,True,828.3406638021933,606.2110165395987,508.2315976553957,29.00865283421208,10.62081700977377,8784.0,61828.00506184803,231.194463372295,115.5972316861475
france_grand_quevilly,2020,rigid,high_investment_small_cavern,2.0,21.511358797449617,0,infeasible,2,The problem is infeasible. (HiGHS Status 8: model_status is Infeasible; primal_status is None),highs-ds,hourly,cyclic,False,1.0,1.5,0.6,0.0,0.4444444444444445,0.0,0.587,0,,,,,,,,,,,,,,False,,,,,,,,,
france_grand_quevilly,2020,rigid,high_investment_small_cavern,2.0,21.511358797449617,1,optimal,0,Optimization terminated successfully. (HiGHS Status 7: Optimal),highs-ds,hourly,cyclic,False,1.0,1.5,0.6,0.0,0.4444444444444445,0.0,0.587,1,29577.960931595386,166.58665370450416,-0.0,620.4831028971348,5.1443294069031245e-12,1.8189894035458565e-12,0.0,0.0,0.0,8.881784197001252e-16,0.0,115.5972316861475,177.55300484072126,True,1688.2397792006495,-0.0,620.4831028971348,35.4157022201561,0.0,8784.0,61828.00506184803,231.194463372295,115.5972316861475
france_grand_quevilly,2021,flex_ml0p4_b24,high_investment_small_cavern,2.0,21.511358797449617,0,infeasible,2,The problem is infeasible. (HiGHS Status 8: model_status is Infeasible; primal_status is None),highs-ds,hourly,cyclic,True,0.4,1.5,0.6,24.0,0.4444444444444445,0.0,0.587,0,,,,,,,,,,,,,,False,,,,,,,,,
france_grand_quevilly,2021,flex_ml0p4_b24,high_investment_small_cavern,2.0,21.511358797449617,1,optimal,0,Optimization terminated successfully. (HiGHS Status 7: Optimal),highs-ds,hourly,cyclic,True,0.4,1.5,0.6,24.0,0.4444444444444445,0.0,0.587,1,31687.434612057616,178.46746463391983,23.999999999949893,382.2515305813737,2.0673951439675875e-10,2.2794210963184008e-11,2.2528501286700475e-10,2.255546860396861e-10,0.0,3.552713678800501e-15,6.753815284810113e-10,115.5972316861475,231.194463372295,True,1808.6435280854805,1369.8630136957702,382.2515305813737,21.81800973637977,23.999999999949893,8760.0,61828.00506184803,231.194463372295,115.5972316861475
france_grand_quevilly,2021,flex_ml0p6_b24,high_investment_small_cavern,2.0,21.511358797449617,0,infeasible,2,The problem is infeasible. (HiGHS Status 8: model_status is Infeasible; primal_status is None),highs-ds,hourly,cyclic,True,0.6,1.5,0.6,24.0,0.4444444444444445,0.0,0.587,0,,,,,,,,,,,,,,False,,,,,,,,,
france_grand_quevilly,2021,flex_ml0p6_b24,high_investment_small_cavern,2.0,21.511358797449617,1,optimal,0,Optimization terminated successfully. (HiGHS Status 7: Optimal),highs-ds,hourly,cyclic,True,0.6,1.5,0.6,24.0,0.4444444444444445,0.0,0.587,1,36337.72760179548,204.6584772496147,22.4064336705332,1388.5950339202736,3.723243935382925e-12,3.637978807091713e-12,3.908851020639759e-10,3.910827217623592e-10,0.0,1.4432899320127037e-15,0.0,115.5972316861475,159.79770435664912,True,2074.071210148144,1278.9060314231276,1388.5950339202736,79.25770741554074,22.4064336705332,8760.0,61828.00506184803,231.194463372295,115.5972316861475
france_grand_quevilly,2021,rigid,high_investment_small_cavern,2.0,21.511358797449617,0,infeasible,2,The problem is infeasible. (HiGHS Status 8: model_status is Infeasible; primal_status is None),highs-ds,hourly,cyclic,False,1.0,1.5,0.6,0.0,0.4444444444444445,0.0,0.587,0,,,,,,,,,,,,,,False,,,,,,,,,
france_grand_quevilly,2021,rigid,high_investment_small_cavern,2.0,21.511358797449617,1,infeasible,2,The problem is infeasible. (HiGHS Status 8: model_status is Infeasible; primal_status is None),highs-ds,hourly,cyclic,False,1.0,1.5,0.6,0.0,0.4444444444444445,0.0,0.587,1,,,,,,,,,,,,,,False,,,,,,,,,
france_grand_quevilly,2021,rigid,high_investment_small_cavern,2.0,21.511358797449617,2,optimal,0,Optimization terminated successfully. (HiGHS Status 7: Optimal),highs-ds,hourly,cyclic,False,1.0,1.5,0.6,0.0,0.4444444444444445,0.0,0.587,2,34046.69018732955,191.75507740841704,-0.0,511.39133287856447,7.673861546209082e-12,3.572253604033904e-12,0.0,0.0,0.0,3.552713678800501e-15,1.882938249764265e-13,231.194463372295,408.74746821301625,True,1943.304234436618,-0.0,511.39133287856447,29.189003018182905,0.0,8760.0,123656.01012369606,462.38892674459,231.194463372295
france_grand_quevilly,2022,flex_ml0p4_b24,high_investment_small_cavern,2.0,21.511358797449617,0,infeasible,2,The problem is infeasible. (HiGHS Status 8: model_status is Infeasible; primal_status is None),highs-ds,hourly,cyclic,True,0.4,1.5,0.6,24.0,0.4444444444444445,0.0,0.587,0,,,,,,,,,,,,,,False,,,,,,,,,
france_grand_quevilly,2022,flex_ml0p4_b24,high_investment_small_cavern,2.0,21.511358797449617,1,optimal,0,Optimization terminated successfully. (HiGHS Status 7: Optimal),highs-ds,hourly,cyclic,True,0.4,1.5,0.6,24.0,0.4444444444444445,0.0,0.587,1,34282.70882887835,193.08436294633583,24.00000000000005,363.5041086920056,2.074784788419492e-11,2.722799763432704e-11,1.9933921180381728e-10,2.0008883439004416e-10,0.0,3.552713678800501e-15,0.0,115.5972316861475,231.194463372295,True,1956.775618086664,1369.863013698633,363.5041086920056,20.74795140936105,24.00000000000005,8760.0,61828.00506184803,231.194463372295,115.5972316861475
france_grand_quevilly,2022,flex_ml0p6_b24,high_investment_small_cavern,2.0,21.511358797449617,0,infeasible,2,The problem is infeasible. (HiGHS Status 8: model_status is Infeasible; primal_status is None),highs-ds,hourly,cyclic,True,0.6,1.5,0.6,24.0,0.4444444444444445,0.0,0.587,0,,,,,,,,,,,,,,False,,,,,,,,,
france_grand_quevilly,2022,flex_ml0p6_b24,high_investment_small_cavern,2.0,21.511358797449617,1,optimal,0,Optimization terminated successfully. (HiGHS Status 7: Optimal),highs-ds,hourly,cyclic,True,0.6,1.5,0.6,24.0,0.4444444444444445,0.0,0.587,1,34475.07028471857,194.16776593358904,23.3243726268708,601.286360994414,3.439026841078885e-12,3.439026841078885e-12,3.4888136823951754e-10,3.4924596548080444e-10,0.0,3.552713678800501e-15,0.0,115.5972316861475,159.79770435664912,True,1967.755153237361,1331.2998074697944,601.286360994414,34.31999777365377,23.32437262687121,8760.0,61828.00506184803,231.194463372295,115.5972316861475
france_grand_quevilly,2022,rigid,high_investment_small_cavern,2.0,21.511358797449617,0,infeasible,2,The problem is infeasible. (HiGHS Status 8: model_status is Infeasible; primal_status is None),highs-ds,hourly,cyclic,False,1.0,1.5,0.6,0.0,0.4444444444444445,0.0,0.587,0,,,,,,,,,,,,,,False,,,,,,,,,
france_grand_quevilly,2022,rigid,high_investment_small_cavern,2.0,21.511358797449617,1,infeasible,2,The problem is infeasible. (HiGHS Status 8: model_status is Infeasible; primal_status is None),highs-ds,hourly,cyclic,False,1.0,1.5,0.6,0.0,0.4444444444444445,0.0,0.587,1,,,,,,,,,,,,,,False,,,,,,,,,
france_grand_quevilly,2022,rigid,high_investment_small_cavern,2.0,21.511358797449617,2,optimal,0,Optimization terminated successfully. (HiGHS Status 7: Optimal),highs-ds,hourly,cyclic,False,1.0,1.5,0.6,0.0,0.4444444444444445,0.0,0.587,2,37812.45858399612,212.96434052421031,-0.0,487.27730436916784,7.361222742474638e-12,3.581135388230905e-12,0.0,0.0,0.0,3.552713678800501e-15,0.0,231.194463372295,408.74746821301625,True,2158.245352967815,-0.0,487.27730436916784,27.812631527920537,0.0,8760.0,123656.01012369606,462.38892674459,231.194463372295
france_grand_quevilly,2023,flex_ml0p4_b24,high_investment_small_cavern,2.0,21.511358797449617,0,infeasible,2,The problem is infeasible. (HiGHS Status 8: model_status is Infeasible; primal_status is None),highs-ds,hourly,cyclic,True,0.4,1.5,0.6,24.0,0.4444444444444445,0.0,0.587,0,,,,,,,,,,,,,,False,,,,,,,,,
france_grand_quevilly,2023,flex_ml0p4_b24,high_investment_small_cavern,2.0,21.511358797449617,1,optimal,0,Optimization terminated successfully. (HiGHS Status 7: Optimal),highs-ds,hourly,cyclic,True,0.4,1.5,0.6,24.0,0.4444444444444445,0.0,0.587,1,10505.297806609127,59.167107963242806,24.00000000000008,307.80536425352057,7.901235221652314e-12,8.171241461241152e-13,9.067546713481534e-11,9.09494701772928e-11,0.0,3.552713678800501e-15,1.0551559626037488e-12,115.5972316861475,231.194463372295,True,599.6174547151328,1369.8630136986346,307.80536425352057,17.568799329538844,24.00000000000008,8760.0,61828.00506184803,231.194463372295,115.5972316861475
france_grand_quevilly,2023,flex_ml0p6_b24,high_investment_small_cavern,2.0,21.511358797449617,0,infeasible,2,The problem is infeasible. (HiGHS Status 8: model_status is Infeasible; primal_status is None),highs-ds,hourly,cyclic,True,0.6,1.5,0.6,24.0,0.4444444444444445,0.0,0.587,0,,,,,,,,,,,,,,False,,,,,,,,,
france_grand_quevilly,2023,flex_ml0p6_b24,high_investment_small_cavern,2.0,21.511358797449617,1,optimal,0,Optimization terminated successfully. (HiGHS Status 7: Optimal),highs-ds,hourly,cyclic,True,0.6,1.5,0.6,24.0,0.4444444444444445,0.0,0.587,1,19441.10009150068,109.49462730265166,4.273066105751379,509.97141174681593,5.9969806898152456e-12,6.210143510543276e-12,1.2149437011998998e-10,1.2187229003757238e-10,0.0,8.881784197001252e-16,0.0,115.5972316861475,159.79770435664912,True,1109.6518317066598,243.89646722325224,509.97141174681593,29.10795729148493,4.273066105751379,8760.0,61828.00506184803,231.194463372295,115.5972316861475
france_grand_quevilly,2023,rigid,high_investment_small_cavern,2.0,21.511358797449617,0,infeasible,2,The problem is infeasible. (HiGHS Status 8: model_status is Infeasible; primal_status is None),highs-ds,hourly,cyclic,False,1.0,1.5,0.6,0.0,0.4444444444444445,0.0,0.587,0,,,,,,,,,,,,,,False,,,,,,,,,
france_grand_quevilly,2023,rigid,high_investment_small_cavern,2.0,21.511358797449617,1,optimal,0,Optimization terminated successfully. (HiGHS Status 7: Optimal),highs-ds,hourly,cyclic,False,1.0,1.5,0.6,0.0,0.4444444444444445,0.0,0.587,1,35887.60489519192,202.1233317193695,-0.0,562.3649820240704,5.1443294069031245e-12,3.581135388230905e-12,0.0,0.0,0.0,8.881784197001252e-16,0.0,115.5972316861475,177.55300484072126,True,2048.379274839722,-0.0,562.3649820240704,32.09845787808621,0.0,8760.0,61828.00506184803,231.194463372295,115.5972316861475
france_grandpuits_bailly_carrois,2015,flex_ml0p4_b24,high_investment_small_cavern,2.0,23.60861662509265,0,infeasible,2,The problem is infeasible. (HiGHS Status 8: model_status is Infeasible; primal_status is None),highs-ds,hourly,cyclic,True,0.4,1.5,0.6,24.0,0.4444444444444445,0.0,0.587,0,,,,,,,,,,,,,,False,,,,,,,,,
france_grandpuits_bailly_carrois,2015,flex_ml0p4_b24,high_investment_small_cavern,2.0,23.60861662509265,1,optimal,0,Optimization terminated successfully. (HiGHS Status 7: Optimal),highs-ds,hourly,cyclic,True,0.4,1.5,0.6,24.0,0.4444444444444445,0.0,0.587,1,23224.19334891428,130.80146612978007,24.00000000000042,317.50332506412843,5.400124791776762e-12,1.1681322575896047e-11,1.6559353888112582e-10,1.673470251262188e-10,0.0,3.552713678800501e-15,0.0,105.32821834845106,210.6564366969021,True,1325.5818121526413,1369.863013698654,317.50332506412843,18.122335905486786,24.00000000000042,8760.0,56335.54992808582,210.6564366969021,105.32821834845106
france_grandpuits_bailly_carrois,2015,flex_ml0p6_b24,high_investment_small_cavern,2.0,23.60861662509265,0,infeasible,2,The problem is infeasible. (HiGHS Status 8: model_status is Infeasible; primal_status is None),highs-ds,hourly,cyclic,True,0.6,1.5,0.6,24.0,0.4444444444444445,0.0,0.587,0,,,,,,,,,,,,,,False,,,,,,,,,
france_grandpuits_bailly_carrois,2015,flex_ml0p6_b24,high_investment_small_cavern,2.0,23.60861662509265,1,optimal,0,Optimization terminated successfully. (HiGHS Status 7: Optimal),highs-ds,hourly,cyclic,True,0.6,1.5,0.6,24.0,0.4444444444444445,0.0,0.587,1,25994.44044914869,146.40383288622857,19.91437611141318,398.4010423046408,4.661160346586257e-12,1.8189894035458565e-12,3.1149616219749987e-10,3.1286617740988726e-10,0.0,3.552713678800501e-15,1.2434497875801752e-14,105.32821834845106,159.79770435664912,True,1483.7009388783497,1136.6653031628528,398.4010423046408,22.73978551967128,19.91437611141318,8760.0,56335.54992808582,210.6564366969021,105.32821834845106
france_grandpuits_bailly_carrois,2015,rigid,high_investment_small_cavern,2.0,23.60861662509265,0,infeasible,2,The problem is infeasible. (HiGHS Status 8: model_status is Infeasible; primal_status is None),highs-ds,hourly,cyclic,False,1.0,1.5,0.6,0.0,0.4444444444444445,0.0,0.587,0,,,,,,,,,,,,,,False,,,,,,,,,
france_grandpuits_bailly_carrois,2015,rigid,high_investment_small_cavern,2.0,23.60861662509265,1,optimal,0,Optimization terminated successfully. (HiGHS Status 7: Optimal),highs-ds,hourly,cyclic,False,1.0,1.5,0.6,0.0,0.4444444444444445,0.0,0.587,1,46830.29245198199,263.75387166211226,-0.0,2224.089246947764,5.030642569181509e-12,3.637978807091713e-12,0.0,0.0,0.0,8.881784197001252e-16,0.0,105.3282183484646,177.55300484072126,True,2672.961897944177,-0.0,2224.089246947764,126.9457332732742,0.0,8760.0,56335.54992808582,210.6564366969021,105.32821834845106
france_grandpuits_bailly_carrois,2016,flex_ml0p4_b24,high_investment_small_cavern,2.0,23.60861662509265,0,infeasible,2,The problem is infeasible. (HiGHS Status 8: model_status is Infeasible; primal_status is None),highs-ds,hourly,cyclic,True,0.4,1.5,0.6,24.0,0.4444444444444445,0.0,0.587,0,,,,,,,,,,,,,,False,,,,,,,,,
france_grandpuits_bailly_carrois,2016,flex_ml0p4_b24,high_investment_small_cavern,2.0,23.60861662509265,1,optimal,0,Optimization terminated successfully. (HiGHS Status 7: Optimal),highs-ds,hourly,cyclic,True,0.4,1.5,0.6,24.0,0.4444444444444445,0.0,0.587,1,39003.72371421951,219.67368983255932,24.000000000005024,1006.9646124843832,2.772253537841607e-10,3.12070369545836e-11,2.5407098647178827e-10,2.5465851649641985e-10,0.0,3.552713678800501e-15,0.0,105.32821834845106,210.6564366969021,True,2226.239938026228,1369.8630136989168,1006.9646124843832,57.47514911440544,24.000000000005024,8784.0,56335.54992808582,210.6564366969021,105.32821834845106
france_grandpuits_bailly_carrois,2016,flex_ml0p6_b24,high_investment_small_cavern,2.0,23.60861662509265,0,infeasible,2,The problem is infeasible. (HiGHS Status 8: model_status is Infeasible; primal_status is None),highs-ds,hourly,cyclic,True,0.6,1.5,0.6,24.0,0.4444444444444445,0.0,0.587,0,,,,,,,,,,,,,,False,,,,,,,,,
france_grandpuits_bailly_carrois,2016,flex_ml0p6_b24,high_investment_small_cavern,2.0,23.60861662509265,1,infeasible,2,The problem is infeasible. (HiGHS Status 8: model_status is Infeasible; primal_status is None),highs-ds,hourly,cyclic,True,0.6,1.5,0.6,24.0,0.4444444444444445,0.0,0.587,1,,,,,,,,,,,,,,False,,,,,,,,,
france_grandpuits_bailly_carrois,2016,flex_ml0p6_b24,high_investment_small_cavern,2.0,23.60861662509265,2,optimal,0,Optimization terminated successfully. (HiGHS Status 7: Optimal),highs-ds,hourly,cyclic,True,0.6,1.5,0.6,24.0,0.4444444444444445,0.0,0.587,2,22756.949366911613,128.1698915055048,24.000000000332477,520.6300772790389,7.901235221652314e-12,1.8189894035458565e-12,4.920632790117452e-10,4.929461283609271e-10,0.0,3.552713678800501e-15,0.0,210.6564366969021,225.6154092472684,True,1298.9126350976949,1369.863013717607,520.6300772790389,29.716328611817293,24.000000000332477,8784.0,112671.09985617164,421.3128733938042,210.6564366969021
france_grandpuits_bailly_carrois,2016,rigid,high_investment_small_cavern,2.0,23.60861662509265,0,infeasible,2,The problem is infeasible. (HiGHS Status 8: model_status is Infeasible; primal_status is None),highs-ds,hourly,cyclic,False,1.0,1.5,0.6,0.0,0.4444444444444445,0.0,0.587,0,,,,,,,,,,,,,,False,,,,,,,,,
france_grandpuits_bailly_carrois,2016,rigid,high_investment_small_cavern,2.0,23.60861662509265,1,infeasible,2,The problem is infeasible. (HiGHS Status 8: model_status is Infeasible; primal_status is None),highs-ds,hourly,cyclic,False,1.0,1.5,0.6,0.0,0.4444444444444445,0.0,0.587,1,,,,,,,,,,,,,,False,,,,,,,,,
france_grandpuits_bailly_carrois,2016,rigid,high_investment_small_cavern,2.0,23.60861662509265,2,optimal,0,Optimization terminated successfully. (HiGHS Status 7: Optimal),highs-ds,hourly,cyclic,False,1.0,1.5,0.6,0.0,0.4444444444444445,0.0,0.587,2,33147.919778620046,186.6930937516732,-0.0,976.4153158947432,6.87805368215777e-12,3.325340003357269e-12,0.0,0.0,0.0,3.552713678800501e-15,9.947598300641405e-14,210.6564366969021,388.2094415376234,True,1892.004553574204,-0.0,976.4153158947432,55.73146780221137,0.0,8784.0,112671.09985617164,421.3128733938042,210.6564366969021
france_grandpuits_bailly_carrois,2017,flex_ml0p4_b24,high_investment_small_cavern,2.0,23.60861662509265,0,infeasible,2,The problem is infeasible. (HiGHS Status 8: model_status is Infeasible; primal_status is None),highs-ds,hourly,cyclic,True,0.4,1.5,0.6,24.0,0.4444444444444445,0.0,0.587,0,,,,,,,,,,,,,,False,,,,,,,,,
france_grandpuits_bailly_carrois,2017,flex_ml0p4_b24,high_investment_small_cavern,2.0,23.60861662509265,1,optimal,0,Optimization terminated successfully. (HiGHS Status 7: Optimal),highs-ds,hourly,cyclic,True,0.4,1.5,0.6,24.0,0.4444444444444445,0.0,0.587,1,16204.010317679216,91.2629461394667,24.000000000000085,514.5435087021799,1.4239276424632408e-11,4.365574568510056e-11,2.785824904094625e-10,2.801243681460619e-10,0.0,3.552713678800501e-15,0.0,105.32821834845106,210.6564366969021,True,924.8864336574896,1369.863013698635,514.5435087021799,29.36892172957648,24.000000000000085,8760.0,56335.54992808582,210.6564366969021,105.32821834845106
france_grandpuits_bailly_carrois,2017,flex_ml0p6_b24,high_investment_small_cavern,2.0,23.60861662509265,0,infeasible,2,The problem is infeasible. (HiGHS Status 8: model_status is Infeasible; primal_status is None),highs-ds,hourly,cyclic,True,0.6,1.5,0.6,24.0,0.4444444444444445,0.0,0.587,0,,,,,,,,,,,,,,False,,,,,,,,,
france_grandpuits_bailly_carrois,2017,flex_ml0p6_b24,high_investment_small_cavern,2.0,23.60861662509265,1,infeasible,2,The problem is infeasible. (HiGHS Status 8: model_status is Infeasible; primal_status is None),highs-ds,hourly,cyclic,True,0.6,1.5,0.6,24.0,0.4444444444444445,0.0,0.587,1,,,,,,,,,,,,,,False,,,,,,,,,
france_grandpuits_bailly_carrois,2017,flex_ml0p6_b24,high_investment_small_cavern,2.0,23.60861662509265,2,optimal,0,Optimization terminated successfully. (HiGHS Status 7: Optimal),highs-ds,hourly,cyclic,True,0.6,1.5,0.6,24.0,0.4444444444444445,0.0,0.587,2,16143.847962599424,90.92410447844406,16.46613881778387,339.60538453577453,6.849631972727366e-12,1.9610979506978765e-12,3.9356962133751944e-10,3.9472070056945086e-10,0.0,3.552713678800501e-15,0.0,210.6564366969021,253.9966190376764,True,921.4525092807892,939.8481060378922,339.60538453577453,19.38386898035243,16.46613881778387,8760.0,112671.09985617164,421.3128733938042,210.6564366969021
france_grandpuits_bailly_carrois,2017,rigid,high_investment_small_cavern,2.0,23.60861662509265,0,infeasible,2,The problem is infeasible. (HiGHS Status 8: model_status is Infeasible; primal_status is None),highs-ds,hourly,cyclic,False,1.0,1.5,0.6,0.0,0.4444444444444445,0.0,0.587,0,,,,,,,,,,,,,,False,,,,,,,,,
france_grandpuits_bailly_carrois,2017,rigid,high_investment_small_cavern,2.0,23.60861662509265,1,infeasible,2,The problem is infeasible. (HiGHS Status 8: model_status is Infeasible; primal_status is None),highs-ds,hourly,cyclic,False,1.0,1.5,0.6,0.0,0.4444444444444445,0.0,0.587,1,,,,,,,,,,,,,,False,,,,,,,,,
france_grandpuits_bailly_carrois,2017,rigid,high_investment_small_cavern,2.0,23.60861662509265,2,optimal,0,Optimization terminated successfully. (HiGHS Status 7: Optimal),highs-ds,hourly,cyclic,False,1.0,1.5,0.6,0.0,0.4444444444444445,0.0,0.587,2,19110.22221338624,107.63108307026168,-0.0,440.47809880718137,7.30437932361383e-12,1.8189894035458565e-12,0.0,0.0,0.0,3.552713678800501e-15,0.0,210.6564366969021,388.2094415376234,True,1090.766108069991,-0.0,440.47809880718137,25.141443995843684,0.0,8760.0,112671.09985617164,421.3128733938042,210.6564366969021
france_grandpuits_bailly_carrois,2018,flex_ml0p4_b24,high_investment_small_cavern,2.0,23.60861662509265,0,infeasible,2,The problem is infeasible. (HiGHS Status 8: model_status is Infeasible; primal_status is None),highs-ds,hourly,cyclic,True,0.4,1.5,0.6,24.0,0.4444444444444445,0.0,0.587,0,,,,,,,,,,,,,,False,,,,,,,,,
france_grandpuits_bailly_carrois,2018,flex_ml0p4_b24,high_investment_small_cavern,2.0,23.60861662509265,1,optimal,0,Optimization terminated successfully. (HiGHS Status 7: Optimal),highs-ds,hourly,cyclic,True,0.4,1.5,0.6,24.0,0.4444444444444445,0.0,0.587,1,15167.399848870256,85.42463059116676,23.999999999886057,185.67706099097816,5.7696070143720135e-11,2.461320036672987e-11,2.27311724998458e-10,2.2919266484677792e-10,0.0,3.552713678800501e-15,8.852936161929391e-10,105.32821834845106,210.6564366969021,True,865.7191694560648,1369.8630136921263,185.67706099097816,10.598005764325238,23.999999999886057,8760.0,56335.54992808582,210.6564366969021,105.32821834845106
france_grandpuits_bailly_carrois,2018,flex_ml0p6_b24,high_investment_small_cavern,2.0,23.60861662509265,0,infeasible,2,The problem is infeasible. (HiGHS Status 8: model_status is Infeasible; primal_status is None),highs-ds,hourly,cyclic,True,0.6,1.5,0.6,24.0,0.4444444444444445,0.0,0.587,0,,,,,,,,,,,,,,False,,,,,,,,,
france_grandpuits_bailly_carrois,2018,flex_ml0p6_b24,high_investment_small_cavern,2.0,23.60861662509265,1,optimal,0,Optimization terminated successfully. (HiGHS Status 7: Optimal),highs-ds,hourly,cyclic,True,0.6,1.5,0.6,24.0,0.4444444444444445,0.0,0.587,1,30220.589423277568,170.20601510173128,3.454290213427438,898.2725635403237,4.121147867408581e-12,1.7884360659081722e-11,2.9074409546581137e-10,2.9103830456733704e-10,0.0,3.552713678800501e-15,0.0,105.32821834845106,210.6564366969021,True,1724.9194876299982,197.1626834148081,898.2725635403237,51.271265042255926,3.454290213427438,8760.0,56335.54992808582,210.6564366969021,105.32821834845106
france_grandpuits_bailly_carrois,2018,rigid,high_investment_small_cavern,2.0,23.60861662509265,0,infeasible,2,The problem is infeasible. (HiGHS Status 8: model_status is Infeasible; primal_status is None),highs-ds,hourly,cyclic,False,1.0,1.5,0.6,0.0,0.4444444444444445,0.0,0.587,0,,,,,,,,,,,,,,False,,,,,,,,,
france_grandpuits_bailly_carrois,2018,rigid,high_investment_small_cavern,2.0,23.60861662509265,1,infeasible,2,The problem is infeasible. (HiGHS Status 8: model_status is Infeasible; primal_status is None),highs-ds,hourly,cyclic,False,1.0,1.5,0.6,0.0,0.4444444444444445,0.0,0.587,1,,,,,,,,,,,,,,False,,,,,,,,,
france_grandpuits_bailly_carrois,2018,rigid,high_investment_small_cavern,2.0,23.60861662509265,2,optimal,0,Optimization terminated successfully. (HiGHS Status 7: Optimal),highs-ds,hourly,cyclic,False,1.0,1.5,0.6,0.0,0.4444444444444445,0.0,0.587,2,19263.15480580387,108.49241792942004,-0.0,295.07126296826806,7.077005648170598e-12,1.8189894035458565e-12,0.0,0.0,0.0,1.7763568394002505e-15,2.3092638912203256e-14,210.6564366969021,388.2094415376234,True,1099.4951373175725,-0.0,295.07126296826806,16.84196706439886,0.0,8760.0,112671.09985617164,421.3128733938042,210.6564366969021
france_grandpuits_bailly_carrois,2019,flex_ml0p4_b24,high_investment_small_cavern,2.0,23.60861662509265,0,infeasible,2,The problem is infeasible. (HiGHS Status 8: model_status is Infeasible; primal_status is None),highs-ds,hourly,cyclic,True,0.4,1.5,0.6,24.0,0.4444444444444445,0.0,0.587,0,,,,,,,,,,,,,,False,,,,,,,,,
france_grandpuits_bailly_carrois,2019,flex_ml0p4_b24,high_investment_small_cavern,2.0,23.60861662509265,1,optimal,0,Optimization terminated successfully. (HiGHS Status 7: Optimal),highs-ds,hourly,cyclic,True,0.4,1.5,0.6,24.0,0.4444444444444445,0.0,0.587,1,13537.119257307351,76.24269310142732,23.999999999844924,346.0045433782395,7.787548383930698e-12,1.5845103007450234e-12,1.2337997290501335e-10,1.2369127944111824e-10,0.0,3.552713678800501e-15,1.4079883925433023e-09,105.32821834845106,210.6564366969021,True,772.6666242755338,1369.8630136897789,346.0045433782395,19.74911777273056,23.999999999844924,8760.0,56335.54992808582,210.6564366969021,105.32821834845106
france_grandpuits_bailly_carrois,2019,flex_ml0p6_b24,high_investment_small_cavern,2.0,23.60861662509265,0,infeasible,2,The problem is infeasible. (HiGHS Status 8: model_status is Infeasible; primal_status is None),highs-ds,hourly,cyclic,True,0.6,1.5,0.6,24.0,0.4444444444444445,0.0,0.587,0,,,,,,,,,,,,,,False,,,,,,,,,
france_grandpuits_bailly_carrois,2019,flex_ml0p6_b24,high_investment_small_cavern,2.0,23.60861662509265,1,optimal,0,Optimization terminated successfully. (HiGHS Status 7: Optimal),highs-ds,hourly,cyclic,True,0.6,1.5,0.6,24.0,0.4444444444444445,0.0,0.587,1,19750.34205380165,111.23631544010892,11.430679887017062,406.7357704395336,4.206412995699793e-12,8.611777957412414e-12,2.0893997643156578e-10,2.0918378140777347e-10,0.0,3.552713678800501e-15,0.0,105.32821834845106,159.79770435664912,True,1127.302628641647,652.4360666105629,406.7357704395336,23.215512011388903,11.430679887017062,8760.0,56335.54992808582,210.6564366969021,105.32821834845106
france_grandpuits_bailly_carrois,2019,rigid,high_investment_small_cavern,2.0,23.60861662509265,0,infeasible,2,The problem is infeasible. (HiGHS Status 8: model_status is Infeasible; primal_status is None),highs-ds,hourly,cyclic,False,1.0,1.5,0.6,0.0,0.4444444444444445,0.0,0.587,0,,,,,,,,,,,,,,False,,,,,,,,,
france_grandpuits_bailly_carrois,2019,rigid,high_investment_small_cavern,2.0,23.60861662509265,1,optimal,0,Optimization terminated successfully. (HiGHS Status 7: Optimal),highs-ds,hourly,cyclic,False,1.0,1.5,0.6,0.0,0.4444444444444445,0.0,0.587,1,32840.88692300715,184.9638475702957,-0.0,1319.0547345286377,5.1159076974727205e-12,3.531397396727698e-12,0.0,0.0,0.0,8.881784197001252e-16,1.1723955140041653e-13,105.32821834845106,177.55300484072126,True,1874.4798472036043,-0.0,1319.0547345286377,75.28851224478527,0.0,8760.0,56335.54992808582,210.6564366969021,105.32821834845106
france_grandpuits_bailly_carrois,2020,flex_ml0p4_b24,high_investment_small_cavern,2.0,23.60861662509265,0,infeasible,2,The problem is infeasible. (HiGHS Status 8: model_status is Infeasible; primal_status is None),highs-ds,hourly,cyclic,True,0.4,1.5,0.6,24.0,0.4444444444444445,0.0,0.587,0,,,,,,,,,,,,,,False,,,,,,,,,
france_grandpuits_bailly_carrois,2020,flex_ml0p4_b24,high_investment_small_cavern,2.0,23.60861662509265,1,optimal,0,Optimization terminated successfully. (HiGHS Status 7: Optimal),highs-ds,hourly,cyclic,True,0.4,1.5,0.6,24.0,0.4444444444444445,0.0,0.587,1,9313.601510424343,52.45533027604552,24.000000000000007,172.66187748336824,7.560174708487466e-12,2.9132252166164108e-12,4.565370304021599e-11,4.5474735088646405e-11,0.0,3.552713678800501e-15,0.0,105.32821834845106,210.6564366969021,True,531.5982597274169,1369.8630136986303,172.66187748336824,9.855129993342937,24.000000000000007,8784.0,56335.54992808582,210.6564366969021,105.32821834845106
france_grandpuits_bailly_carrois,2020,flex_ml0p6_b24,high_investment_small_cavern,2.0,23.60861662509265,0,infeasible,2,The problem is infeasible. (HiGHS Status 8: model_status is Infeasible; primal_status is None),highs-ds,hourly,cyclic,True,0.6,1.5,0.6,24.0,0.4444444444444445,0.0,0.587,0,,,,,,,,,,,,,,False,,,,,,,,,
france_grandpuits_bailly_carrois,2020,flex_ml0p6_b24,high_investment_small_cavern,2.0,23.60861662509265,1,optimal,0,Optimization terminated successfully. (HiGHS Status 7: Optimal),highs-ds,hourly,cyclic,True,0.6,1.5,0.6,24.0,0.4444444444444445,0.0,0.587,1,14143.239393312528,79.65643502344612,6.570956844493149,544.0415262973104,4.490630090003833e-12,9.094947017729282e-13,4.9510173738553924e-11,5.0931703299283975e-11,0.0,2.220446049250313e-15,1.4388490399142031e-13,105.32821834845106,159.79770435664912,True,807.2625224493452,375.0546144117094,544.0415262973104,31.052598532951507,6.570956844493149,8784.0,56335.54992808582,210.6564366969021,105.32821834845106
france_grandpuits_bailly_carrois,2020,rigid,high_investment_small_cavern,2.0,23.60861662509265,0,infeasible,2,The problem is infeasible. (HiGHS Status 8: model_status is Infeasible; primal_status is None),highs-ds,hourly,cyclic,False,1.0,1.5,0.6,0.0,0.4444444444444445,0.0,0.587,0,,,,,,,,,,,,,,False,,,,,,,,,
france_grandpuits_bailly_carrois,2020,rigid,high_investment_small_cavern,2.0,23.60861662509265,1,optimal,0,Optimization terminated successfully. (HiGHS Status 7: Optimal),highs-ds,hourly,cyclic,False,1.0,1.5,0.6,0.0,0.4444444444444445,0.0,0.587,1,28575.10365292351,160.93844020582802,-0.0,592.3279018623975,5.2011728257639326e-12,1.8189894035458565e-12,0.0,0.0,0.0,8.881784197001252e-16,3.7303493627405266e-14,105.32821834845106,177.55300484072126,True,1630.9990669476888,-0.0,592.3279018623975,33.80867019762543,0.0,8784.0,56335.54992808582,210.6564366969021,105.32821834845106
france_grandpuits_bailly_carrois,2021,flex_ml0p4_b24,high_investment_small_cavern,2.0,23.60861662509265,0,infeasible,2,The problem is infeasible. (HiGHS Status 8: model_status is Infeasible; primal_status is None),highs-ds,hourly,cyclic,True,0.4,1.5,0.6,24.0,0.4444444444444445,0.0,0.587,0,,,,,,,,,,,,,,False,,,,,,,,,
france_grandpuits_bailly_carrois,2021,flex_ml0p4_b24,high_investment_small_cavern,2.0,23.60861662509265,1,optimal,0,Optimization terminated successfully. (HiGHS Status 7: Optimal),highs-ds,hourly,cyclic,True,0.4,1.5,0.6,24.0,0.4444444444444445,0.0,0.587,1,31019.25862567602,174.70421665633137,24.00000000000006,270.2578911825055,1.5035084288683717e-10,4.261835329089081e-11,1.4499701439518728e-10,1.4551915228366852e-10,0.0,3.552713678800501e-15,0.0,105.32821834845106,210.6564366969021,True,1770.5056293194075,1369.8630136986335,270.2578911825055,15.425678720462642,24.00000000000006,8760.0,56335.54992808582,210.6564366969021,105.32821834845106
france_grandpuits_bailly_carrois,2021,flex_ml0p6_b24,high_investment_small_cavern,2.0,23.60861662509265,0,infeasible,2,The problem is infeasible. (HiGHS Status 8: model_status is Infeasible; primal_status is None),highs-ds,hourly,cyclic,True,0.6,1.5,0.6,24.0,0.4444444444444445,0.0,0.587,0,,,,,,,,,,,,,,False,,,,,,,,,
france_grandpuits_bailly_carrois,2021,flex_ml0p6_b24,high_investment_small_cavern,2.0,23.60861662509265,1,optimal,0,Optimization terminated successfully. (HiGHS Status 7: Optimal),highs-ds,hourly,cyclic,True,0.6,1.5,0.6,24.0,0.4444444444444445,0.0,0.587,1,37741.15203350326,212.5627334066241,24.00000000000006,1061.6042493294765,4.519051799434237e-12,3.637978807091713e-12,3.087499145237871e-10,3.0922819860279555e-10,0.0,3.552713678800501e-15,0.0,105.32821834845106,159.79770435664912,True,2154.1753443780403,1369.8630136986335,1061.6042493294765,60.593849847572855,24.00000000000006,8760.0,56335.54992808582,210.6564366969021,105.32821834845106
france_grandpuits_bailly_carrois,2021,rigid,high_investment_small_cavern,2.0,23.60861662509265,0,infeasible,2,The problem is infeasible. (HiGHS Status 8: model_status is Infeasible; primal_status is None),highs-ds,hourly,cyclic,False,1.0,1.5,0.6,0.0,0.4444444444444445,0.0,0.587,0,,,,,,,,,,,,,,False,,,,,,,,,
france_grandpuits_bailly_carrois,2021,rigid,high_investment_small_cavern,2.0,23.60861662509265,1,infeasible,2,The problem is infeasible. (HiGHS Status 8: model_status is Infeasible; primal_status is None),highs-ds,hourly,cyclic,False,1.0,1.5,0.6,0.0,0.4444444444444445,0.0,0.587,1,,,,,,,,,,,,,,False,,,,,,,,,
france_grandpuits_bailly_carrois,2021,rigid,high_investment_small_cavern,2.0,23.60861662509265,2,optimal,0,Optimization terminated successfully. (HiGHS Status 7: Optimal),highs-ds,hourly,cyclic,False,1.0,1.5,0.6,0.0,0.4444444444444445,0.0,0.587,2,34970.22520614801,196.95653834481143,-0.0,372.91600568755575,7.048583938740194e-12,3.609557097661309e-12,0.0,0.0,0.0,1.7763568394002505e-15,6.572520305780928e-14,210.6564366969021,388.2094415376234,True,1996.017420442238,-0.0,372.91600568755575,21.285160141983773,0.0,8760.0,112671.09985617164,421.3128733938042,210.6564366969021
france_grandpuits_bailly_carrois,2022,flex_ml0p4_b24,high_investment_small_cavern,2.0,23.60861662509265,0,infeasible,2,The problem is infeasible. (HiGHS Status 8: model_status is Infeasible; primal_status is None),highs-ds,hourly,cyclic,True,0.4,1.5,0.6,24.0,0.4444444444444445,0.0,0.587,0,,,,,,,,,,,,,,False,,,,,,,,,
france_grandpuits_bailly_carrois,2022,flex_ml0p4_b24,high_investment_small_cavern,2.0,23.60861662509265,1,optimal,0,Optimization terminated successfully. (HiGHS Status 7: Optimal),highs-ds,hourly,cyclic,True,0.4,1.5,0.6,24.0,0.4444444444444445,0.0,0.587,1,32818.47447442013,184.83761794885328,23.99999999999996,434.4374826819756,8.640199666842818e-12,9.535483513900544e-12,9.9262820185686e-11,1.0004441719502209e-10,0.0,3.552713678800501e-15,0.0,105.32821834845106,210.6564366969021,True,1873.2005978550303,1369.8630136986278,434.4374826819756,24.7966599704324,23.99999999999996,8760.0,56335.54992808582,210.6564366969021,105.32821834845106
france_grandpuits_bailly_carrois,2022,flex_ml0p6_b24,high_investment_small_cavern,2.0,23.60861662509265,0,infeasible,2,The problem is infeasible. (HiGHS Status 8: model_status is Infeasible; primal_status is None),highs-ds,hourly,cyclic,True,0.6,1.5,0.6,24.0,0.4444444444444445,0.0,0.587,0,,,,,,,,,,,,,,False,,,,,,,,,
france_grandpuits_bailly_carrois,2022,flex_ml0p6_b24,high_investment_small_cavern,2.0,23.60861662509265,1,optimal,0,Optimization terminated successfully. (HiGHS Status 7: Optimal),highs-ds,hourly,cyclic,True,0.6,1.5,0.6,24.0,0.4444444444444445,0.0,0.587,1,33169.35738249974,186.81383292980712,24.00000000000006,530.5373591203173,3.836930773104541e-12,9.096723374568684e-12,2.992353032027495e-10,3.0013325158506627e-10,0.0,3.552713678800501e-15,0.0,105.32821834845106,159.79770435664912,True,1893.228161101583,1369.8630136986335,530.5373591203173,30.28181273517793,24.00000000000006,8760.0,56335.54992808582,210.6564366969021,105.32821834845106
france_grandpuits_bailly_carrois,2022,rigid,high_investment_small_cavern,2.0,23.60861662509265,0,infeasible,2,The problem is infeasible. (HiGHS Status 8: model_status is Infeasible; primal_status is None),highs-ds,hourly,cyclic,False,1.0,1.5,0.6,0.0,0.4444444444444445,0.0,0.587,0,,,,,,,,,,,,,,False,,,,,,,,,
france_grandpuits_bailly_carrois,2022,rigid,high_investment_small_cavern,2.0,23.60861662509265,1,infeasible,2,The problem is infeasible. (HiGHS Status 8: model_status is Infeasible; primal_status is None),highs-ds,hourly,cyclic,False,1.0,1.5,0.6,0.0,0.4444444444444445,0.0,0.587,1,,,,,,,,,,,,,,False,,,,,,,,,
france_grandpuits_bailly_carrois,2022,rigid,high_investment_small_cavern,2.0,23.60861662509265,2,optimal,0,Optimization terminated successfully. (HiGHS Status 7: Optimal),highs-ds,hourly,cyclic,False,1.0,1.5,0.6,0.0,0.4444444444444445,0.0,0.587,2,36456.482636894674,205.32731997185263,-0.0,561.5630353948243,6.906475391588174e-12,3.581135388230905e-12,0.0,0.0,0.0,3.552713678800501e-15,0.0,210.6564366969021,388.2094415376234,True,2080.84946557618,-0.0,561.5630353948243,32.05268466865435,0.0,8760.0,112671.09985617164,421.3128733938042,210.6564366969021
france_grandpuits_bailly_carrois,2023,flex_ml0p4_b24,high_investment_small_cavern,2.0,23.60861662509265,0,infeasible,2,The problem is infeasible. (HiGHS Status 8: model_status is Infeasible; primal_status is None),highs-ds,hourly,cyclic,True,0.4,1.5,0.6,24.0,0.4444444444444445,0.0,0.587,0,,,,,,,,,,,,,,False,,,,,,,,,
france_grandpuits_bailly_carrois,2023,flex_ml0p4_b24,high_investment_small_cavern,2.0,23.60861662509265,1,optimal,0,Optimization terminated successfully. (HiGHS Status 7: Optimal),highs-ds,hourly,cyclic,True,0.4,1.5,0.6,24.0,0.4444444444444445,0.0,0.587,1,8638.717294055696,48.65430073574532,24.00000000000002,378.8394108541772,5.7411853049416095e-12,1.5489831639570184e-12,8.222533764978834e-12,9.094947017729282e-12,0.0,3.552713678800501e-15,0.0,105.32821834845106,210.6564366969021,True,493.0774711219004,1369.8630136986314,378.8394108541772,21.6232540441882,24.00000000000002,8760.0,56335.54992808582,210.6564366969021,105.32821834845106
france_grandpuits_bailly_carrois,2023,flex_ml0p6_b24,high_investment_small_cavern,2.0,23.60861662509265,0,infeasible,2,The problem is infeasible. (HiGHS Status 8: model_status is Infeasible; primal_status is None),highs-ds,hourly,cyclic,True,0.6,1.5,0.6,24.0,0.4444444444444445,0.0,0.587,0,,,,,,,,,,,,,,False,,,,,,,,,
france_grandpuits_bailly_carrois,2023,flex_ml0p6_b24,high_investment_small_cavern,2.0,23.60861662509265,1,optimal,0,Optimization terminated successfully. (HiGHS Status 7: Optimal),highs-ds,hourly,cyclic,True,0.6,1.5,0.6,24.0,0.4444444444444445,0.0,0.587,1,25865.956848751805,145.68019770747085,3.176117797326296,497.3809704053813,7.617018127348274e-12,1.8189894035458565e-12,5.480638165522578e-11,5.4569682106375694e-11,0.0,3.552713678800501e-15,3.3750779948604765e-14,105.32821834845106,210.6564366969021,True,1476.3674000429112,181.2852624044689,497.3809704053813,28.389324794827697,3.176117797326297,8760.0,56335.54992808582,210.6564366969021,105.32821834845106
france_grandpuits_bailly_carrois,2023,rigid,high_investment_small_cavern,2.0,23.60861662509265,0,infeasible,2,The problem is infeasible. (HiGHS Status 8: model_status is Infeasible; primal_status is None),highs-ds,hourly,cyclic,False,1.0,1.5,0.6,0.0,0.4444444444444445,0.0,0.587,0,,,,,,,,,,,,,,False,,,,,,,,,
france_grandpuits_bailly_carrois,2023,rigid,high_investment_small_cavern,2.0,23.60861662509265,1,optimal,0,Optimization terminated successfully. (HiGHS Status 7: Optimal),highs-ds,hourly,cyclic,False,1.0,1.5,0.6,0.0,0.4444444444444445,0.0,0.587,1,44116.08493453331,248.46712661443743,-0.0,898.1533623968176,5.002220859751105e-12,3.637978807091713e-12,0.0,0.0,0.0,8.881784197001252e-16,9.237055564881302e-14,105.32821834845106,177.55300484072126,True,2518.041377541856,-0.0,898.1533623968176,51.26446132401927,0.0,8760.0,56335.54992808582,210.6564366969021,105.32821834845106
france_le_havre,2015,flex_ml0p4_b24,high_investment_small_cavern,2.0,21.511358797449617,0,infeasible,2,The problem is infeasible. (HiGHS Status 8: model_status is Infeasible; primal_status is None),highs-ds,hourly,cyclic,True,0.4,1.5,0.6,24.0,0.4444444444444445,0.0,0.587,0,,,,,,,,,,,,,,False,,,,,,,,,
france_le_havre,2015,flex_ml0p4_b24,high_investment_small_cavern,2.0,21.511358797449617,1,optimal,0,Optimization terminated successfully. (HiGHS Status 7: Optimal),highs-ds,hourly,cyclic,True,0.4,1.5,0.6,24.0,0.4444444444444445,0.0,0.587,1,5576.813897064137,31.40929043733712,24.000000000000004,163.61916357581808,7.16227077646181e-12,2.2595258997171186e-12,1.0547551720918591e-10,1.0550138540565968e-10,0.0,3.552713678800501e-15,0.0,115.5972316861475,231.194463372295,True,318.3112954945284,1369.8630136986303,163.61916357581808,9.338993354784137,24.000000000000004,8760.0,61828.00506184803,231.194463372295,115.5972316861475
france_le_havre,2015,flex_ml0p6_b24,high_investment_small_cavern,2.0,21.511358797449617,0,infeasible,2,The problem is infeasible. (HiGHS Status 8: model_status is Infeasible; primal_status is None),highs-ds,hourly,cyclic,True,0.6,1.5,0.6,24.0,0.4444444444444445,0.0,0.587,0,,,,,,,,,,,,,,False,,,,,,,,,
france_le_havre,2015,flex_ml0p6_b24,high_investment_small_cavern,2.0,21.511358797449617,1,optimal,0,Optimization terminated successfully. (HiGHS Status 7: Optimal),highs-ds,hourly,cyclic,True,0.6,1.5,0.6,24.0,0.4444444444444445,0.0,0.587,1,10632.8297612531,59.88538335800945,3.739627511948641,427.0059442543073,3.836930773104541e-12,9.094947017729282e-13,1.3196821413430368e-10,1.3278622645884752e-10,0.0,8.881784197001252e-16,7.105427357601002e-15,115.5972316861475,214.06213641396795,True,606.8966758706108,213.4490589011781,427.0059442543073,24.37248540264311,3.739627511948641,8760.0,61828.00506184803,231.194463372295,115.5972316861475
france_le_havre,2015,rigid,high_investment_small_cavern,2.0,21.511358797449617,0,infeasible,2,The problem is infeasible. (HiGHS Status 8: model_status is Infeasible; primal_status is None),highs-ds,hourly,cyclic,False,1.0,1.5,0.6,0.0,0.4444444444444445,0.0,0.587,0,,,,,,,,,,,,,,False,,,,,,,,,
france_le_havre,2015,rigid,high_investment_small_cavern,2.0,21.511358797449617,1,optimal,0,Optimization terminated successfully. (HiGHS Status 7: Optimal),highs-ds,hourly,cyclic,False,1.0,1.5,0.6,0.0,0.4444444444444445,0.0,0.587,1,22840.47612237629,128.64032429564324,-0.0,1026.554462815878,5.059064278611913e-12,1.8189894035458565e-12,0.0,0.0,0.0,8.881784197001252e-16,0.0,115.5972316861475,177.55300484072126,True,1303.68014397125,-0.0,1026.554462815878,58.59329125661404,0.0,8760.0,61828.00506184803,231.194463372295,115.5972316861475
france_le_havre,2016,flex_ml0p4_b24,high_investment_small_cavern,2.0,21.511358797449617,0,infeasible,2,The problem is infeasible. (HiGHS Status 8: model_status is Infeasible; primal_status is None),highs-ds,hourly,cyclic,True,0.4,1.5,0.6,24.0,0.4444444444444445,0.0,0.587,0,,,,,,,,,,,,,,False,,,,,,,,,
france_le_havre,2016,flex_ml0p4_b24,high_investment_small_cavern,2.0,21.511358797449617,1,optimal,0,Optimization terminated successfully. (HiGHS Status 7: Optimal),highs-ds,hourly,cyclic,True,0.4,1.5,0.6,24.0,0.4444444444444445,0.0,0.587,1,16430.7549628503,92.53999940800752,24.00000000000072,402.4396952522708,3.4759750633384095e-11,1.7195134205394424e-12,2.2335155946962002e-10,2.2373569663614035e-10,0.0,3.552713678800501e-15,0.0,115.5972316861475,231.194463372295,True,937.8284796147432,1369.8630136986712,402.4396952522708,22.970302240426417,24.00000000000072,8784.0,61828.00506184803,231.194463372295,115.5972316861475
france_le_havre,2016,flex_ml0p6_b24,high_investment_small_cavern,2.0,21.511358797449617,0,infeasible,2,The problem is infeasible. (HiGHS Status 8: model_status is Infeasible; primal_status is None),highs-ds,hourly,cyclic,True,0.6,1.5,0.6,24.0,0.4444444444444445,0.0,0.587,0,,,,,,,,,,,,,,False,,,,,,,,,
france_le_havre,2016,flex_ml0p6_b24,high_investment_small_cavern,2.0,21.511358797449617,1,optimal,0,Optimization terminated successfully. (HiGHS Status 7: Optimal),highs-ds,hourly,cyclic,True,0.6,1.5,0.6,24.0,0.4444444444444445,0.0,0.587,1,32186.331484205595,181.2773121642138,9.400554979340534,667.8111307516224,4.689582056016661e-12,1.8189894035458565e-12,3.553555227853167e-10,3.5652192309498787e-10,0.0,3.552713678800501e-15,0.0,115.5972316861475,170.76814838340528,True,1837.119376952374,536.5613572682953,667.8111307516224,38.11707367303781,9.400554979340534,8784.0,61828.00506184803,231.194463372295,115.5972316861475
france_le_havre,2016,rigid,high_investment_small_cavern,2.0,21.511358797449617,0,infeasible,2,The problem is infeasible. (HiGHS Status 8: model_status is Infeasible; primal_status is None),highs-ds,hourly,cyclic,False,1.0,1.5,0.6,0.0,0.4444444444444445,0.0,0.587,0,,,,,,,,,,,,,,False,,,,,,,,,
france_le_havre,2016,rigid,high_investment_small_cavern,2.0,21.511358797449617,1,infeasible,2,The problem is infeasible. (HiGHS Status 8: model_status is Infeasible; primal_status is None),highs-ds,hourly,cyclic,False,1.0,1.5,0.6,0.0,0.4444444444444445,0.0,0.587,1,,,,,,,,,,,,,,False,,,,,,,,,
france_le_havre,2016,rigid,high_investment_small_cavern,2.0,21.511358797449617,2,optimal,0,Optimization terminated successfully. (HiGHS Status 7: Optimal),highs-ds,hourly,cyclic,False,1.0,1.5,0.6,0.0,0.4444444444444445,0.0,0.587,2,18895.454159889818,106.42148341471606,-0.0,430.0939273129448,7.759126674500294e-12,1.8189894035458565e-12,0.0,0.0,0.0,3.552713678800501e-15,0.0,231.194463372295,408.74746821301625,True,1078.5076575279577,-0.0,430.0939273129448,24.54874014343292,0.0,8784.0,123656.01012369606,462.38892674459,231.194463372295
france_le_havre,2017,flex_ml0p4_b24,high_investment_small_cavern,2.0,21.511358797449617,0,infeasible,2,The problem is infeasible. (HiGHS Status 8: model_status is Infeasible; primal_status is None),highs-ds,hourly,cyclic,True,0.4,1.5,0.6,24.0,0.4444444444444445,0.0,0.587,0,,,,,,,,,,,,,,False,,,,,,,,,
france_le_havre,2017,flex_ml0p4_b24,high_investment_small_cavern,2.0,21.511358797449617,1,optimal,0,Optimization terminated successfully. (HiGHS Status 7: Optimal),highs-ds,hourly,cyclic,True,0.4,1.5,0.6,24.0,0.4444444444444445,0.0,0.587,1,10823.166188028876,60.95738113662504,24.00000000000004,178.44025219085358,5.059064278611913e-12,1.0388134796812663e-11,2.1262991367620998e-10,2.1282176021486518e-10,0.0,3.552713678800501e-15,0.0,115.5972316861475,231.194463372295,True,617.7606271705979,1369.8630136986324,178.44025219085358,10.18494590130443,24.000000000000053,8760.0,61828.00506184803,231.194463372295,115.5972316861475
france_le_havre,2017,flex_ml0p6_b24,high_investment_small_cavern,2.0,21.511358797449617,0,infeasible,2,The problem is infeasible. (HiGHS Status 8: model_status is Infeasible; primal_status is None),highs-ds,hourly,cyclic,True,0.6,1.5,0.6,24.0,0.4444444444444445,0.0,0.587,0,,,,,,,,,,,,,,False,,,,,,,,,
france_le_havre,2017,flex_ml0p6_b24,high_investment_small_cavern,2.0,21.511358797449617,1,optimal,0,Optimization terminated successfully. (HiGHS Status 7: Optimal),highs-ds,hourly,cyclic,True,0.6,1.5,0.6,24.0,0.4444444444444445,0.0,0.587,1,14639.087727552323,82.44911281949138,8.04484264504597,461.14786377241313,4.092726157978177e-12,5.719869022868807e-12,3.408633375556746e-10,3.41970007866621e-10,0.0,3.552713678800501e-15,0.0,115.597231686148,203.6983550467874,True,835.5643680109775,459.1805162697471,461.14786377241313,26.321225101165133,8.04484264504598,8760.0,61828.00506184803,231.194463372295,115.5972316861475
france_le_havre,2017,rigid,high_investment_small_cavern,2.0,21.511358797449617,0,infeasible,2,The problem is infeasible. (HiGHS Status 8: model_status is Infeasible; primal_status is None),highs-ds,hourly,cyclic,False,1.0,1.5,0.6,0.0,0.4444444444444445,0.0,0.587,0,,,,,,,,,,,,,,False,,,,,,,,,
france_le_havre,2017,rigid,high_investment_small_cavern,2.0,21.511358797449617,1,infeasible,2,The problem is infeasible. (HiGHS Status 8: model_status is Infeasible; primal_status is None),highs-ds,hourly,cyclic,False,1.0,1.5,0.6,0.0,0.4444444444444445,0.0,0.587,1,,,,,,,,,,,,,,False,,,,,,,,,
france_le_havre,2017,rigid,high_investment_small_cavern,2.0,21.511358797449617,2,optimal,0,Optimization terminated successfully. (HiGHS Status 7: Optimal),highs-ds,hourly,cyclic,False,1.0,1.5,0.6,0.0,0.4444444444444445,0.0,0.587,2,15084.438304206204,84.95738113662513,-0.0,301.1699894355328,7.645439836778678e-12,9.094947017729282e-13,0.0,0.0,0.0,3.552713678800501e-15,0.0,231.194463372295,408.74746821301625,True,860.9839214729568,-0.0,301.1699894355328,17.19006789015598,0.0,8760.0,123656.01012369606,462.38892674459,231.194463372295
france_le_havre,2018,flex_ml0p4_b24,high_investment_small_cavern,2.0,21.511358797449617,0,infeasible,2,The problem is infeasible. (HiGHS Status 8: model_status is Infeasible; primal_status is None),highs-ds,hourly,cyclic,True,0.4,1.5,0.6,24.0,0.4444444444444445,0.0,0.587,0,,,,,,,,,,,,,,False,,,,,,,,,
france_le_havre,2018,flex_ml0p4_b24,high_investment_small_cavern,2.0,21.511358797449617,1,optimal,0,Optimization terminated successfully. (HiGHS Status 7: Optimal),highs-ds,hourly,cyclic,True,0.4,1.5,0.6,24.0,0.4444444444444445,0.0,0.587,1,14739.924952554047,83.01704026792954,23.99999999985017,177.61587927372096,7.16227077646181e-12,8.625988812127616e-12,1.8819523717183984e-10,1.8917489796876907e-10,0.0,3.552713678800501e-15,1.485290113123483e-09,115.5972316861475,231.194463372295,True,841.3199173832219,1369.8630136900786,177.61587927372096,10.137892652609644,23.99999999985017,8760.0,61828.00506184803,231.194463372295,115.5972316861475
france_le_havre,2018,flex_ml0p6_b24,high_investment_small_cavern,2.0,21.511358797449617,0,infeasible,2,The problem is infeasible. (HiGHS Status 8: model_status is Infeasible; primal_status is None),highs-ds,hourly,cyclic,True,0.6,1.5,0.6,24.0,0.4444444444444445,0.0,0.587,0,,,,,,,,,,,,,,False,,,,,,,,,
france_le_havre,2018,flex_ml0p6_b24,high_investment_small_cavern,2.0,21.511358797449617,1,optimal,0,Optimization terminated successfully. (HiGHS Status 7: Optimal),highs-ds,hourly,cyclic,True,0.6,1.5,0.6,24.0,0.4444444444444445,0.0,0.587,1,22908.242409197304,129.0219922200008,5.473940668125687,616.9990695422746,4.320099833421409e-12,1.8189894035458565e-12,2.414748401236011e-10,2.40106601268053e-10,0.0,3.552713678800501e-15,0.0,115.5972316861475,231.194463372295,True,1307.5480827167412,312.4395358519228,616.9990695422746,35.21684186885129,5.473940668125687,8760.0,61828.00506184803,231.194463372295,115.5972316861475
france_le_havre,2018,rigid,high_investment_small_cavern,2.0,21.511358797449617,0,infeasible,2,The problem is infeasible. (HiGHS Status 8: model_status is Infeasible; primal_status is None),highs-ds,hourly,cyclic,False,1.0,1.5,0.6,0.0,0.4444444444444445,0.0,0.587,0,,,,,,,,,,,,,,False,,,,,,,,,
france_le_havre,2018,rigid,high_investment_small_cavern,2.0,21.511358797449617,1,optimal,0,Optimization terminated successfully. (HiGHS Status 7: Optimal),highs-ds,hourly,cyclic,False,1.0,1.5,0.6,0.0,0.4444444444444445,0.0,0.587,1,55799.92570374082,314.2719310990972,-0.0,1436.4515355139008,5.2864379540551446e-12,3.637978807091713e-12,0.0,0.0,0.0,8.881784197001252e-16,0.0,115.5972316861475,177.55300484072126,True,3184.9272661952523,-0.0,1436.4515355139008,81.98924289462904,0.0,8760.0,61828.00506184803,231.194463372295,115.5972316861475
france_le_havre,2019,flex_ml0p4_b24,high_investment_small_cavern,2.0,21.511358797449617,0,infeasible,2,The problem is infeasible. (HiGHS Status 8: model_status is Infeasible; primal_status is None),highs-ds,hourly,cyclic,True,0.4,1.5,0.6,24.0,0.4444444444444445,0.0,0.587,0,,,,,,,,,,,,,,False,,,,,,,,,
france_le_havre,2019,flex_ml0p4_b24,high_investment_small_cavern,2.0,21.511358797449617,1,optimal,0,Optimization terminated successfully. (HiGHS Status 7: Optimal),highs-ds,hourly,cyclic,True,0.4,1.5,0.6,24.0,0.4444444444444445,0.0,0.587,1,17313.82876179589,97.51357785990572,23.99999999983566,215.7398109104712,7.16227077646181e-12,1.2079226507921705e-12,1.224349510664524e-10,1.2369127944111824e-10,0.0,3.552713678800501e-15,1.8052759287456863e-09,115.5972316861475,231.194463372295,True,988.2322352623224,1369.86301368925,215.7398109104712,12.313916147857944,23.99999999983566,8760.0,61828.00506184803,231.194463372295,115.5972316861475
france_le_havre,2019,flex_ml0p6_b24,high_investment_small_cavern,2.0,21.511358797449617,0,infeasible,2,The problem is infeasible. (HiGHS Status 8: model_status is Infeasible; primal_status is None),highs-ds,hourly,cyclic,True,0.6,1.5,0.6,24.0,0.4444444444444445,0.0,0.587,0,,,,,,,,,,,,,,False,,,,,,,,,
france_le_havre,2019,flex_ml0p6_b24,high_investment_small_cavern,2.0,21.511358797449617,1,optimal,0,Optimization terminated successfully. (HiGHS Status 7: Optimal),highs-ds,hourly,cyclic,True,0.6,1.5,0.6,24.0,0.4444444444444445,0.0,0.587,1,19723.85322927764,111.08712717631256,12.349244161302812,320.0188278052039,4.604316927725449e-12,1.8189894035458565e-12,1.8062840112520464e-10,1.800799509510398e-10,0.0,3.552713678800501e-15,0.0,115.5972316861475,159.79770435664912,True,1125.7907094336554,704.8655343209367,320.0188278052039,18.26591482906415,12.349244161302812,8760.0,61828.00506184803,231.194463372295,115.5972316861475
france_le_havre,2019,rigid,high_investment_small_cavern,2.0,21.511358797449617,0,infeasible,2,The problem is infeasible. (HiGHS Status 8: model_status is Infeasible; primal_status is None),highs-ds,hourly,cyclic,False,1.0,1.5,0.6,0.0,0.4444444444444445,0.0,0.587,0,,,,,,,,,,,,,,False,,,,,,,,,
france_le_havre,2019,rigid,high_investment_small_cavern,2.0,21.511358797449617,1,optimal,0,Optimization terminated successfully. (HiGHS Status 7: Optimal),highs-ds,hourly,cyclic,False,1.0,1.5,0.6,0.0,0.4444444444444445,0.0,0.587,1,27683.483772863598,155.91672919136352,-0.0,1387.2722194348703,4.888534022029489e-12,1.8189894035458565e-12,0.0,0.0,0.0,8.881784197001252e-16,0.0,115.5972316861475,177.55300484072126,True,1580.1075212821686,-0.0,1387.2722194348703,79.18220430564328,0.0,8760.0,61828.00506184803,231.194463372295,115.5972316861475
france_le_havre,2020,flex_ml0p4_b24,high_investment_small_cavern,2.0,21.511358797449617,0,infeasible,2,The problem is infeasible. (HiGHS Status 8: model_status is Infeasible; primal_status is None),highs-ds,hourly,cyclic,True,0.4,1.5,0.6,24.0,0.4444444444444445,0.0,0.587,0,,,,,,,,,,,,,,False,,,,,,,,,
france_le_havre,2020,flex_ml0p4_b24,high_investment_small_cavern,2.0,21.511358797449617,1,optimal,0,Optimization terminated successfully. (HiGHS Status 7: Optimal),highs-ds,hourly,cyclic,True,0.4,1.5,0.6,24.0,0.4444444444444445,0.0,0.587,1,8008.409577118145,45.10433143219573,23.99999999980054,310.70086991277594,8.640199666842818e-12,5.115907697472721e-13,3.041611407184064e-11,3.092281986027956e-11,0.0,3.552713678800501e-15,2.0178028137252113e-09,115.5972316861475,231.194463372295,True,457.10100326016806,1369.8630136872457,310.70086991277594,17.73406791739589,23.99999999980054,8784.0,61828.00506184803,231.194463372295,115.5972316861475
france_le_havre,2020,flex_ml0p6_b24,high_investment_small_cavern,2.0,21.511358797449617,0,infeasible,2,The problem is infeasible. (HiGHS Status 8: model_status is Infeasible; primal_status is None),highs-ds,hourly,cyclic,True,0.6,1.5,0.6,24.0,0.4444444444444445,0.0,0.587,0,,,,,,,,,,,,,,False,,,,,,,,,
france_le_havre,2020,flex_ml0p6_b24,high_investment_small_cavern,2.0,21.511358797449617,1,optimal,0,Optimization terminated successfully. (HiGHS Status 7: Optimal),highs-ds,hourly,cyclic,True,0.6,1.5,0.6,24.0,0.4444444444444445,0.0,0.587,1,12941.610276615498,72.88871448965406,4.876230995914793,482.3526045827301,4.689582056016661e-12,9.094947017729282e-13,4.054889757298952e-11,4.18367562815547e-11,0.0,2.4424906541753444e-15,0.0,115.5972316861475,161.86902399931566,True,738.6763856515696,278.323686981438,482.3526045827301,27.53154135746177,4.876230995914793,8784.0,61828.00506184803,231.194463372295,115.5972316861475
france_le_havre,2020,rigid,high_investment_small_cavern,2.0,21.511358797449617,0,infeasible,2,The problem is infeasible. (HiGHS Status 8: model_status is Infeasible; primal_status is None),highs-ds,hourly,cyclic,False,1.0,1.5,0.6,0.0,0.4444444444444445,0.0,0.587,0,,,,,,,,,,,,,,False,,,,,,,,,
france_le_havre,2020,rigid,high_investment_small_cavern,2.0,21.511358797449617,1,optimal,0,Optimization terminated successfully. (HiGHS Status 7: Optimal),highs-ds,hourly,cyclic,False,1.0,1.5,0.6,0.0,0.4444444444444445,0.0,0.587,1,21695.394614742,122.19108673606756,-0.0,606.607129737436,5.2864379540551446e-12,1.8189894035458565e-12,0.0,0.0,0.0,8.881784197001252e-16,0.0,115.5972316861475,177.55300484072126,True,1238.3216104304793,-0.0,606.607129737436,34.623694619716666,0.0,8784.0,61828.00506184803,231.194463372295,115.5972316861475
france_le_havre,2021,flex_ml0p4_b24,high_investment_small_cavern,2.0,21.511358797449617,0,infeasible,2,The problem is infeasible. (HiGHS Status 8: model_status is Infeasible; primal_status is None),highs-ds,hourly,cyclic,True,0.4,1.5,0.6,24.0,0.4444444444444445,0.0,0.587,0,,,,,,,,,,,,,,False,,,,,,,,,
france_le_havre,2021,flex_ml0p4_b24,high_investment_small_cavern,2.0,21.511358797449617,1,optimal,0,Optimization terminated successfully. (HiGHS Status 7: Optimal),highs-ds,hourly,cyclic,True,0.4,1.5,0.6,24.0,0.4444444444444445,0.0,0.587,1,21991.52137749661,123.85890848327068,23.999999999946155,423.3819399491847,7.105427357601002e-12,1.8189894035458565e-12,2.0303292380674518e-10,2.0372681319713595e-10,0.0,3.552713678800501e-15,1.1969163438152464e-09,115.5972316861475,231.194463372295,True,1255.2238229164732,1369.863013695557,423.3819399491847,24.16563584184844,23.999999999946155,8760.0,61828.00506184803,231.194463372295,115.5972316861475
france_le_havre,2021,flex_ml0p6_b24,high_investment_small_cavern,2.0,21.511358797449617,0,infeasible,2,The problem is infeasible. (HiGHS Status 8: model_status is Infeasible; primal_status is None),highs-ds,hourly,cyclic,True,0.6,1.5,0.6,24.0,0.4444444444444445,0.0,0.587,0,,,,,,,,,,,,,,False,,,,,,,,,
france_le_havre,2021,flex_ml0p6_b24,high_investment_small_cavern,2.0,21.511358797449617,1,optimal,0,Optimization terminated successfully. (HiGHS Status 7: Optimal),highs-ds,hourly,cyclic,True,0.6,1.5,0.6,24.0,0.4444444444444445,0.0,0.587,1,25270.70306771223,142.3276564110081,18.52580865797972,775.2574270302016,4.604316927725449e-12,1.8189894035458565e-12,2.8688296183077e-10,2.8740032576024527e-10,0.0,3.552713678800501e-15,2.7355895326763857e-13,115.59723168614984,159.79770435664912,True,1442.3917276091456,1057.4091699760115,775.2574270302016,44.24985314099324,18.52580865797972,8760.0,61828.00506184803,231.194463372295,115.5972316861475
france_le_havre,2021,rigid,high_investment_small_cavern,2.0,21.511358797449617,0,infeasible,2,The problem is infeasible. (HiGHS Status 8: model_status is Infeasible; primal_status is None),highs-ds,hourly,cyclic,False,1.0,1.5,0.6,0.0,0.4444444444444445,0.0,0.587,0,,,,,,,,,,,,,,False,,,,,,,,,
france_le_havre,2021,rigid,high_investment_small_cavern,2.0,21.511358797449617,1,infeasible,2,The problem is infeasible. (HiGHS Status 8: model_status is Infeasible; primal_status is None),highs-ds,hourly,cyclic,False,1.0,1.5,0.6,0.0,0.4444444444444445,0.0,0.587,1,,,,,,,,,,,,,,False,,,,,,,,,
france_le_havre,2021,rigid,high_investment_small_cavern,2.0,21.511358797449617,2,optimal,0,Optimization terminated successfully. (HiGHS Status 7: Optimal),highs-ds,hourly,cyclic,False,1.0,1.5,0.6,0.0,0.4444444444444445,0.0,0.587,2,24520.63576565515,138.1031866379961,-0.0,601.0713327457747,7.389644451905042e-12,1.8189894035458565e-12,0.0,0.0,0.0,3.552713678800501e-15,7.815970093361102e-14,231.194463372295,408.74746821301625,True,1399.5796669894494,-0.0,601.0713327457747,34.3077244717908,0.0,8760.0,123656.01012369606,462.38892674459,231.194463372295
france_le_havre,2022,flex_ml0p4_b24,high_investment_small_cavern,2.0,21.511358797449617,0,infeasible,2,The problem is infeasible. (HiGHS Status 8: model_status is Infeasible; primal_status is None),highs-ds,hourly,cyclic,True,0.4,1.5,0.6,24.0,0.4444444444444445,0.0,0.587,0,,,,,,,,,,,,,,False,,,,,,,,,
france_le_havre,2022,flex_ml0p4_b24,high_investment_small_cavern,2.0,21.511358797449617,1,optimal,0,Optimization terminated successfully. (HiGHS Status 7: Optimal),highs-ds,hourly,cyclic,True,0.4,1.5,0.6,24.0,0.4444444444444445,0.0,0.587,1,31887.59912213337,179.59481536648173,24.000000000000192,269.701786068971,1.0601297617540696e-11,2.580691216280684e-11,1.8209966867743788e-10,1.8189894035458562e-10,0.0,3.552713678800501e-15,0.0,115.5972316861475,231.194463372295,True,1820.0684430441424,1369.863013698641,269.701786068971,15.393937561014326,24.000000000000192,8760.0,61828.00506184803,231.194463372295,115.5972316861475
france_le_havre,2022,flex_ml0p6_b24,high_investment_small_cavern,2.0,21.511358797449617,0,infeasible,2,The problem is infeasible. (HiGHS Status 8: model_status is Infeasible; primal_status is None),highs-ds,hourly,cyclic,True,0.6,1.5,0.6,24.0,0.4444444444444445,0.0,0.587,0,,,,,,,,,,,,,,False,,,,,,,,,
france_le_havre,2022,flex_ml0p6_b24,high_investment_small_cavern,2.0,21.511358797449617,1,optimal,0,Optimization terminated successfully. (HiGHS Status 7: Optimal),highs-ds,hourly,cyclic,True,0.6,1.5,0.6,24.0,0.4444444444444445,0.0,0.587,1,32787.756247384714,184.66460917852592,19.30185506573627,331.7806944106864,4.661160346586257e-12,1.8189894035458565e-12,2.9583491212292756e-10,2.9467628337442875e-10,0.0,3.552713678800501e-15,0.0,115.5972316861475,159.79770435664912,True,1871.4472743941049,1101.7040562634857,331.7806944106864,18.937254247185297,19.30185506573627,8760.0,61828.00506184803,231.194463372295,115.5972316861475
france_le_havre,2022,rigid,high_investment_small_cavern,2.0,21.511358797449617,0,infeasible,2,The problem is infeasible. (HiGHS Status 8: model_status is Infeasible; primal_status is None),highs-ds,hourly,cyclic,False,1.0,1.5,0.6,0.0,0.4444444444444445,0.0,0.587,0,,,,,,,,,,,,,,False,,,,,,,,,
france_le_havre,2022,rigid,high_investment_small_cavern,2.0,21.511358797449617,1,optimal,0,Optimization terminated successfully. (HiGHS Status 7: Optimal),highs-ds,hourly,cyclic,False,1.0,1.5,0.6,0.0,0.4444444444444445,0.0,0.587,1,44310.22760886328,249.56056163968037,-0.0,1471.789701516319,5.002220859751105e-12,3.637978807091713e-12,0.0,0.0,0.0,8.881784197001252e-16,0.0,115.5972316861475,177.55300484072126,True,2529.122580414571,-0.0,1471.789701516319,84.006261502073,0.0,8760.0,61828.00506184803,231.194463372295,115.5972316861475
france_le_havre,2023,flex_ml0p4_b24,high_investment_small_cavern,2.0,21.511358797449617,0,infeasible,2,The problem is infeasible. (HiGHS Status 8: model_status is Infeasible; primal_status is None),highs-ds,hourly,cyclic,True,0.4,1.5,0.6,24.0,0.4444444444444445,0.0,0.587,0,,,,,,,,,,,,,,False,,,,,,,,,
france_le_havre,2023,flex_ml0p4_b24,high_investment_small_cavern,2.0,21.511358797449617,1,optimal,0,Optimization terminated successfully. (HiGHS Status 7: Optimal),highs-ds,hourly,cyclic,True,0.4,1.5,0.6,24.0,0.4444444444444445,0.0,0.587,1,7903.455379740138,44.51321669734706,24.00000000000015,309.5341179122389,2.722799763432704e-11,5.002220859751105e-12,2.911848540065876e-11,2.9103830456733704e-11,0.0,3.552713678800501e-15,0.0,115.5972316861475,231.194463372295,True,451.1104668801448,1369.8630136986387,309.5341179122389,17.66747248357528,24.00000000000015,8760.0,61828.00506184803,231.194463372295,115.5972316861475
france_le_havre,2023,flex_ml0p6_b24,high_investment_small_cavern,2.0,21.511358797449617,0,infeasible,2,The problem is infeasible. (HiGHS Status 8: model_status is Infeasible; primal_status is None),highs-ds,hourly,cyclic,True,0.6,1.5,0.6,24.0,0.4444444444444445,0.0,0.587,0,,,,,,,,,,,,,,False,,,,,,,,,
france_le_havre,2023,flex_ml0p6_b24,high_investment_small_cavern,2.0,21.511358797449617,1,optimal,0,Optimization terminated successfully. (HiGHS Status 7: Optimal),highs-ds,hourly,cyclic,True,0.6,1.5,0.6,24.0,0.4444444444444445,0.0,0.587,1,17943.365575610573,101.0592053438192,3.6788313913616606,519.143698389714,5.5706550483591855e-12,1.7053025658242404e-12,4.3437697883064175e-11,4.365574568510056e-11,0.0,3.552713678800501e-15,1.0658141036401504e-14,115.5972316861475,218.35909476738107,True,1024.1647018042563,209.9789606941587,519.143698389714,29.631489634116097,3.6788313913616606,8760.0,61828.00506184803,231.194463372295,115.5972316861475
france_le_havre,2023,rigid,high_investment_small_cavern,2.0,21.511358797449617,0,infeasible,2,The problem is infeasible. (HiGHS Status 8: model_status is Infeasible; primal_status is None),highs-ds,hourly,cyclic,False,1.0,1.5,0.6,0.0,0.4444444444444445,0.0,0.587,0,,,,,,,,,,,,,,False,,,,,,,,,
france_le_havre,2023,rigid,high_investment_small_cavern,2.0,21.511358797449617,1,optimal,0,Optimization terminated successfully. (HiGHS Status 7: Optimal),highs-ds,hourly,cyclic,False,1.0,1.5,0.6,0.0,0.4444444444444445,0.0,0.587,1,31752.0482405344,178.83137640513849,-0.0,559.1392844374863,5.2295945351943366e-12,1.8189894035458565e-12,0.0,0.0,0.0,8.881784197001252e-16,0.0,115.5972316861475,177.55300484072126,True,1812.3315205784472,-0.0,559.1392844374863,31.914342719034604,0.0,8760.0,61828.00506184803,231.194463372295,115.5972316861475
france_ottmarsheim,2015,flex_ml0p4_b24,high_investment_small_cavern,2.0,13.981933163014432,0,infeasible,2,The problem is infeasible. (HiGHS Status 8: model_status is Infeasible; primal_status is None),highs-ds,hourly,cyclic,True,0.4,1.5,0.6,24.0,0.4444444444444445,0.0,0.587,0,,,,,,,,,,,,,,False,,,,,,,,,
france_ottmarsheim,2015,flex_ml0p4_b24,high_investment_small_cavern,2.0,13.981933163014432,1,optimal,0,Optimization terminated successfully. (HiGHS Status 7: Optimal),highs-ds,hourly,cyclic,True,0.4,1.5,0.6,24.0,0.4444444444444445,0.0,0.587,1,62367.564171883445,351.2616653704732,23.9999999999955,1316.8449473606486,8.753886504564434e-12,5.070432962384075e-11,3.99100752446202e-10,4.019966581836343e-10,0.0,3.552713678800501e-15,4.4766323981093587e-10,177.84761933853508,266.32950726108186,True,3559.7924755641234,1369.8630136983732,1316.8449473606486,75.16238284021966,23.9999999999955,8760.0,95123.06954335362,355.69523867707017,177.84761933853508
france_ottmarsheim,2015,flex_ml0p6_b24,high_investment_small_cavern,2.0,13.981933163014432,0,infeasible,2,The problem is infeasible. (HiGHS Status 8: model_status is Infeasible; primal_status is None),highs-ds,hourly,cyclic,True,0.6,1.5,0.6,24.0,0.4444444444444445,0.0,0.587,0,,,,,,,,,,,,,,False,,,,,,,,,
france_ottmarsheim,2015,flex_ml0p6_b24,high_investment_small_cavern,2.0,13.981933163014432,1,infeasible,2,The problem is infeasible. (HiGHS Status 8: model_status is Infeasible; primal_status is None),highs-ds,hourly,cyclic,True,0.6,1.5,0.6,24.0,0.4444444444444445,0.0,0.587,1,,,,,,,,,,,,,,False,,,,,,,,,
france_ottmarsheim,2015,flex_ml0p6_b24,high_investment_small_cavern,2.0,13.981933163014432,2,optimal,0,Optimization terminated successfully. (HiGHS Status 7: Optimal),highs-ds,hourly,cyclic,True,0.6,1.5,0.6,24.0,0.4444444444444445,0.0,0.587,2,45050.27060112672,253.72857328739823,23.99999999999985,1058.989194127821,4.0159875425160856e-11,1.2022383089060895e-11,4.5077985788566366e-10,4.5110937207937235e-10,0.0,3.552713678800501e-15,4.622080496119452e-12,355.69523867707017,355.69523867707017,True,2571.36247723326,1369.863013698622,1058.989194127821,60.44458870592586,24.0,8760.0,190246.13908670723,711.3904773541403,355.69523867707017
france_ottmarsheim,2015,rigid,high_investment_small_cavern,2.0,13.981933163014432,0,infeasible,2,The problem is infeasible. (HiGHS Status 8: model_status is Infeasible; primal_status is None),highs-ds,hourly,cyclic,False,1.0,1.5,0.6,0.0,0.4444444444444445,0.0,0.587,0,,,,,,,,,,,,,,False,,,,,,,,,
france_ottmarsheim,2015,rigid,high_investment_small_cavern,2.0,13.981933163014432,1,infeasible,2,The problem is infeasible. (HiGHS Status 8: model_status is Infeasible; primal_status is None),highs-ds,hourly,cyclic,False,1.0,1.5,0.6,0.0,0.4444444444444445,0.0,0.587,1,,,,,,,,,,,,,,False,,,,,,,,,
france_ottmarsheim,2015,rigid,high_investment_small_cavern,2.0,13.981933163014432,2,optimal,0,Optimization terminated successfully. (HiGHS Status 7: Optimal),highs-ds,hourly,cyclic,False,1.0,1.5,0.6,0.0,0.4444444444444445,0.0,0.587,2,49311.54271730407,277.7285732873985,-0.0,1168.7304143522667,7.44648787076585e-12,3.637978807091713e-12,0.0,0.0,0.0,3.552713678800501e-15,0.0,355.69523867707017,533.2482435177915,True,2814.585771535621,-0.0,1168.7304143522667,66.70835698357688,0.0,8760.0,190246.13908670723,711.3904773541403,355.69523867707017
france_ottmarsheim,2016,flex_ml0p4_b24,high_investment_small_cavern,2.0,13.981933163014432,0,infeasible,2,The problem is infeasible. (HiGHS Status 8: model_status is Infeasible; primal_status is None),highs-ds,hourly,cyclic,True,0.4,1.5,0.6,24.0,0.4444444444444445,0.0,0.587,0,,,,,,,,,,,,,,False,,,,,,,,,
france_ottmarsheim,2016,flex_ml0p4_b24,high_investment_small_cavern,2.0,13.981933163014432,1,infeasible,2,The problem is infeasible. (HiGHS Status 8: model_status is Infeasible; primal_status is None),highs-ds,hourly,cyclic,True,0.4,1.5,0.6,24.0,0.4444444444444445,0.0,0.587,1,,,,,,,,,,,,,,False,,,,,,,,,
france_ottmarsheim,2016,flex_ml0p4_b24,high_investment_small_cavern,2.0,13.981933163014432,2,optimal,0,Optimization terminated successfully. (HiGHS Status 7: Optimal),highs-ds,hourly,cyclic,True,0.4,1.5,0.6,24.0,0.4444444444444445,0.0,0.587,2,83458.49340005388,470.0483299334899,24.000000000027107,1499.092668037251,1.2079226507921703e-11,7.261746759468224e-12,3.5724090352573507e-10,3.5834091249853367e-10,2.7110313993716773e-11,3.552713678800501e-15,0.0,355.69523867707017,355.69523867707017,True,4763.612636989376,1369.8630137001774,1499.092668037251,85.56465000212621,24.000000000027107,8784.0,190246.13908670723,711.3904773541403,355.69523867707017
france_ottmarsheim,2016,flex_ml0p6_b24,high_investment_small_cavern,2.0,13.981933163014432,0,infeasible,2,The problem is infeasible. (HiGHS Status 8: model_status is Infeasible; primal_status is None),highs-ds,hourly,cyclic,True,0.6,1.5,0.6,24.0,0.4444444444444445,0.0,0.587,0,,,,,,,,,,,,,,False,,,,,,,,,
france_ottmarsheim,2016,flex_ml0p6_b24,high_investment_small_cavern,2.0,13.981933163014432,1,infeasible,2,The problem is infeasible. (HiGHS Status 8: model_status is Infeasible; primal_status is None),highs-ds,hourly,cyclic,True,0.6,1.5,0.6,24.0,0.4444444444444445,0.0,0.587,1,,,,,,,,,,,,,,False,,,,,,,,,
france_ottmarsheim,2016,flex_ml0p6_b24,high_investment_small_cavern,2.0,13.981933163014432,2,optimal,0,Optimization terminated successfully. (HiGHS Status 7: Optimal),highs-ds,hourly,cyclic,True,0.6,1.5,0.6,24.0,0.4444444444444445,0.0,0.587,2,83458.4934002029,470.0483299343293,23.99999999991609,1723.1594628678913,3.922195901395753e-11,2.3663915271754377e-10,8.894005532056325e-10,8.913048077374696e-10,0.0,3.552713678800501e-15,0.0,355.69523867707017,355.69523867707017,True,4763.612636997882,1369.863013693841,1723.1594628678913,98.35385062031344,24.00000000030703,8784.0,190246.13908670723,711.3904773541403,355.69523867707017
france_ottmarsheim,2016,rigid,high_investment_small_cavern,2.0,13.981933163014432,0,infeasible,2,The problem is infeasible. (HiGHS Status 8: model_status is Infeasible; primal_status is None),highs-ds,hourly,cyclic,False,1.0,1.5,0.6,0.0,0.4444444444444445,0.0,0.587,0,,,,,,,,,,,,,,False,,,,,,,,,
france_ottmarsheim,2016,rigid,high_investment_small_cavern,2.0,13.981933163014432,1,infeasible,2,The problem is infeasible. (HiGHS Status 8: model_status is Infeasible; primal_status is None),highs-ds,hourly,cyclic,False,1.0,1.5,0.6,0.0,0.4444444444444445,0.0,0.587,1,,,,,,,,,,,,,,False,,,,,,,,,
france_ottmarsheim,2016,rigid,high_investment_small_cavern,2.0,13.981933163014432,2,optimal,0,Optimization terminated successfully. (HiGHS Status 7: Optimal),highs-ds,hourly,cyclic,False,1.0,1.5,0.6,0.0,0.4444444444444445,0.0,0.587,2,87719.76551627764,494.0483299337515,-0.0,1860.0335140853167,7.815970093361102e-12,7.275957614183426e-12,0.0,0.0,0.0,3.552713678800501e-15,0.0,355.69523867707017,355.69523867707017,True,5006.835931294386,-0.0,1860.0335140853167,106.16629646605688,0.0,8784.0,190246.13908670723,711.3904773541403,355.69523867707017
france_ottmarsheim,2017,flex_ml0p4_b24,high_investment_small_cavern,2.0,13.981933163014432,0,infeasible,2,The problem is infeasible. (HiGHS Status 8: model_status is Infeasible; primal_status is None),highs-ds,hourly,cyclic,True,0.4,1.5,0.6,24.0,0.4444444444444445,0.0,0.587,0,,,,,,,,,,,,,,False,,,,,,,,,
france_ottmarsheim,2017,flex_ml0p4_b24,high_investment_small_cavern,2.0,13.981933163014432,1,optimal,0,Optimization terminated successfully. (HiGHS Status 7: Optimal),highs-ds,hourly,cyclic,True,0.4,1.5,0.6,24.0,0.4444444444444445,0.0,0.587,1,28487.751156546583,160.4464603801118,24.00000000000093,750.1507424694801,7.64345031711855e-10,4.2376768760732375e-11,4.719780122286464e-10,4.747562343254684e-10,0.0,3.552713678800501e-15,0.0,177.84761933853508,266.32950726108186,True,1626.013193866814,1369.8630136986833,750.1507424694801,42.81682320031279,24.00000000000093,8760.0,95123.06954335362,355.69523867707017,177.84761933853508
france_ottmarsheim,2017,flex_ml0p6_b24,high_investment_small_cavern,2.0,13.981933163014432,0,infeasible,2,The problem is infeasible. (HiGHS Status 8: model_status is Infeasible; primal_status is None),highs-ds,hourly,cyclic,True,0.6,1.5,0.6,24.0,0.4444444444444445,0.0,0.587,0,,,,,,,,,,,,,,False,,,,,,,,,
france_ottmarsheim,2017,flex_ml0p6_b24,high_investment_small_cavern,2.0,13.981933163014432,1,optimal,0,Optimization terminated successfully. (HiGHS Status 7: Optimal),highs-ds,hourly,cyclic,True,0.6,1.5,0.6,24.0,0.4444444444444445,0.0,0.587,1,52753.261862298285,297.11275182091134,21.16688038786937,1773.9225697291488,4.916955731459893e-12,3.637978807091713e-12,6.302993682538727e-10,6.293703336268662e-10,0.0,3.552713678800501e-15,0.0,177.84761933853508,159.79770435664912,True,3011.030928213372,1208.1552732802152,1773.9225697291488,101.2512882265496,21.16688038786937,8760.0,95123.06954335362,355.69523867707017,177.84761933853508
france_ottmarsheim,2017,rigid,high_investment_small_cavern,2.0,13.981933163014432,0,infeasible,2,The problem is infeasible. (HiGHS Status 8: model_status is Infeasible; primal_status is None),highs-ds,hourly,cyclic,False,1.0,1.5,0.6,0.0,0.4444444444444445,0.0,0.587,0,,,,,,,,,,,,,,False,,,,,,,,,
france_ottmarsheim,2017,rigid,high_investment_small_cavern,2.0,13.981933163014432,1,infeasible,2,The problem is infeasible. (HiGHS Status 8: model_status is Infeasible; primal_status is None),highs-ds,hourly,cyclic,False,1.0,1.5,0.6,0.0,0.4444444444444445,0.0,0.587,1,,,,,,,,,,,,,,False,,,,,,,,,
france_ottmarsheim,2017,rigid,high_investment_small_cavern,2.0,13.981933163014432,2,optimal,0,Optimization terminated successfully. (HiGHS Status 7: Optimal),highs-ds,hourly,cyclic,False,1.0,1.5,0.6,0.0,0.4444444444444445,0.0,0.587,2,27187.33805417304,153.1223764901201,-0.0,1068.7090444801088,7.844391802791506e-12,1.7905676941154525e-12,0.0,0.0,0.0,3.552713678800501e-15,0.0,355.69523867707017,533.2482435177915,True,1551.7887017222054,-0.0,1068.7090444801088,60.99937468493771,0.0,8760.0,190246.13908670723,711.3904773541403,355.69523867707017
france_ottmarsheim,2018,flex_ml0p4_b24,high_investment_small_cavern,2.0,13.981933163014432,0,infeasible,2,The problem is infeasible. (HiGHS Status 8: model_status is Infeasible; primal_status is None),highs-ds,hourly,cyclic,True,0.4,1.5,0.6,24.0,0.4444444444444445,0.0,0.587,0,,,,,,,,,,,,,,False,,,,,,,,,
france_ottmarsheim,2018,flex_ml0p4_b24,high_investment_small_cavern,2.0,13.981933163014432,1,optimal,0,Optimization terminated successfully. (HiGHS Status 7: Optimal),highs-ds,hourly,cyclic,True,0.4,1.5,0.6,24.0,0.4444444444444445,0.0,0.587,1,60531.93467506289,340.9231780074052,23.9999999999932,1223.181695755293,1.1678480404953007e-10,3.376499080331996e-11,4.516405027743531e-10,4.5474735088646407e-10,0.0,3.552713678800501e-15,6.299671895249048e-11,177.84761933853508,266.32950726108186,True,3455.019102457928,1369.8630136982415,1223.181695755293,69.81630683534777,23.9999999999932,8760.0,95123.06954335362,355.69523867707017,177.84761933853508
france_ottmarsheim,2018,flex_ml0p6_b24,high_investment_small_cavern,2.0,13.981933163014432,0,infeasible,2,The problem is infeasible. (HiGHS Status 8: model_status is Infeasible; primal_status is None),highs-ds,hourly,cyclic,True,0.6,1.5,0.6,24.0,0.4444444444444445,0.0,0.587,0,,,,,,,,,,,,,,False,,,,,,,,,
france_ottmarsheim,2018,flex_ml0p6_b24,high_investment_small_cavern,2.0,13.981933163014432,1,infeasible,2,The problem is infeasible. (HiGHS Status 8: model_status is Infeasible; primal_status is None),highs-ds,hourly,cyclic,True,0.6,1.5,0.6,24.0,0.4444444444444445,0.0,0.587,1,,,,,,,,,,,,,,False,,,,,,,,,
france_ottmarsheim,2018,flex_ml0p6_b24,high_investment_small_cavern,2.0,13.981933163014432,2,optimal,0,Optimization terminated successfully. (HiGHS Status 7: Optimal),highs-ds,hourly,cyclic,True,0.6,1.5,0.6,24.0,0.4444444444444445,0.0,0.587,2,45218.72594442694,254.6773341571528,23.999999999999368,1284.070371037286,3.0382807381101884e-11,2.4641622076160274e-11,5.463298702323981e-10,5.456968210637568e-10,0.0,3.552713678800501e-15,0.0,355.69523867707017,622.024745938152,True,2580.9775082435467,1369.8630136985942,1284.070371037286,73.29168784459395,23.999999999999368,8760.0,190246.13908670723,711.3904773541403,355.69523867707017
france_ottmarsheim,2018,rigid,high_investment_small_cavern,2.0,13.981933163014432,0,infeasible,2,The problem is infeasible. (HiGHS Status 8: model_status is Infeasible; primal_status is None),highs-ds,hourly,cyclic,False,1.0,1.5,0.6,0.0,0.4444444444444445,0.0,0.587,0,,,,,,,,,,,,,,False,,,,,,,,,
france_ottmarsheim,2018,rigid,high_investment_small_cavern,2.0,13.981933163014432,1,infeasible,2,The problem is infeasible. (HiGHS Status 8: model_status is Infeasible; primal_status is None),highs-ds,hourly,cyclic,False,1.0,1.5,0.6,0.0,0.4444444444444445,0.0,0.587,1,,,,,,,,,,,,,,False,,,,,,,,,
france_ottmarsheim,2018,rigid,high_investment_small_cavern,2.0,13.981933163014432,2,optimal,0,Optimization terminated successfully. (HiGHS Status 7: Optimal),highs-ds,hourly,cyclic,False,1.0,1.5,0.6,0.0,0.4444444444444445,0.0,0.587,2,49479.99806060499,278.67733415715696,-0.0,1407.6004989978055,7.16227077646181e-12,3.637978807091713e-12,0.0,0.0,0.0,3.552713678800501e-15,5.861977570020828e-14,355.69523867707017,533.2482435177915,True,2824.2008025459468,-0.0,1407.6004989978055,80.34249423503456,0.0,8760.0,190246.13908670723,711.3904773541403,355.69523867707017
france_ottmarsheim,2019,flex_ml0p4_b24,high_investment_small_cavern,2.0,13.981933163014432,0,infeasible,2,The problem is infeasible. (HiGHS Status 8: model_status is Infeasible; primal_status is None),highs-ds,hourly,cyclic,True,0.4,1.5,0.6,24.0,0.4444444444444445,0.0,0.587,0,,,,,,,,,,,,,,False,,,,,,,,,
france_ottmarsheim,2019,flex_ml0p4_b24,high_investment_small_cavern,2.0,13.981933163014432,1,optimal,0,Optimization terminated successfully. (HiGHS Status 7: Optimal),highs-ds,hourly,cyclic,True,0.4,1.5,0.6,24.0,0.4444444444444445,0.0,0.587,1,41560.59996139596,234.07432613533643,24.000000000000192,810.5052463907151,8.86757334228605e-12,3.637978807091713e-12,4.027227440417391e-10,4.074536263942719e-10,0.0,3.552713678800501e-15,0.0,177.84761933853508,266.32950726108186,True,2372.1803630933764,1369.863013698641,810.5052463907151,46.26171497663899,24.000000000000192,8760.0,95123.06954335362,355.69523867707017,177.84761933853508
france_ottmarsheim,2019,flex_ml0p6_b24,high_investment_small_cavern,2.0,13.981933163014432,0,infeasible,2,The problem is infeasible. (HiGHS Status 8: model_status is Infeasible; primal_status is None),highs-ds,hourly,cyclic,True,0.6,1.5,0.6,24.0,0.4444444444444445,0.0,0.587,0,,,,,,,,,,,,,,False,,,,,,,,,
france_ottmarsheim,2019,flex_ml0p6_b24,high_investment_small_cavern,2.0,13.981933163014432,1,optimal,0,Optimization terminated successfully. (HiGHS Status 7: Optimal),highs-ds,hourly,cyclic,True,0.6,1.5,0.6,24.0,0.4444444444444445,0.0,0.587,1,49788.12229112858,280.41272709404365,19.687564658993992,1497.3385587188452,4.718003765447065e-12,3.637978807091713e-12,5.957061510741822e-10,5.966285243630408e-10,0.0,3.552713678800501e-15,9.379164112033322e-13,177.84761933853508,159.79770435664912,True,2841.787802005056,1123.7194440065064,1497.3385587188452,85.46452960724002,19.687564658993992,8760.0,95123.06954335362,355.69523867707017,177.84761933853508
france_ottmarsheim,2019,rigid,high_investment_small_cavern,2.0,13.981933163014432,0,infeasible,2,The problem is infeasible. (HiGHS Status 8: model_status is Infeasible; primal_status is None),highs-ds,hourly,cyclic,False,1.0,1.5,0.6,0.0,0.4444444444444445,0.0,0.587,0,,,,,,,,,,,,,,False,,,,,,,,,
france_ottmarsheim,2019,rigid,high_investment_small_cavern,2.0,13.981933163014432,1,infeasible,2,The problem is infeasible. (HiGHS Status 8: model_status is Infeasible; primal_status is None),highs-ds,hourly,cyclic,False,1.0,1.5,0.6,0.0,0.4444444444444445,0.0,0.587,1,,,,,,,,,,,,,,False,,,,,,,,,
france_ottmarsheim,2019,rigid,high_investment_small_cavern,2.0,13.981933163014432,2,optimal,0,Optimization terminated successfully. (HiGHS Status 7: Optimal),highs-ds,hourly,cyclic,False,1.0,1.5,0.6,0.0,0.4444444444444445,0.0,0.587,2,36267.68725134988,204.2640015238536,-0.0,1213.1057678210698,7.418066161335446e-12,3.61666252501891e-12,0.0,0.0,0.0,1.7763568394002505e-15,0.0,355.69523867707017,533.2482435177915,True,2070.073473250564,-0.0,1213.1057678210698,69.24119679344005,0.0,8760.0,190246.13908670723,711.3904773541403,355.69523867707017
france_ottmarsheim,2020,flex_ml0p4_b24,high_investment_small_cavern,2.0,13.981933163014432,0,infeasible,2,The problem is infeasible. (HiGHS Status 8: model_status is Infeasible; primal_status is None),highs-ds,hourly,cyclic,True,0.4,1.5,0.6,24.0,0.4444444444444445,0.0,0.587,0,,,,,,,,,,,,,,False,,,,,,,,,
france_ottmarsheim,2020,flex_ml0p4_b24,high_investment_small_cavern,2.0,13.981933163014432,1,optimal,0,Optimization terminated successfully. (HiGHS Status 7: Optimal),highs-ds,hourly,cyclic,True,0.4,1.5,0.6,24.0,0.4444444444444445,0.0,0.587,1,68203.39906766822,384.1297934036764,23.999999999997595,1057.1566519489495,8.242295734817162e-12,7.204903340607416e-12,3.7425840204718947e-10,3.7834979593753815e-10,0.0,3.552713678800501e-15,0.0,177.84761933853508,266.32950726108186,True,3892.8880746385967,1369.8630136984928,1057.1566519489495,60.33999154959759,23.999999999997595,8784.0,95123.06954335362,355.69523867707017,177.84761933853508
france_ottmarsheim,2020,flex_ml0p6_b24,high_investment_small_cavern,2.0,13.981933163014432,0,infeasible,2,The problem is infeasible. (HiGHS Status 8: model_status is Infeasible; primal_status is None),highs-ds,hourly,cyclic,True,0.6,1.5,0.6,24.0,0.4444444444444445,0.0,0.587,0,,,,,,,,,,,,,,False,,,,,,,,,
france_ottmarsheim,2020,flex_ml0p6_b24,high_investment_small_cavern,2.0,13.981933163014432,1,optimal,0,Optimization terminated successfully. (HiGHS Status 7: Optimal),highs-ds,hourly,cyclic,True,0.6,1.5,0.6,24.0,0.4444444444444445,0.0,0.587,1,73964.45268219018,416.57674421529504,24.00000000000003,1987.5574236159305,4.604316927725449e-12,7.275957614183426e-12,5.497926558462041e-10,5.511537892743944e-10,0.0,1.7763568394002505e-15,0.0,177.84761933853508,159.79770435664912,True,4221.715335741449,1369.8630136986317,1987.5574236159305,113.4450584255668,24.00000000000003,8784.0,95123.06954335362,355.69523867707017,177.84761933853508
france_ottmarsheim,2020,rigid,high_investment_small_cavern,2.0,13.981933163014432,0,infeasible,2,The problem is infeasible. (HiGHS Status 8: model_status is Infeasible; primal_status is None),highs-ds,hourly,cyclic,False,1.0,1.5,0.6,0.0,0.4444444444444445,0.0,0.587,0,,,,,,,,,,,,,,False,,,,,,,,,
france_ottmarsheim,2020,rigid,high_investment_small_cavern,2.0,13.981933163014432,1,infeasible,2,The problem is infeasible. (HiGHS Status 8: model_status is Infeasible; primal_status is None),highs-ds,hourly,cyclic,False,1.0,1.5,0.6,0.0,0.4444444444444445,0.0,0.587,1,,,,,,,,,,,,,,False,,,,,,,,,
france_ottmarsheim,2020,rigid,high_investment_small_cavern,2.0,13.981933163014432,2,optimal,0,Optimization terminated successfully. (HiGHS Status 7: Optimal),highs-ds,hourly,cyclic,False,1.0,1.5,0.6,0.0,0.4444444444444445,0.0,0.587,2,61839.79210518939,348.2891892517643,-0.0,1345.5214554279053,7.389644451905042e-12,3.637978807091713e-12,0.0,0.0,0.0,1.7763568394002505e-15,0.0,355.69523867707017,533.2482435177915,True,3529.668499154646,-0.0,1345.5214554279053,76.7991698303599,0.0,8784.0,190246.13908670723,711.3904773541403,355.69523867707017
france_ottmarsheim,2021,flex_ml0p4_b24,high_investment_small_cavern,2.0,13.981933163014432,0,infeasible,2,The problem is infeasible. (HiGHS Status 8: model_status is Infeasible; primal_status is None),highs-ds,hourly,cyclic,True,0.4,1.5,0.6,24.0,0.4444444444444445,0.0,0.587,0,,,,,,,,,,,,,,False,,,,,,,,,
france_ottmarsheim,2021,flex_ml0p4_b24,high_investment_small_cavern,2.0,13.981933163014432,1,optimal,0,Optimization terminated successfully. (HiGHS Status 7: Optimal),highs-ds,hourly,cyclic,True,0.4,1.5,0.6,24.0,0.4444444444444445,0.0,0.587,1,58032.75362509556,326.8474880340967,23.99999999997262,1403.6883171494555,8.185452315956354e-12,3.637978807091713e-12,3.8876768471141077e-10,3.92901711165905e-10,0.0,3.552713678800501e-15,5.498685951010883e-10,177.84761933853508,266.32950726108186,True,3312.3717822543126,1369.8630136970671,1403.6883171494555,80.11919618432965,23.99999999997262,8760.0,95123.06954335362,355.69523867707017,177.84761933853508
france_ottmarsheim,2021,flex_ml0p6_b24,high_investment_small_cavern,2.0,13.981933163014432,0,infeasible,2,The problem is infeasible. (HiGHS Status 8: model_status is Infeasible; primal_status is None),highs-ds,hourly,cyclic,True,0.6,1.5,0.6,24.0,0.4444444444444445,0.0,0.587,0,,,,,,,,,,,,,,False,,,,,,,,,
france_ottmarsheim,2021,flex_ml0p6_b24,high_investment_small_cavern,2.0,13.981933163014432,1,optimal,0,Optimization terminated successfully. (HiGHS Status 7: Optimal),highs-ds,hourly,cyclic,True,0.6,1.5,0.6,24.0,0.4444444444444445,0.0,0.587,1,80380.62652464214,452.7134113936836,22.73841904786737,1670.6508156313532,4.774847184307873e-12,1.290487716687494e-10,6.389071494083963e-10,6.402842700481415e-10,0.0,3.552713678800501e-15,2.0961010704922958e-13,177.84761933853508,159.79770435664912,True,4587.9353039179305,1297.8549684855805,1670.6508156313532,95.35678171411833,22.73841904786737,8760.0,95123.06954335362,355.69523867707017,177.84761933853508
france_ottmarsheim,2021,rigid,high_investment_small_cavern,2.0,13.981933163014432,0,infeasible,2,The problem is infeasible. (HiGHS Status 8: model_status is Infeasible; primal_status is None),highs-ds,hourly,cyclic,False,1.0,1.5,0.6,0.0,0.4444444444444445,0.0,0.587,0,,,,,,,,,,,,,,False,,,,,,,,,
france_ottmarsheim,2021,rigid,high_investment_small_cavern,2.0,13.981933163014432,1,infeasible,2,The problem is infeasible. (HiGHS Status 8: model_status is Infeasible; primal_status is None),highs-ds,hourly,cyclic,False,1.0,1.5,0.6,0.0,0.4444444444444445,0.0,0.587,1,,,,,,,,,,,,,,False,,,,,,,,,
france_ottmarsheim,2021,rigid,high_investment_small_cavern,2.0,13.981933163014432,2,optimal,0,Optimization terminated successfully. (HiGHS Status 7: Optimal),highs-ds,hourly,cyclic,False,1.0,1.5,0.6,0.0,0.4444444444444445,0.0,0.587,2,34549.747916663044,194.5883593896754,-0.0,1494.4484802034954,7.418066161335446e-12,3.637978807091713e-12,0.0,0.0,0.0,1.7763568394002505e-15,0.0,355.69523867707017,533.2482435177915,True,1972.0175751520003,-0.0,1494.4484802034954,85.29957078787075,0.0,8760.0,190246.13908670723,711.3904773541403,355.69523867707017
france_ottmarsheim,2022,flex_ml0p4_b24,high_investment_small_cavern,2.0,13.981933163014432,0,infeasible,2,The problem is infeasible. (HiGHS Status 8: model_status is Infeasible; primal_status is None),highs-ds,hourly,cyclic,True,0.4,1.5,0.6,24.0,0.4444444444444445,0.0,0.587,0,,,,,,,,,,,,,,False,,,,,,,,,
france_ottmarsheim,2022,flex_ml0p4_b24,high_investment_small_cavern,2.0,13.981933163014432,1,optimal,0,Optimization terminated successfully. (HiGHS Status 7: Optimal),highs-ds,hourly,cyclic,True,0.4,1.5,0.6,24.0,0.4444444444444445,0.0,0.587,1,61310.230633690655,345.3066349887497,23.99999999999776,1031.0455318699217,5.901483746129087e-10,7.785416755723418e-11,3.7811664910236686e-10,3.80168785341084e-10,0.0,3.552713678800501e-15,2.984990032928181e-11,177.84761933853508,266.32950726108186,True,3499.442387767732,1369.8630136985023,1031.0455318699217,58.849630814493246,23.99999999999776,8760.0,95123.06954335362,355.69523867707017,177.84761933853508
france_ottmarsheim,2022,flex_ml0p6_b24,high_investment_small_cavern,2.0,13.981933163014432,0,infeasible,2,The problem is infeasible. (HiGHS Status 8: model_status is Infeasible; primal_status is None),highs-ds,hourly,cyclic,True,0.6,1.5,0.6,24.0,0.4444444444444445,0.0,0.587,0,,,,,,,,,,,,,,False,,,,,,,,,
france_ottmarsheim,2022,flex_ml0p6_b24,high_investment_small_cavern,2.0,13.981933163014432,1,optimal,0,Optimization terminated successfully. (HiGHS Status 7: Optimal),highs-ds,hourly,cyclic,True,0.6,1.5,0.6,24.0,0.4444444444444445,0.0,0.587,1,70429.311380005,396.6664007921777,24.000000000000643,1400.8391124476982,5.5706550483591855e-12,7.176481631177012e-12,5.589375629000415e-10,5.584297468885778e-10,0.0,3.552713678800501e-15,0.0,177.84761933853508,159.79770435664912,True,4019.9378641555368,1369.863013698667,1400.8391124476982,79.95657034518825,24.000000000000643,8760.0,95123.06954335362,355.69523867707017,177.84761933853508
france_ottmarsheim,2022,rigid,high_investment_small_cavern,2.0,13.981933163014432,0,infeasible,2,The problem is infeasible. (HiGHS Status 8: model_status is Infeasible; primal_status is None),highs-ds,hourly,cyclic,False,1.0,1.5,0.6,0.0,0.4444444444444445,0.0,0.587,0,,,,,,,,,,,,,,False,,,,,,,,,
france_ottmarsheim,2022,rigid,high_investment_small_cavern,2.0,13.981933163014432,1,infeasible,2,The problem is infeasible. (HiGHS Status 8: model_status is Infeasible; primal_status is None),highs-ds,hourly,cyclic,False,1.0,1.5,0.6,0.0,0.4444444444444445,0.0,0.587,1,,,,,,,,,,,,,,False,,,,,,,,,
france_ottmarsheim,2022,rigid,high_investment_small_cavern,2.0,13.981933163014432,2,optimal,0,Optimization terminated successfully. (HiGHS Status 7: Optimal),highs-ds,hourly,cyclic,False,1.0,1.5,0.6,0.0,0.4444444444444445,0.0,0.587,2,63006.74634913969,354.8616167079888,-0.0,1005.3354573546576,7.44648787076585e-12,4.718003765447065e-12,0.0,0.0,0.0,3.552713678800501e-15,0.0,355.69523867707017,533.2482435177915,True,3596.275476549069,-0.0,1005.3354573546576,57.38216080791425,0.0,8760.0,190246.13908670723,711.3904773541403,355.69523867707017
france_ottmarsheim,2023,flex_ml0p4_b24,high_investment_small_cavern,2.0,13.981933163014432,0,infeasible,2,The problem is infeasible. (HiGHS Status 8: model_status is Infeasible; primal_status is None),highs-ds,hourly,cyclic,True,0.4,1.5,0.6,24.0,0.4444444444444445,0.0,0.587,0,,,,,,,,,,,,,,False,,,,,,,,,
france_ottmarsheim,2023,flex_ml0p4_b24,high_investment_small_cavern,2.0,13.981933163014432,1,optimal,0,Optimization terminated successfully. (HiGHS Status 7: Optimal),highs-ds,hourly,cyclic,True,0.4,1.5,0.6,24.0,0.4444444444444445,0.0,0.587,1,15386.368762492624,86.65788999907596,24.000000000001585,764.7272267157339,8.355982572538778e-12,2.0094148567295636e-11,2.6902213789981033e-10,2.7102942112833256e-10,4.440892098500626e-16,3.552713678800501e-15,0.0,177.84761933853508,266.32950726108186,True,878.217395119442,1369.8630136987206,764.7272267157339,43.64881431025879,24.000000000001585,8760.0,95123.06954335362,355.69523867707017,177.84761933853508
france_ottmarsheim,2023,flex_ml0p6_b24,high_investment_small_cavern,2.0,13.981933163014432,0,infeasible,2,The problem is infeasible. (HiGHS Status 8: model_status is Infeasible; primal_status is None),highs-ds,hourly,cyclic,True,0.6,1.5,0.6,24.0,0.4444444444444445,0.0,0.587,0,,,,,,,,,,,,,,False,,,,,,,,,
france_ottmarsheim,2023,flex_ml0p6_b24,high_investment_small_cavern,2.0,13.981933163014432,1,optimal,0,Optimization terminated successfully. (HiGHS Status 7: Optimal),highs-ds,hourly,cyclic,True,0.6,1.5,0.6,24.0,0.4444444444444445,0.0,0.587,1,34308.98687803463,193.23236409776584,11.616848197375337,1005.2943810663336,5.542233338928781e-12,1.13544729174464e-11,3.299631678999049e-10,3.310560714453459e-10,0.0,1.7763568394002505e-15,3.1974423109204515e-14,177.84761933853508,259.7343491658177,True,1958.2755067371363,663.0621117223366,1005.2943810663336,57.37981627090946,11.616848197375337,8760.0,95123.06954335362,355.69523867707017,177.84761933853508
france_ottmarsheim,2023,rigid,high_investment_small_cavern,2.0,13.981933163014432,0,infeasible,2,The problem is infeasible. (HiGHS Status 8: model_status is Infeasible; primal_status is None),highs-ds,hourly,cyclic,False,1.0,1.5,0.6,0.0,0.4444444444444445,0.0,0.587,0,,,,,,,,,,,,,,False,,,,,,,,,
france_ottmarsheim,2023,rigid,high_investment_small_cavern,2.0,13.981933163014432,1,optimal,0,Optimization terminated successfully. (HiGHS Status 7: Optimal),highs-ds,hourly,cyclic,False,1.0,1.5,0.6,0.0,0.4444444444444445,0.0,0.587,1,58436.053268755015,329.11892041014266,-0.0,1125.2646440780422,6.394884621840902e-12,3.637978807091713e-12,0.0,0.0,0.0,3.552713678800501e-15,1.3322676295501878e-13,177.84761933853508,355.40062417925634,True,3335.3911683079345,-0.0,1125.2646440780422,64.22743402271931,0.0,8760.0,95123.06954335362,355.69523867707017,177.84761933853508
italy_ferrara,2015,flex_ml0p4_b24,high_investment_small_cavern,2.0,41.09583785564535,0,infeasible,2,The problem is infeasible. (HiGHS Status 8: model_status is Infeasible; primal_status is None),highs-ds,hourly,cyclic,True,0.4,1.5,0.6,24.0,0.4444444444444445,0.0,0.587,0,,,,,,,,,,,,,,False,,,,,,,,,
italy_ferrara,2015,flex_ml0p4_b24,high_investment_small_cavern,2.0,41.09583785564535,1,infeasible,2,The problem is infeasible. (HiGHS Status 8: model_status is Infeasible; primal_status is None),highs-ds,hourly,cyclic,True,0.4,1.5,0.6,24.0,0.4444444444444445,0.0,0.587,1,,,,,,,,,,,,,,False,,,,,,,,,
italy_ferrara,2015,flex_ml0p4_b24,high_investment_small_cavern,2.0,41.09583785564535,2,infeasible,2,The problem is infeasible. (HiGHS Status 8: model_status is Infeasible; primal_status is None),highs-ds,hourly,cyclic,True,0.4,1.5,0.6,24.0,0.4444444444444445,0.0,0.587,2,,,,,,,,,,,,,,False,,,,,,,,,
italy_ferrara,2015,flex_ml0p4_b24,high_investment_small_cavern,2.0,41.09583785564535,3,optimal,0,Optimization terminated successfully. (HiGHS Status 7: Optimal),highs-ds,hourly,cyclic,True,0.4,1.5,0.6,24.0,0.4444444444444445,0.0,0.587,3,75249.99867424754,423.81709474166655,23.999999999735927,1128.020269241745,9.407585821463726e-12,1.6274270819849335e-10,2.5449820029166403e-10,2.546585164964197e-10,0.0,3.552713678800501e-15,0.0,181.5259395995771,266.32950726108186,True,4295.091248530111,1369.8630136835577,1128.020269241745,64.38471856402654,23.999999999735927,8760.0,97090.44540868809,363.0518791991542,181.5259395995771
italy_ferrara,2015,flex_ml0p4_b24,high_investment_small_cavern,2.0,41.09583785564535,4,optimal,0,Optimization terminated successfully. (HiGHS Status 7: Optimal),highs-ds,hourly,cyclic,True,0.4,1.5,0.6,24.0,0.4444444444444445,0.0,0.587,4,68723.21875143952,387.0574807398475,24.0,210943.6207749381,1.1368683772161605e-13,7.156586434575729e-11,1.0198863975574568e-10,1.0186340659856795e-10,0.0,0.0,0.0,242.03458613276948,266.32950726108186,False,3922.558147913215,1369.86301369863,210943.6207749381,12040.16100313574,24.0,8760.0,129453.92721158412,484.06917226553895,242.03458613276948
italy_ferrara,2015,flex_ml0p6_b24,high_investment_small_cavern,2.0,41.09583785564535,0,infeasible,2,The problem is infeasible. (HiGHS Status 8: model_status is Infeasible; primal_status is None),highs-ds,hourly,cyclic,True,0.6,1.5,0.6,24.0,0.4444444444444445,0.0,0.587,0,,,,,,,,,,,,,,False,,,,,,,,,
italy_ferrara,2015,flex_ml0p6_b24,high_investment_small_cavern,2.0,41.09583785564535,1,infeasible,2,The problem is infeasible. (HiGHS Status 8: model_status is Infeasible; primal_status is None),highs-ds,hourly,cyclic,True,0.6,1.5,0.6,24.0,0.4444444444444445,0.0,0.587,1,,,,,,,,,,,,,,False,,,,,,,,,
italy_ferrara,2015,flex_ml0p6_b24,high_investment_small_cavern,2.0,41.09583785564535,2,infeasible,2,The problem is infeasible. (HiGHS Status 8: model_status is Infeasible; primal_status is None),highs-ds,hourly,cyclic,True,0.6,1.5,0.6,24.0,0.4444444444444445,0.0,0.587,2,,,,,,,,,,,,,,False,,,,,,,,,
italy_ferrara,2015,flex_ml0p6_b24,high_investment_small_cavern,2.0,41.09583785564535,3,optimal,0,Optimization terminated successfully. (HiGHS Status 7: Optimal),highs-ds,hourly,cyclic,True,0.6,1.5,0.6,24.0,0.4444444444444445,0.0,0.587,3,81263.22253476961,457.684298881165,23.999999999999453,1244.4036987927566,4.320099833421409e-12,7.275957614183426e-12,5.007327885664381e-10,5.020410753786564e-10,0.0,3.552713678800501e-15,1.1750600492632655e-11,181.5259395995771,167.54068045300872,True,4638.311788514247,1369.863013698599,1244.4036987927566,71.02760837858199,23.999999999999453,8760.0,97090.44540868809,363.0518791991542,181.5259395995771
italy_ferrara,2015,flex_ml0p6_b24,high_investment_small_cavern,2.0,41.09583785564535,4,optimal,0,Optimization terminated successfully. (HiGHS Status 7: Optimal),highs-ds,hourly,cyclic,True,0.6,1.5,0.6,24.0,0.4444444444444445,0.0,0.587,4,68820.82717734552,387.6072232012244,24.0,210943.6207749381,2.8137492336099967e-12,7.247535904753022e-12,2.5440161088852165e-10,2.546585164964197e-10,0.0,0.0,0.0,242.03458613276948,266.32950726108186,False,3928.1294050996303,1369.86301369863,210943.6207749381,12040.16100313574,24.0,8760.0,129453.92721158412,484.06917226553895,242.03458613276948
italy_ferrara,2015,rigid,high_investment_small_cavern,2.0,41.09583785564535,0,infeasible,2,The problem is infeasible. (HiGHS Status 8: model_status is Infeasible; primal_status is None),highs-ds,hourly,cyclic,False,1.0,1.5,0.6,0.0,0.4444444444444445,0.0,0.587,0,,,,,,,,,,,,,,False,,,,,,,,,
italy_ferrara,2015,rigid,high_investment_small_cavern,2.0,41.09583785564535,1,infeasible,2,The problem is infeasible. (HiGHS Status 8: model_status is Infeasible; primal_status is None),highs-ds,hourly,cyclic,False,1.0,1.5,0.6,0.0,0.4444444444444445,0.0,0.587,1,,,,,,,,,,,,,,False,,,,,,,,,
italy_ferrara,2015,rigid,high_investment_small_cavern,2.0,41.09583785564535,2,infeasible,2,The problem is infeasible. (HiGHS Status 8: model_status is Infeasible; primal_status is None),highs-ds,hourly,cyclic,False,1.0,1.5,0.6,0.0,0.4444444444444445,0.0,0.587,2,,,,,,,,,,,,,,False,,,,,,,,,
italy_ferrara,2015,rigid,high_investment_small_cavern,2.0,41.09583785564535,3,infeasible,2,The problem is infeasible. (HiGHS Status 8: model_status is Infeasible; primal_status is None),highs-ds,hourly,cyclic,False,1.0,1.5,0.6,0.0,0.4444444444444445,0.0,0.587,3,,,,,,,,,,,,,,False,,,,,,,,,
italy_ferrara,2015,rigid,high_investment_small_cavern,2.0,41.09583785564535,4,optimal,0,Optimization terminated successfully. (HiGHS Status 7: Optimal),highs-ds,hourly,cyclic,False,1.0,1.5,0.6,0.0,0.4444444444444445,0.0,0.587,4,88008.34807174391,495.67366179296255,-0.0,1422.4855257106435,7.418066161335446e-12,7.219114195322618e-12,0.0,0.0,0.0,3.552713678800501e-15,0.0,242.03458613276948,419.5875909734907,True,5023.307538341547,-0.0,1422.4855257106435,81.19209621636095,0.0,8760.0,129453.92721158412,484.06917226553895,242.03458613276948
italy_ferrara,2016,flex_ml0p4_b24,high_investment_small_cavern,2.0,41.09583785564535,0,infeasible,2,The problem is infeasible. (HiGHS Status 8: model_status is Infeasible; primal_status is None),highs-ds,hourly,cyclic,True,0.4,1.5,0.6,24.0,0.4444444444444445,0.0,0.587,0,,,,,,,,,,,,,,False,,,,,,,,,
italy_ferrara,2016,flex_ml0p4_b24,high_investment_small_cavern,2.0,41.09583785564535,1,infeasible,2,The problem is infeasible. (HiGHS Status 8: model_status is Infeasible; primal_status is None),highs-ds,hourly,cyclic,True,0.4,1.5,0.6,24.0,0.4444444444444445,0.0,0.587,1,,,,,,,,,,,,,,False,,,,,,,,,
italy_ferrara,2016,flex_ml0p4_b24,high_investment_small_cavern,2.0,41.09583785564535,2,infeasible,2,The problem is infeasible. (HiGHS Status 8: model_status is Infeasible; primal_status is None),highs-ds,hourly,cyclic,True,0.4,1.5,0.6,24.0,0.4444444444444445,0.0,0.587,2,,,,,,,,,,,,,,False,,,,,,,,,
italy_ferrara,2016,flex_ml0p4_b24,high_investment_small_cavern,2.0,41.09583785564535,3,optimal,0,Optimization terminated successfully. (HiGHS Status 7: Optimal),highs-ds,hourly,cyclic,True,0.4,1.5,0.6,24.0,0.4444444444444445,0.0,0.587,3,49844.517131568966,280.73034965690016,23.99999999990748,1178.574173565552,8.29913915367797e-12,3.637978807091713e-12,2.371023377634174e-10,2.382876118645072e-10,0.0,3.552713678800501e-15,1.359072854256737e-09,181.5259395995771,266.32950726108186,True,2845.006685591836,1369.863013693349,1178.574173565552,67.27021538616164,23.99999999990748,8784.0,97090.44540868809,363.0518791991542,181.5259395995771
italy_ferrara,2016,flex_ml0p4_b24,high_investment_small_cavern,2.0,41.09583785564535,4,optimal,0,Optimization terminated successfully. (HiGHS Status 7: Optimal),highs-ds,hourly,cyclic,True,0.4,1.5,0.6,24.0,0.4444444444444445,0.0,0.587,4,36624.23113235981,206.2720997891,24.0,209666.2302830448,5.400124791776761e-13,1.346762701359694e-10,1.0565903707515643e-10,1.0732037480920552e-10,1.2878587085651816e-14,0.0,0.0,242.03458613276948,266.32950726108186,False,2090.4241513904,1369.86301369863,209666.2302830448,11967.25058693178,24.0,8784.0,129453.92721158412,484.06917226553895,242.03458613276948
italy_ferrara,2016,flex_ml0p6_b24,high_investment_small_cavern,2.0,41.09583785564535,0,infeasible,2,The problem is infeasible. (HiGHS Status 8: model_status is Infeasible; primal_status is None),highs-ds,hourly,cyclic,True,0.6,1.5,0.6,24.0,0.4444444444444445,0.0,0.587,0,,,,,,,,,,,,,,False,,,,,,,,,
italy_ferrara,2016,flex_ml0p6_b24,high_investment_small_cavern,2.0,41.09583785564535,1,infeasible,2,The problem is infeasible. (HiGHS Status 8: model_status is Infeasible; primal_status is None),highs-ds,hourly,cyclic,True,0.6,1.5,0.6,24.0,0.4444444444444445,0.0,0.587,1,,,,,,,,,,,,,,False,,,,,,,,,
italy_ferrara,2016,flex_ml0p6_b24,high_investment_small_cavern,2.0,41.09583785564535,2,infeasible,2,The problem is infeasible. (HiGHS Status 8: model_status is Infeasible; primal_status is None),highs-ds,hourly,cyclic,True,0.6,1.5,0.6,24.0,0.4444444444444445,0.0,0.587,2,,,,,,,,,,,,,,False,,,,,,,,,
italy_ferrara,2016,flex_ml0p6_b24,high_investment_small_cavern,2.0,41.09583785564535,3,optimal,0,Optimization terminated successfully. (HiGHS Status 7: Optimal),highs-ds,hourly,cyclic,True,0.6,1.5,0.6,24.0,0.4444444444444445,0.0,0.587,3,57363.55309906377,323.0784697252705,20.76711283680558,1273.4592319226406,5.002220859751105e-12,3.637978807091713e-12,4.722315871674705e-10,4.729372449219227e-10,0.0,3.552713678800501e-15,1.2434497875801753e-13,181.5259395995771,242.21234304944988,True,3274.175405197704,1185.33749068525,1273.4592319226406,72.6860292193288,20.76711283680558,8784.0,97090.44540868809,363.0518791991542,181.5259395995771
italy_ferrara,2016,flex_ml0p6_b24,high_investment_small_cavern,2.0,41.09583785564535,4,optimal,0,Optimization terminated successfully. (HiGHS Status 7: Optimal),highs-ds,hourly,cyclic,True,0.6,1.5,0.6,24.0,0.4444444444444445,0.0,0.587,4,36624.2311324316,206.2720997895043,24.0,209666.2302830448,8.526512829121202e-14,3.609557097661309e-12,2.952780242537756e-10,2.9649527277797445e-10,0.0,0.0,0.0,242.03458613276948,266.32950726108186,False,2090.4241513944976,1369.86301369863,209666.2302830448,11967.25058693178,24.0,8784.0,129453.92721158412,484.06917226553895,242.03458613276948
italy_ferrara,2016,rigid,high_investment_small_cavern,2.0,41.09583785564535,0,infeasible,2,The problem is infeasible. (HiGHS Status 8: model_status is Infeasible; primal_status is None),highs-ds,hourly,cyclic,False,1.0,1.5,0.6,0.0,0.4444444444444445,0.0,0.587,0,,,,,,,,,,,,,,False,,,,,,,,,
italy_ferrara,2016,rigid,high_investment_small_cavern,2.0,41.09583785564535,1,infeasible,2,The problem is infeasible. (HiGHS Status 8: model_status is Infeasible; primal_status is None),highs-ds,hourly,cyclic,False,1.0,1.5,0.6,0.0,0.4444444444444445,0.0,0.587,1,,,,,,,,,,,,,,False,,,,,,,,,
italy_ferrara,2016,rigid,high_investment_small_cavern,2.0,41.09583785564535,2,infeasible,2,The problem is infeasible. (HiGHS Status 8: model_status is Infeasible; primal_status is None),highs-ds,hourly,cyclic,False,1.0,1.5,0.6,0.0,0.4444444444444445,0.0,0.587,2,,,,,,,,,,,,,,False,,,,,,,,,
italy_ferrara,2016,rigid,high_investment_small_cavern,2.0,41.09583785564535,3,optimal,0,Optimization terminated successfully. (HiGHS Status 7: Optimal),highs-ds,hourly,cyclic,False,1.0,1.5,0.6,0.0,0.4444444444444445,0.0,0.587,3,94538.6761768643,532.4532595867515,-0.0,1376.4110728731494,6.565414878423326e-12,7.261746759468224e-12,0.0,0.0,0.0,3.552713678800501e-15,1.3322676295501878e-13,181.5259395995771,359.0789444402984,True,5396.043160779926,-0.0,1376.4110728731494,78.56227584892405,0.0,8784.0,97090.44540868809,363.0518791991542,181.5259395995771
italy_ferrara,2016,rigid,high_investment_small_cavern,2.0,41.09583785564535,4,optimal,0,Optimization terminated successfully. (HiGHS Status 7: Optimal),highs-ds,hourly,cyclic,False,1.0,1.5,0.6,0.0,0.4444444444444445,0.0,0.587,4,64668.51180880263,364.220880783264,0.0,208795.2822203902,8.526512829121202e-14,3.637978807091713e-12,0.0,0.0,0.0,0.0,0.0,242.03458613276948,419.5875909734907,False,3691.125103242159,0.0,208795.2822203902,11917.538939519987,0.0,8784.0,129453.92721158412,484.06917226553895,242.03458613276948
italy_ferrara,2017,flex_ml0p4_b24,high_investment_small_cavern,2.0,41.09583785564535,0,infeasible,2,The problem is infeasible. (HiGHS Status 8: model_status is Infeasible; primal_status is None),highs-ds,hourly,cyclic,True,0.4,1.5,0.6,24.0,0.4444444444444445,0.0,0.587,0,,,,,,,,,,,,,,False,,,,,,,,,
italy_ferrara,2017,flex_ml0p4_b24,high_investment_small_cavern,2.0,41.09583785564535,1,infeasible,2,The problem is infeasible. (HiGHS Status 8: model_status is Infeasible; primal_status is None),highs-ds,hourly,cyclic,True,0.4,1.5,0.6,24.0,0.4444444444444445,0.0,0.587,1,,,,,,,,,,,,,,False,,,,,,,,,
italy_ferrara,2017,flex_ml0p4_b24,high_investment_small_cavern,2.0,41.09583785564535,2,optimal,0,Optimization terminated successfully. (HiGHS Status 7: Optimal),highs-ds,hourly,cyclic,True,0.4,1.5,0.6,24.0,0.4444444444444445,0.0,0.587,2,27906.76451550628,157.17427334187218,23.99999999992397,1154.5493229845947,6.0822458181064576e-12,1.8189894035458565e-12,3.0781910353994125e-10,3.0922819860279555e-10,0.0,3.552713678800501e-15,3.772449019834312e-10,121.01729306638474,242.03458613276948,True,1592.8518559078925,1369.8630136942909,1154.5493229845947,65.89893396030791,23.99999999992397,8760.0,64726.96360579206,242.03458613276948,121.01729306638474
italy_ferrara,2017,flex_ml0p6_b24,high_investment_small_cavern,2.0,41.09583785564535,0,infeasible,2,The problem is infeasible. (HiGHS Status 8: model_status is Infeasible; primal_status is None),highs-ds,hourly,cyclic,True,0.6,1.5,0.6,24.0,0.4444444444444445,0.0,0.587,0,,,,,,,,,,,,,,False,,,,,,,,,
italy_ferrara,2017,flex_ml0p6_b24,high_investment_small_cavern,2.0,41.09583785564535,1,infeasible,2,The problem is infeasible. (HiGHS Status 8: model_status is Infeasible; primal_status is None),highs-ds,hourly,cyclic,True,0.6,1.5,0.6,24.0,0.4444444444444445,0.0,0.587,1,,,,,,,,,,,,,,False,,,,,,,,,
italy_ferrara,2017,flex_ml0p6_b24,high_investment_small_cavern,2.0,41.09583785564535,2,infeasible,2,The problem is infeasible. (HiGHS Status 8: model_status is Infeasible; primal_status is None),highs-ds,hourly,cyclic,True,0.6,1.5,0.6,24.0,0.4444444444444445,0.0,0.587,2,,,,,,,,,,,,,,False,,,,,,,,,
italy_ferrara,2017,flex_ml0p6_b24,high_investment_small_cavern,2.0,41.09583785564535,3,optimal,0,Optimization terminated successfully. (HiGHS Status 7: Optimal),highs-ds,hourly,cyclic,True,0.6,1.5,0.6,24.0,0.4444444444444445,0.0,0.587,3,18614.2788293654,104.8378699423524,11.348016723344635,1146.9797194477078,5.3717030823463574e-12,1.8189894035458565e-12,4.17176515554729e-10,4.18367562815547e-10,0.0,3.552713678800501e-15,0.0,181.5259395995771,205.48126874559816,True,1062.4588372925457,647.7178495059724,1146.9797194477078,65.46687896391026,11.348016723344635,8760.0,97090.44540868809,363.0518791991542,181.5259395995771
italy_ferrara,2017,flex_ml0p6_b24,high_investment_small_cavern,2.0,41.09583785564535,4,optimal,0,Optimization terminated successfully. (HiGHS Status 7: Optimal),highs-ds,hourly,cyclic,True,0.6,1.5,0.6,24.0,0.4444444444444445,0.0,0.587,4,17241.306722090238,97.10512496004796,24.0,209840.41989557567,1.1368683772161605e-13,1.7337242752546445e-12,2.4567903267325164e-10,2.4556356947869057e-10,0.0,0.0,0.0,242.03458613276948,266.32950726108186,False,984.0928494343742,1369.86301369863,209840.41989557567,11977.192916414137,19.87499159707243,8760.0,129453.92721158412,484.06917226553895,242.03458613276948
italy_ferrara,2017,rigid,high_investment_small_cavern,2.0,41.09583785564535,0,infeasible,2,The problem is infeasible. (HiGHS Status 8: model_status is Infeasible; primal_status is None),highs-ds,hourly,cyclic,False,1.0,1.5,0.6,0.0,0.4444444444444445,0.0,0.587,0,,,,,,,,,,,,,,False,,,,,,,,,
italy_ferrara,2017,rigid,high_investment_small_cavern,2.0,41.09583785564535,1,infeasible,2,The problem is infeasible. (HiGHS Status 8: model_status is Infeasible; primal_status is None),highs-ds,hourly,cyclic,False,1.0,1.5,0.6,0.0,0.4444444444444445,0.0,0.587,1,,,,,,,,,,,,,,False,,,,,,,,,
italy_ferrara,2017,rigid,high_investment_small_cavern,2.0,41.09583785564535,2,infeasible,2,The problem is infeasible. (HiGHS Status 8: model_status is Infeasible; primal_status is None),highs-ds,hourly,cyclic,False,1.0,1.5,0.6,0.0,0.4444444444444445,0.0,0.587,2,,,,,,,,,,,,,,False,,,,,,,,,
italy_ferrara,2017,rigid,high_investment_small_cavern,2.0,41.09583785564535,3,optimal,0,Optimization terminated successfully. (HiGHS Status 7: Optimal),highs-ds,hourly,cyclic,False,1.0,1.5,0.6,0.0,0.4444444444444445,0.0,0.587,3,53656.25537300212,302.19852049891193,-0.0,1561.3152110803417,6.764366844436154e-12,3.637978807091713e-12,0.0,0.0,0.0,1.7763568394002505e-15,0.0,181.5259395995771,359.0789444402984,True,3062.571653710166,-0.0,1561.3152110803417,89.11616501600123,0.0,8760.0,97090.44540868809,363.0518791991542,181.5259395995771
italy_ferrara,2017,rigid,high_investment_small_cavern,2.0,41.09583785564535,4,optimal,0,Optimization terminated successfully. (HiGHS Status 7: Optimal),highs-ds,hourly,cyclic,False,1.0,1.5,0.6,0.0,0.4444444444444445,0.0,0.587,4,20940.370119741885,117.93869745278045,0.0,209027.5350370981,8.526512829121202e-14,1.8189894035458565e-12,0.0,0.0,0.0,0.0,0.0,242.03458613276948,419.5875909734907,False,1195.2266050080984,0.0,209027.5350370981,11930.7953788298,0.0,8760.0,129453.92721158412,484.06917226553895,242.03458613276948
italy_ferrara,2018,flex_ml0p4_b24,high_investment_small_cavern,2.0,41.09583785564535,0,infeasible,2,The problem is infeasible. (HiGHS Status 8: model_status is Infeasible; primal_status is None),highs-ds,hourly,cyclic,True,0.4,1.5,0.6,24.0,0.4444444444444445,0.0,0.587,0,,,,,,,,,,,,,,False,,,,,,,,,
italy_ferrara,2018,flex_ml0p4_b24,high_investment_small_cavern,2.0,41.09583785564535,1,infeasible,2,The problem is infeasible. (HiGHS Status 8: model_status is Infeasible; primal_status is None),highs-ds,hourly,cyclic,True,0.4,1.5,0.6,24.0,0.4444444444444445,0.0,0.587,1,,,,,,,,,,,,,,False,,,,,,,,,
italy_ferrara,2018,flex_ml0p4_b24,high_investment_small_cavern,2.0,41.09583785564535,2,optimal,0,Optimization terminated successfully. (HiGHS Status 7: Optimal),highs-ds,hourly,cyclic,True,0.4,1.5,0.6,24.0,0.4444444444444445,0.0,0.587,2,54408.239902956586,306.43378833134915,24.00000000000772,1072.9583808800603,7.901235221652314e-12,3.637978807091713e-12,4.2582160020288014e-10,4.292814992368221e-10,0.0,3.552713678800501e-15,0.0,121.01729306638474,242.03458613276948,True,3105.493145145924,1369.8630136990705,1072.9583808800603,61.24191671689844,24.00000000000772,8760.0,64726.96360579206,242.03458613276948,121.01729306638474
italy_ferrara,2018,flex_ml0p6_b24,high_investment_small_cavern,2.0,41.09583785564535,0,infeasible,2,The problem is infeasible. (HiGHS Status 8: model_status is Infeasible; primal_status is None),highs-ds,hourly,cyclic,True,0.6,1.5,0.6,24.0,0.4444444444444445,0.0,0.587,0,,,,,,,,,,,,,,False,,,,,,,,,
italy_ferrara,2018,flex_ml0p6_b24,high_investment_small_cavern,2.0,41.09583785564535,1,infeasible,2,The problem is infeasible. (HiGHS Status 8: model_status is Infeasible; primal_status is None),highs-ds,hourly,cyclic,True,0.6,1.5,0.6,24.0,0.4444444444444445,0.0,0.587,1,,,,,,,,,,,,,,False,,,,,,,,,
italy_ferrara,2018,flex_ml0p6_b24,high_investment_small_cavern,2.0,41.09583785564535,2,infeasible,2,The problem is infeasible. (HiGHS Status 8: model_status is Infeasible; primal_status is None),highs-ds,hourly,cyclic,True,0.6,1.5,0.6,24.0,0.4444444444444445,0.0,0.587,2,,,,,,,,,,,,,,False,,,,,,,,,
italy_ferrara,2018,flex_ml0p6_b24,high_investment_small_cavern,2.0,41.09583785564535,3,optimal,0,Optimization terminated successfully. (HiGHS Status 7: Optimal),highs-ds,hourly,cyclic,True,0.6,1.5,0.6,24.0,0.4444444444444445,0.0,0.587,3,42652.49410786053,240.2240060432833,20.38100340495384,1147.957681124982,5.6843418860808015e-12,3.637978807091713e-12,5.678160164279689e-10,5.67524693906307e-10,0.0,3.552713678800501e-15,1.2789769243681806e-13,181.5259395995771,175.06180216038058,True,2434.503088348204,1163.299281104671,1147.957681124982,65.52269869434828,20.38100340495384,8760.0,97090.44540868809,363.0518791991542,181.5259395995771
italy_ferrara,2018,flex_ml0p6_b24,high_investment_small_cavern,2.0,41.09583785564535,4,optimal,0,Optimization terminated successfully. (HiGHS Status 7: Optimal),highs-ds,hourly,cyclic,True,0.6,1.5,0.6,24.0,0.4444444444444445,0.0,0.587,4,23775.5196471238,133.90660252949408,24.0,212395.2008793624,1.1368683772161605e-13,1.7905676941154525e-12,3.807123505339405e-10,3.8198777474462976e-10,0.0,0.0,0.0,242.03458613276948,266.32950726108186,False,1357.0502081691668,1369.86301369863,212395.2008793624,12123.013748822055,24.0,8760.0,129453.92721158412,484.06917226553895,242.03458613276948
italy_ferrara,2018,rigid,high_investment_small_cavern,2.0,41.09583785564535,0,infeasible,2,The problem is infeasible. (HiGHS Status 8: model_status is Infeasible; primal_status is None),highs-ds,hourly,cyclic,False,1.0,1.5,0.6,0.0,0.4444444444444445,0.0,0.587,0,,,,,,,,,,,,,,False,,,,,,,,,
italy_ferrara,2018,rigid,high_investment_small_cavern,2.0,41.09583785564535,1,infeasible,2,The problem is infeasible. (HiGHS Status 8: model_status is Infeasible; primal_status is None),highs-ds,hourly,cyclic,False,1.0,1.5,0.6,0.0,0.4444444444444445,0.0,0.587,1,,,,,,,,,,,,,,False,,,,,,,,,
italy_ferrara,2018,rigid,high_investment_small_cavern,2.0,41.09583785564535,2,infeasible,2,The problem is infeasible. (HiGHS Status 8: model_status is Infeasible; primal_status is None),highs-ds,hourly,cyclic,False,1.0,1.5,0.6,0.0,0.4444444444444445,0.0,0.587,2,,,,,,,,,,,,,,False,,,,,,,,,
italy_ferrara,2018,rigid,high_investment_small_cavern,2.0,41.09583785564535,3,optimal,0,Optimization terminated successfully. (HiGHS Status 7: Optimal),highs-ds,hourly,cyclic,False,1.0,1.5,0.6,0.0,0.4444444444444445,0.0,0.587,3,78761.01941489572,443.5915882445945,-0.0,2200.2402480637334,6.394884621840902e-12,7.275957614183426e-12,0.0,0.0,0.0,1.7763568394002505e-15,2.877698079828407e-13,181.5259395995771,177.55300484072126,True,4495.491975736058,-0.0,2200.2402480637334,125.58448904473364,0.0,8760.0,97090.44540868809,363.0518791991542,181.5259395995771
italy_ferrara,2018,rigid,high_investment_small_cavern,2.0,41.09583785564535,4,optimal,0,Optimization terminated successfully. (HiGHS Status 7: Optimal),highs-ds,hourly,cyclic,False,1.0,1.5,0.6,0.0,0.4444444444444445,0.0,0.587,4,47801.19612767245,269.22211860370265,0.0,211640.3792250618,8.526512829121202e-14,3.637978807091713e-12,0.0,0.0,0.0,0.0,0.0,242.03458613276948,242.03458613276948,False,2728.3787744105275,0.0,211640.3792250618,12079.93032106517,0.0,8760.0,129453.92721158412,484.06917226553895,242.03458613276948
italy_ferrara,2019,flex_ml0p4_b24,high_investment_small_cavern,2.0,41.09583785564535,0,infeasible,2,The problem is infeasible. (HiGHS Status 8: model_status is Infeasible; primal_status is None),highs-ds,hourly,cyclic,True,0.4,1.5,0.6,24.0,0.4444444444444445,0.0,0.587,0,,,,,,,,,,,,,,False,,,,,,,,,
italy_ferrara,2019,flex_ml0p4_b24,high_investment_small_cavern,2.0,41.09583785564535,1,infeasible,2,The problem is infeasible. (HiGHS Status 8: model_status is Infeasible; primal_status is None),highs-ds,hourly,cyclic,True,0.4,1.5,0.6,24.0,0.4444444444444445,0.0,0.587,1,,,,,,,,,,,,,,False,,,,,,,,,
italy_ferrara,2019,flex_ml0p4_b24,high_investment_small_cavern,2.0,41.09583785564535,2,optimal,0,Optimization terminated successfully. (HiGHS Status 7: Optimal),highs-ds,hourly,cyclic,True,0.4,1.5,0.6,24.0,0.4444444444444445,0.0,0.587,2,19099.19962153266,107.56900249965422,24.00000000000047,693.5210512015951,1.801936377887614e-11,3.7545078157563694e-11,3.01638491961853e-10,3.019522409886122e-10,0.0,3.552713678800501e-15,0.0,121.01729306638474,242.03458613276948,True,1090.1369646993528,1369.863013698657,693.5210512015951,39.5845348859358,24.00000000000047,8760.0,64726.96360579206,242.03458613276948,121.01729306638474
italy_ferrara,2019,flex_ml0p6_b24,high_investment_small_cavern,2.0,41.09583785564535,0,infeasible,2,The problem is infeasible. (HiGHS Status 8: model_status is Infeasible; primal_status is None),highs-ds,hourly,cyclic,True,0.6,1.5,0.6,24.0,0.4444444444444445,0.0,0.587,0,,,,,,,,,,,,,,False,,,,,,,,,
italy_ferrara,2019,flex_ml0p6_b24,high_investment_small_cavern,2.0,41.09583785564535,1,infeasible,2,The problem is infeasible. (HiGHS Status 8: model_status is Infeasible; primal_status is None),highs-ds,hourly,cyclic,True,0.6,1.5,0.6,24.0,0.4444444444444445,0.0,0.587,1,,,,,,,,,,,,,,False,,,,,,,,,
italy_ferrara,2019,flex_ml0p6_b24,high_investment_small_cavern,2.0,41.09583785564535,2,optimal,0,Optimization terminated successfully. (HiGHS Status 7: Optimal),highs-ds,hourly,cyclic,True,0.6,1.5,0.6,24.0,0.4444444444444445,0.0,0.587,2,45580.5567731764,256.71520915157515,8.767350638592806,1589.1287263106724,3.353761712787673e-12,3.637978807091713e-12,3.6490011012801915e-10,3.6561687011271715e-10,0.0,3.552713678800501e-15,0.0,121.01729306638474,159.79770435664912,True,2601.629952806872,500.41955699730624,1589.1287263106724,90.70369442412512,8.767350638592806,8760.0,64726.96360579206,242.03458613276948,121.01729306638474
italy_ferrara,2019,rigid,high_investment_small_cavern,2.0,41.09583785564535,0,infeasible,2,The problem is infeasible. (HiGHS Status 8: model_status is Infeasible; primal_status is None),highs-ds,hourly,cyclic,False,1.0,1.5,0.6,0.0,0.4444444444444445,0.0,0.587,0,,,,,,,,,,,,,,False,,,,,,,,,
italy_ferrara,2019,rigid,high_investment_small_cavern,2.0,41.09583785564535,1,infeasible,2,The problem is infeasible. (HiGHS Status 8: model_status is Infeasible; primal_status is None),highs-ds,hourly,cyclic,False,1.0,1.5,0.6,0.0,0.4444444444444445,0.0,0.587,1,,,,,,,,,,,,,,False,,,,,,,,,
italy_ferrara,2019,rigid,high_investment_small_cavern,2.0,41.09583785564535,2,infeasible,2,The problem is infeasible. (HiGHS Status 8: model_status is Infeasible; primal_status is None),highs-ds,hourly,cyclic,False,1.0,1.5,0.6,0.0,0.4444444444444445,0.0,0.587,2,,,,,,,,,,,,,,False,,,,,,,,,
italy_ferrara,2019,rigid,high_investment_small_cavern,2.0,41.09583785564535,3,optimal,0,Optimization terminated successfully. (HiGHS Status 7: Optimal),highs-ds,hourly,cyclic,False,1.0,1.5,0.6,0.0,0.4444444444444445,0.0,0.587,3,30023.050975494665,169.0934546696501,-0.0,1137.481237406119,6.792788553866558e-12,1.8189894035458565e-12,0.0,0.0,0.0,3.552713678800501e-15,0.0,181.5259395995771,359.0789444402984,True,1713.6444620716134,-0.0,1137.481237406119,64.92472816244971,0.0,8760.0,97090.44540868809,363.0518791991542,181.5259395995771
italy_ferrara,2019,rigid,high_investment_small_cavern,2.0,41.09583785564535,4,optimal,0,Optimization terminated successfully. (HiGHS Status 7: Optimal),highs-ds,hourly,cyclic,False,1.0,1.5,0.6,0.0,0.4444444444444445,0.0,0.587,4,20558.340364808657,115.78705966283744,0.0,207343.7021159659,8.526512829121202e-14,1.7905676941154525e-12,0.0,0.0,0.0,0.0,0.0,242.03458613276948,247.1326269419833,False,1173.4212536991242,0.0,207343.7021159659,11834.68619383367,0.0,8760.0,129453.92721158412,484.06917226553895,242.03458613276948
italy_ferrara,2020,flex_ml0p4_b24,high_investment_small_cavern,2.0,41.09583785564535,0,infeasible,2,The problem is infeasible. (HiGHS Status 8: model_status is Infeasible; primal_status is None),highs-ds,hourly,cyclic,True,0.4,1.5,0.6,24.0,0.4444444444444445,0.0,0.587,0,,,,,,,,,,,,,,False,,,,,,,,,
italy_ferrara,2020,flex_ml0p4_b24,high_investment_small_cavern,2.0,41.09583785564535,1,infeasible,2,The problem is infeasible. (HiGHS Status 8: model_status is Infeasible; primal_status is None),highs-ds,hourly,cyclic,True,0.4,1.5,0.6,24.0,0.4444444444444445,0.0,0.587,1,,,,,,,,,,,,,,False,,,,,,,,,
italy_ferrara,2020,flex_ml0p4_b24,high_investment_small_cavern,2.0,41.09583785564535,2,infeasible,2,The problem is infeasible. (HiGHS Status 8: model_status is Infeasible; primal_status is None),highs-ds,hourly,cyclic,True,0.4,1.5,0.6,24.0,0.4444444444444445,0.0,0.587,2,,,,,,,,,,,,,,False,,,,,,,,,
italy_ferrara,2020,flex_ml0p4_b24,high_investment_small_cavern,2.0,41.09583785564535,3,optimal,0,Optimization terminated successfully. (HiGHS Status 7: Optimal),highs-ds,hourly,cyclic,True,0.4,1.5,0.6,24.0,0.4444444444444445,0.0,0.587,3,54462.96799914689,306.7420235889805,23.9999999999955,1106.1544196862503,1.1624479157035239e-11,5.573497219302226e-11,2.640034857392948e-10,2.6557245291769505e-10,0.0,3.552713678800501e-15,2.8332891588433995e-11,181.5259395995771,266.32950726108186,True,3108.616894928475,1369.8630136983732,1106.1544196862503,63.13666779031109,23.9999999999955,8784.0,97090.44540868809,363.0518791991542,181.5259395995771
italy_ferrara,2020,flex_ml0p4_b24,high_investment_small_cavern,2.0,41.09583785564535,4,optimal,0,Optimization terminated successfully. (HiGHS Status 7: Optimal),highs-ds,hourly,cyclic,True,0.4,1.5,0.6,24.0,0.4444444444444445,0.0,0.587,4,43130.87286828324,242.9182930864784,24.0,209259.787853806,3.325340003357269e-12,3.6408209780347534e-11,1.0255751803356358e-10,1.0368239600211382e-10,0.0,0.0,0.0,242.03458613276948,266.32950726108186,False,2461.8078121166227,1369.86301369863,209259.787853806,11944.051818139613,24.0,8784.0,129453.92721158412,484.06917226553895,242.03458613276948
italy_ferrara,2020,flex_ml0p6_b24,high_investment_small_cavern,2.0,41.09583785564535,0,infeasible,2,The problem is infeasible. (HiGHS Status 8: model_status is Infeasible; primal_status is None),highs-ds,hourly,cyclic,True,0.6,1.5,0.6,24.0,0.4444444444444445,0.0,0.587,0,,,,,,,,,,,,,,False,,,,,,,,,
italy_ferrara,2020,flex_ml0p6_b24,high_investment_small_cavern,2.0,41.09583785564535,1,infeasible,2,The problem is infeasible. (HiGHS Status 8: model_status is Infeasible; primal_status is None),highs-ds,hourly,cyclic,True,0.6,1.5,0.6,24.0,0.4444444444444445,0.0,0.587,1,,,,,,,,,,,,,,False,,,,,,,,,
italy_ferrara,2020,flex_ml0p6_b24,high_investment_small_cavern,2.0,41.09583785564535,2,infeasible,2,The problem is infeasible. (HiGHS Status 8: model_status is Infeasible; primal_status is None),highs-ds,hourly,cyclic,True,0.6,1.5,0.6,24.0,0.4444444444444445,0.0,0.587,2,,,,,,,,,,,,,,False,,,,,,,,,
italy_ferrara,2020,flex_ml0p6_b24,high_investment_small_cavern,2.0,41.09583785564535,3,optimal,0,Optimization terminated successfully. (HiGHS Status 7: Optimal),highs-ds,hourly,cyclic,True,0.6,1.5,0.6,24.0,0.4444444444444445,0.0,0.587,3,66510.4933187957,374.5951434528565,24.00000000000015,1225.7464270384964,5.5990767577895895e-12,8.848743959788408e-11,4.881339776829916e-10,4.874891601502893e-10,0.0,3.552713678800501e-15,0.0,181.5259395995771,189.684058228814,True,3796.261034177837,1369.8630136986387,1225.7464270384964,69.96269560722011,24.00000000000015,8784.0,97090.44540868809,363.0518791991542,181.5259395995771
italy_ferrara,2020,flex_ml0p6_b24,high_investment_small_cavern,2.0,41.09583785564535,4,optimal,0,Optimization terminated successfully. (HiGHS Status 7: Optimal),highs-ds,hourly,cyclic,True,0.6,1.5,0.6,24.0,0.4444444444444445,0.0,0.587,4,45322.32802585201,255.2608336114032,24.0,209259.787853806,1.0913936421275139e-11,2.0435209080460478e-11,2.8282576280957983e-10,2.837623469531536e-10,0.0,0.0,0.0,242.03458613276948,266.32950726108186,False,2586.8908690554804,1369.86301369863,209259.787853806,11944.051818139613,24.0,8784.0,129453.92721158412,484.06917226553895,242.03458613276948
italy_ferrara,2020,rigid,high_investment_small_cavern,2.0,41.09583785564535,0,infeasible,2,The problem is infeasible. (HiGHS Status 8: model_status is Infeasible; primal_status is None),highs-ds,hourly,cyclic,False,1.0,1.5,0.6,0.0,0.4444444444444445,0.0,0.587,0,,,,,,,,,,,,,,False,,,,,,,,,
italy_ferrara,2020,rigid,high_investment_small_cavern,2.0,41.09583785564535,1,infeasible,2,The problem is infeasible. (HiGHS Status 8: model_status is Infeasible; primal_status is None),highs-ds,hourly,cyclic,False,1.0,1.5,0.6,0.0,0.4444444444444445,0.0,0.587,1,,,,,,,,,,,,,,False,,,,,,,,,
italy_ferrara,2020,rigid,high_investment_small_cavern,2.0,41.09583785564535,2,infeasible,2,The problem is infeasible. (HiGHS Status 8: model_status is Infeasible; primal_status is None),highs-ds,hourly,cyclic,False,1.0,1.5,0.6,0.0,0.4444444444444445,0.0,0.587,2,,,,,,,,,,,,,,False,,,,,,,,,
italy_ferrara,2020,rigid,high_investment_small_cavern,2.0,41.09583785564535,3,infeasible,2,The problem is infeasible. (HiGHS Status 8: model_status is Infeasible; primal_status is None),highs-ds,hourly,cyclic,False,1.0,1.5,0.6,0.0,0.4444444444444445,0.0,0.587,3,,,,,,,,,,,,,,False,,,,,,,,,
italy_ferrara,2020,rigid,high_investment_small_cavern,2.0,41.09583785564535,4,optimal,0,Optimization terminated successfully. (HiGHS Status 7: Optimal),highs-ds,hourly,cyclic,False,1.0,1.5,0.6,0.0,0.4444444444444445,0.0,0.587,4,69814.46916809873,393.20353508366526,-0.0,1419.851435252434,7.702283255639486e-12,7.247535904753022e-12,0.0,0.0,0.0,3.552713678800501e-15,4.583000645652646e-13,242.03458613276948,419.5875909734907,True,3984.844130599243,-0.0,1419.851435252434,81.0417485874677,0.0,8784.0,129453.92721158412,484.06917226553895,242.03458613276948
italy_ferrara,2021,flex_ml0p4_b24,high_investment_small_cavern,2.0,41.09583785564535,0,infeasible,2,The problem is infeasible. (HiGHS Status 8: model_status is Infeasible; primal_status is None),highs-ds,hourly,cyclic,True,0.4,1.5,0.6,24.0,0.4444444444444445,0.0,0.587,0,,,,,,,,,,,,,,False,,,,,,,,,
italy_ferrara,2021,flex_ml0p4_b24,high_investment_small_cavern,2.0,41.09583785564535,1,infeasible,2,The problem is infeasible. (HiGHS Status 8: model_status is Infeasible; primal_status is None),highs-ds,hourly,cyclic,True,0.4,1.5,0.6,24.0,0.4444444444444445,0.0,0.587,1,,,,,,,,,,,,,,False,,,,,,,,,
italy_ferrara,2021,flex_ml0p4_b24,high_investment_small_cavern,2.0,41.09583785564535,2,optimal,0,Optimization terminated successfully. (HiGHS Status 7: Optimal),highs-ds,hourly,cyclic,True,0.4,1.5,0.6,24.0,0.4444444444444445,0.0,0.587,2,34439.32895472935,193.96646643983348,23.999999999898773,816.0623426309339,6.366462912410498e-12,3.623767952376511e-12,2.988920222435354e-10,3.0013325158506627e-10,0.0,3.552713678800501e-15,0.0,121.01729306638474,242.03458613276948,True,1965.7151229868352,1369.8630136928523,816.0623426309339,46.57890083509897,23.999999999898773,8760.0,64726.96360579206,242.03458613276948,121.01729306638474
italy_ferrara,2021,flex_ml0p6_b24,high_investment_small_cavern,2.0,41.09583785564535,0,infeasible,2,The problem is infeasible. (HiGHS Status 8: model_status is Infeasible; primal_status is None),highs-ds,hourly,cyclic,True,0.6,1.5,0.6,24.0,0.4444444444444445,0.0,0.587,0,,,,,,,,,,,,,,False,,,,,,,,,
italy_ferrara,2021,flex_ml0p6_b24,high_investment_small_cavern,2.0,41.09583785564535,1,infeasible,2,The problem is infeasible. (HiGHS Status 8: model_status is Infeasible; primal_status is None),highs-ds,hourly,cyclic,True,0.6,1.5,0.6,24.0,0.4444444444444445,0.0,0.587,1,,,,,,,,,,,,,,False,,,,,,,,,
italy_ferrara,2021,flex_ml0p6_b24,high_investment_small_cavern,2.0,41.09583785564535,2,infeasible,2,The problem is infeasible. (HiGHS Status 8: model_status is Infeasible; primal_status is None),highs-ds,hourly,cyclic,True,0.6,1.5,0.6,24.0,0.4444444444444445,0.0,0.587,2,,,,,,,,,,,,,,False,,,,,,,,,
italy_ferrara,2021,flex_ml0p6_b24,high_investment_small_cavern,2.0,41.09583785564535,3,optimal,0,Optimization terminated successfully. (HiGHS Status 7: Optimal),highs-ds,hourly,cyclic,True,0.6,1.5,0.6,24.0,0.4444444444444445,0.0,0.587,3,30410.97881007531,171.2783111575966,22.88564897622236,827.0207652277435,5.7411853049416095e-12,1.8189894035458565e-12,4.2912873254863366e-10,4.292814992368221e-10,0.0,3.552713678800501e-15,0.0,181.5259395995771,218.42625751791056,True,1735.7864617622895,1306.2585032090385,827.0207652277435,47.204381576926,22.88564897622236,8760.0,97090.44540868809,363.0518791991542,181.5259395995771
italy_ferrara,2021,flex_ml0p6_b24,high_investment_small_cavern,2.0,41.09583785564535,4,optimal,0,Optimization terminated successfully. (HiGHS Status 7: Optimal),highs-ds,hourly,cyclic,True,0.6,1.5,0.6,24.0,0.4444444444444445,0.0,0.587,4,26789.047327160017,150.87915493850335,24.0,208998.5034350096,1.1368683772161605e-13,1.1993961379630491e-11,2.2080559602954963e-10,2.219167072325945e-10,0.0,0.0,0.0,242.03458613276948,266.32950726108186,False,1529.0552127374438,1369.86301369863,208998.5034350096,11929.138323916071,24.0,8760.0,129453.92721158412,484.06917226553895,242.03458613276948
italy_ferrara,2021,rigid,high_investment_small_cavern,2.0,41.09583785564535,0,infeasible,2,The problem is infeasible. (HiGHS Status 8: model_status is Infeasible; primal_status is None),highs-ds,hourly,cyclic,False,1.0,1.5,0.6,0.0,0.4444444444444445,0.0,0.587,0,,,,,,,,,,,,,,False,,,,,,,,,
italy_ferrara,2021,rigid,high_investment_small_cavern,2.0,41.09583785564535,1,infeasible,2,The problem is infeasible. (HiGHS Status 8: model_status is Infeasible; primal_status is None),highs-ds,hourly,cyclic,False,1.0,1.5,0.6,0.0,0.4444444444444445,0.0,0.587,1,,,,,,,,,,,,,,False,,,,,,,,,
italy_ferrara,2021,rigid,high_investment_small_cavern,2.0,41.09583785564535,2,infeasible,2,The problem is infeasible. (HiGHS Status 8: model_status is Infeasible; primal_status is None),highs-ds,hourly,cyclic,False,1.0,1.5,0.6,0.0,0.4444444444444445,0.0,0.587,2,,,,,,,,,,,,,,False,,,,,,,,,
italy_ferrara,2021,rigid,high_investment_small_cavern,2.0,41.09583785564535,3,optimal,0,Optimization terminated successfully. (HiGHS Status 7: Optimal),highs-ds,hourly,cyclic,False,1.0,1.5,0.6,0.0,0.4444444444444445,0.0,0.587,3,52206.21179797079,294.0316996876724,-0.0,1334.895204280685,6.849631972727366e-12,3.637978807091713e-12,0.0,0.0,0.0,3.552713678800501e-15,7.460698725481053e-14,181.5259395995771,359.0789444402984,True,2979.8066094732185,-0.0,1334.895204280685,76.19264864615782,0.0,8760.0,97090.44540868809,363.0518791991542,181.5259395995771
italy_ferrara,2021,rigid,high_investment_small_cavern,2.0,41.09583785564535,4,optimal,0,Optimization terminated successfully. (HiGHS Status 7: Optimal),highs-ds,hourly,cyclic,False,1.0,1.5,0.6,0.0,0.4444444444444445,0.0,0.587,4,33971.65037308394,191.33244409780127,0.0,208475.93459741684,8.526512829121202e-14,3.495870259939693e-12,0.0,0.0,0.0,0.0,0.0,242.03458613276948,419.5875909734907,False,1939.0211400162063,0.0,208475.93459741684,11899.311335468998,0.0,8760.0,129453.92721158412,484.06917226553895,242.03458613276948
italy_ferrara,2022,flex_ml0p4_b24,high_investment_small_cavern,2.0,41.09583785564535,0,infeasible,2,The problem is infeasible. (HiGHS Status 8: model_status is Infeasible; primal_status is None),highs-ds,hourly,cyclic,True,0.4,1.5,0.6,24.0,0.4444444444444445,0.0,0.587,0,,,,,,,,,,,,,,False,,,,,,,,,
italy_ferrara,2022,flex_ml0p4_b24,high_investment_small_cavern,2.0,41.09583785564535,1,infeasible,2,The problem is infeasible. (HiGHS Status 8: model_status is Infeasible; primal_status is None),highs-ds,hourly,cyclic,True,0.4,1.5,0.6,24.0,0.4444444444444445,0.0,0.587,1,,,,,,,,,,,,,,False,,,,,,,,,
italy_ferrara,2022,flex_ml0p4_b24,high_investment_small_cavern,2.0,41.09583785564535,2,infeasible,2,The problem is infeasible. (HiGHS Status 8: model_status is Infeasible; primal_status is None),highs-ds,hourly,cyclic,True,0.4,1.5,0.6,24.0,0.4444444444444445,0.0,0.587,2,,,,,,,,,,,,,,False,,,,,,,,,
italy_ferrara,2022,flex_ml0p4_b24,high_investment_small_cavern,2.0,41.09583785564535,3,optimal,0,Optimization terminated successfully. (HiGHS Status 7: Optimal),highs-ds,hourly,cyclic,True,0.4,1.5,0.6,24.0,0.4444444444444445,0.0,0.587,3,79228.30432194914,446.2233933637059,23.99999999986581,1343.793525634209,6.574651933988205e-10,6.286171583269606e-11,2.5022606209290643e-10,2.510205376893282e-10,4.440892098500626e-16,3.552713678800501e-15,0.0,181.5259395995771,266.32950726108186,True,4522.163488695726,1369.863013690971,1343.793525634209,76.7005437005827,23.99999999986581,8760.0,97090.44540868809,363.0518791991542,181.5259395995771
italy_ferrara,2022,flex_ml0p4_b24,high_investment_small_cavern,2.0,41.09583785564535,4,optimal,0,Optimization terminated successfully. (HiGHS Status 7: Optimal),highs-ds,hourly,cyclic,True,0.4,1.5,0.6,24.0,0.4444444444444445,0.0,0.587,4,66865.158730379,376.5926619510732,24.0,212743.58010442427,6.963318810448982e-12,5.0931703299283975e-11,1.4894618871608143e-10,1.4915713109076023e-10,0.0,0.0,0.0,242.03458613276948,266.32950726108186,False,3816.5044937430935,1369.86301369863,212743.58010442427,12142.898407786774,24.0,8760.0,129453.92721158412,484.06917226553895,242.03458613276948
italy_ferrara,2022,flex_ml0p6_b24,high_investment_small_cavern,2.0,41.09583785564535,0,infeasible,2,The problem is infeasible. (HiGHS Status 8: model_status is Infeasible; primal_status is None),highs-ds,hourly,cyclic,True,0.6,1.5,0.6,24.0,0.4444444444444445,0.0,0.587,0,,,,,,,,,,,,,,False,,,,,,,,,
italy_ferrara,2022,flex_ml0p6_b24,high_investment_small_cavern,2.0,41.09583785564535,1,infeasible,2,The problem is infeasible. (HiGHS Status 8: model_status is Infeasible; primal_status is None),highs-ds,hourly,cyclic,True,0.6,1.5,0.6,24.0,0.4444444444444445,0.0,0.587,1,,,,,,,,,,,,,,False,,,,,,,,,
italy_ferrara,2022,flex_ml0p6_b24,high_investment_small_cavern,2.0,41.09583785564535,2,infeasible,2,The problem is infeasible. (HiGHS Status 8: model_status is Infeasible; primal_status is None),highs-ds,hourly,cyclic,True,0.6,1.5,0.6,24.0,0.4444444444444445,0.0,0.587,2,,,,,,,,,,,,,,False,,,,,,,,,
italy_ferrara,2022,flex_ml0p6_b24,high_investment_small_cavern,2.0,41.09583785564535,3,optimal,0,Optimization terminated successfully. (HiGHS Status 7: Optimal),highs-ds,hourly,cyclic,True,0.6,1.5,0.6,24.0,0.4444444444444445,0.0,0.587,3,90398.7679995988,509.13679597083393,24.00000000030579,1462.2777509836064,5.172751116333529e-12,7.275957614183426e-12,5.123228508097101e-10,5.129550117999313e-10,0.0,3.552713678800501e-15,0.0,181.5259395995771,169.2726943042693,True,5159.74703194057,1369.863013716084,1462.2777509836064,83.46334195111909,24.00000000030579,8760.0,97090.44540868809,363.0518791991542,181.5259395995771
italy_ferrara,2022,flex_ml0p6_b24,high_investment_small_cavern,2.0,41.09583785564535,4,optimal,0,Optimization terminated successfully. (HiGHS Status 7: Optimal),highs-ds,hourly,cyclic,True,0.6,1.5,0.6,24.0,0.4444444444444445,0.0,0.587,4,66987.43974446837,377.2813634134847,24.0,212743.58010442427,3.410605131648481e-12,3.5461766856315075e-10,3.2392422077975875e-10,3.2378011383116235e-10,0.0,0.0,0.0,242.03458613276948,266.32950726108186,False,3823.484003679702,1369.86301369863,212743.58010442427,12142.898407786774,24.0,8760.0,129453.92721158412,484.06917226553895,242.03458613276948
italy_ferrara,2022,rigid,high_investment_small_cavern,2.0,41.09583785564535,0,infeasible,2,The problem is infeasible. (HiGHS Status 8: model_status is Infeasible; primal_status is None),highs-ds,hourly,cyclic,False,1.0,1.5,0.6,0.0,0.4444444444444445,0.0,0.587,0,,,,,,,,,,,,,,False,,,,,,,,,
italy_ferrara,2022,rigid,high_investment_small_cavern,2.0,41.09583785564535,1,infeasible,2,The problem is infeasible. (HiGHS Status 8: model_status is Infeasible; primal_status is None),highs-ds,hourly,cyclic,False,1.0,1.5,0.6,0.0,0.4444444444444445,0.0,0.587,1,,,,,,,,,,,,,,False,,,,,,,,,
italy_ferrara,2022,rigid,high_investment_small_cavern,2.0,41.09583785564535,2,infeasible,2,The problem is infeasible. (HiGHS Status 8: model_status is Infeasible; primal_status is None),highs-ds,hourly,cyclic,False,1.0,1.5,0.6,0.0,0.4444444444444445,0.0,0.587,2,,,,,,,,,,,,,,False,,,,,,,,,
italy_ferrara,2022,rigid,high_investment_small_cavern,2.0,41.09583785564535,3,infeasible,2,The problem is infeasible. (HiGHS Status 8: model_status is Infeasible; primal_status is None),highs-ds,hourly,cyclic,False,1.0,1.5,0.6,0.0,0.4444444444444445,0.0,0.587,3,,,,,,,,,,,,,,False,,,,,,,,,
italy_ferrara,2022,rigid,high_investment_small_cavern,2.0,41.09583785564535,4,optimal,0,Optimization terminated successfully. (HiGHS Status 7: Optimal),highs-ds,hourly,cyclic,False,1.0,1.5,0.6,0.0,0.4444444444444445,0.0,0.587,4,95943.2660786916,540.3640798124488,-0.0,1662.7568205917771,7.219114195322618e-12,7.247535904753022e-12,0.0,0.0,0.0,3.552713678800501e-15,4.636291350834654e-13,242.03458613276948,419.5875909734907,True,5476.213817276918,-0.0,1662.7568205917771,94.90621122099184,0.0,8760.0,129453.92721158412,484.06917226553895,242.03458613276948
italy_ferrara,2023,flex_ml0p4_b24,high_investment_small_cavern,2.0,41.09583785564535,0,infeasible,2,The problem is infeasible. (HiGHS Status 8: model_status is Infeasible; primal_status is None),highs-ds,hourly,cyclic,True,0.4,1.5,0.6,24.0,0.4444444444444445,0.0,0.587,0,,,,,,,,,,,,,,False,,,,,,,,,
italy_ferrara,2023,flex_ml0p4_b24,high_investment_small_cavern,2.0,41.09583785564535,1,infeasible,2,The problem is infeasible. (HiGHS Status 8: model_status is Infeasible; primal_status is None),highs-ds,hourly,cyclic,True,0.4,1.5,0.6,24.0,0.4444444444444445,0.0,0.587,1,,,,,,,,,,,,,,False,,,,,,,,,
italy_ferrara,2023,flex_ml0p4_b24,high_investment_small_cavern,2.0,41.09583785564535,2,optimal,0,Optimization terminated successfully. (HiGHS Status 7: Optimal),highs-ds,hourly,cyclic,True,0.4,1.5,0.6,24.0,0.4444444444444445,0.0,0.587,2,41697.60434854658,234.845951415762,23.99999999995658,752.994419742031,1.0109602044394704e-10,6.573941391252447e-11,3.00717672985229e-10,3.019522409886122e-10,0.0,3.552713678800501e-15,5.56140022922591e-10,121.01729306638474,242.03458613276948,True,2380.000248204713,1369.8630136961517,752.994419742031,42.97913354691958,23.99999999995658,8760.0,64726.96360579206,242.03458613276948,121.01729306638474
italy_ferrara,2023,flex_ml0p6_b24,high_investment_small_cavern,2.0,41.09583785564535,0,infeasible,2,The problem is infeasible. (HiGHS Status 8: model_status is Infeasible; primal_status is None),highs-ds,hourly,cyclic,True,0.6,1.5,0.6,24.0,0.4444444444444445,0.0,0.587,0,,,,,,,,,,,,,,False,,,,,,,,,
italy_ferrara,2023,flex_ml0p6_b24,high_investment_small_cavern,2.0,41.09583785564535,1,infeasible,2,The problem is infeasible. (HiGHS Status 8: model_status is Infeasible; primal_status is None),highs-ds,hourly,cyclic,True,0.6,1.5,0.6,24.0,0.4444444444444445,0.0,0.587,1,,,,,,,,,,,,,,False,,,,,,,,,
italy_ferrara,2023,flex_ml0p6_b24,high_investment_small_cavern,2.0,41.09583785564535,2,optimal,0,Optimization terminated successfully. (HiGHS Status 7: Optimal),highs-ds,hourly,cyclic,True,0.6,1.5,0.6,24.0,0.4444444444444445,0.0,0.587,2,62054.46421781818,349.4982485567384,18.639071609054124,1683.718704809174,3.097966327914037e-12,3.637978807091713e-12,3.9156766717951536e-10,3.92901711165905e-10,0.0,3.552713678800501e-15,1.5454304502782184e-13,121.01729306638474,159.79770435664912,True,3541.921473619759,1063.873950288477,1683.718704809174,96.1026657996104,18.639071609054124,8760.0,64726.96360579206,242.03458613276948,121.01729306638474
italy_ferrara,2023,rigid,high_investment_small_cavern,2.0,41.09583785564535,0,infeasible,2,The problem is infeasible. (HiGHS Status 8: model_status is Infeasible; primal_status is None),highs-ds,hourly,cyclic,False,1.0,1.5,0.6,0.0,0.4444444444444445,0.0,0.587,0,,,,,,,,,,,,,,False,,,,,,,,,
italy_ferrara,2023,rigid,high_investment_small_cavern,2.0,41.09583785564535,1,infeasible,2,The problem is infeasible. (HiGHS Status 8: model_status is Infeasible; primal_status is None),highs-ds,hourly,cyclic,False,1.0,1.5,0.6,0.0,0.4444444444444445,0.0,0.587,1,,,,,,,,,,,,,,False,,,,,,,,,
italy_ferrara,2023,rigid,high_investment_small_cavern,2.0,41.09583785564535,2,infeasible,2,The problem is infeasible. (HiGHS Status 8: model_status is Infeasible; primal_status is None),highs-ds,hourly,cyclic,False,1.0,1.5,0.6,0.0,0.4444444444444445,0.0,0.587,2,,,,,,,,,,,,,,False,,,,,,,,,
italy_ferrara,2023,rigid,high_investment_small_cavern,2.0,41.09583785564535,3,optimal,0,Optimization terminated successfully. (HiGHS Status 7: Optimal),highs-ds,hourly,cyclic,False,1.0,1.5,0.6,0.0,0.4444444444444445,0.0,0.587,3,52155.43196473069,293.74570152455675,-0.0,1115.326306214431,6.565414878423326e-12,3.637978807091713e-12,0.0,0.0,0.0,3.552713678800501e-15,0.0,181.5259395995771,359.0789444402984,True,2976.908217164994,-0.0,1115.326306214431,63.66017729534423,0.0,8760.0,97090.44540868809,363.0518791991542,181.5259395995771
italy_ferrara,2023,rigid,high_investment_small_cavern,2.0,41.09583785564535,4,optimal,0,Optimization terminated successfully. (HiGHS Status 7: Optimal),highs-ds,hourly,cyclic,False,1.0,1.5,0.6,0.0,0.4444444444444445,0.0,0.587,4,37831.053552975216,213.06906963874025,0.0,206153.406430338,8.526512829121202e-14,3.609557097661309e-12,0.0,0.0,0.0,0.0,0.0,242.03458613276948,419.5875909734907,False,2159.306709644704,0.0,206153.406430338,11766.74694237089,0.0,8760.0,129453.92721158412,484.06917226553895,242.03458613276948
netherlands_geleen,2015,flex_ml0p4_b24,high_investment_small_cavern,2.0,93.2598220947594,0,infeasible,2,The problem is infeasible. (HiGHS Status 8: model_status is Infeasible; primal_status is None),highs-ds,hourly,cyclic,True,0.4,1.5,0.6,24.0,0.4444444444444445,0.0,0.587,0,,,,,,,,,,,,,,False,,,,,,,,,
netherlands_geleen,2015,flex_ml0p4_b24,high_investment_small_cavern,2.0,93.2598220947594,1,infeasible,2,The problem is infeasible. (HiGHS Status 8: model_status is Infeasible; primal_status is None),highs-ds,hourly,cyclic,True,0.4,1.5,0.6,24.0,0.4444444444444445,0.0,0.587,1,,,,,,,,,,,,,,False,,,,,,,,,
netherlands_geleen,2015,flex_ml0p4_b24,high_investment_small_cavern,2.0,93.2598220947594,2,infeasible,2,The problem is infeasible. (HiGHS Status 8: model_status is Infeasible; primal_status is None),highs-ds,hourly,cyclic,True,0.4,1.5,0.6,24.0,0.4444444444444445,0.0,0.587,2,,,,,,,,,,,,,,False,,,,,,,,,
netherlands_geleen,2015,flex_ml0p4_b24,high_investment_small_cavern,2.0,93.2598220947594,3,infeasible,2,The problem is infeasible. (HiGHS Status 8: model_status is Infeasible; primal_status is None),highs-ds,hourly,cyclic,True,0.4,1.5,0.6,24.0,0.4444444444444445,0.0,0.587,3,,,,,,,,,,,,,,False,,,,,,,,,
netherlands_geleen,2015,flex_ml0p4_b24,high_investment_small_cavern,2.0,93.2598220947594,4,optimal,0,Optimization terminated successfully. (HiGHS Status 7: Optimal),highs-ds,hourly,cyclic,True,0.4,1.5,0.6,24.0,0.4444444444444445,0.0,0.587,4,41990.92502634908,236.497968953092,24.000000000000444,367.146824313155,6.139089236967266e-12,3.609557097661309e-12,1.5971601818876024e-10,1.6189005691558123e-10,0.0,3.552713678800501e-15,0.0,106.65486898596022,213.30973797192044,True,2396.742296024491,1369.8630136986555,367.146824313155,20.95586896764583,24.000000000000444,8760.0,57045.11849763358,213.30973797192044,106.65486898596022
netherlands_geleen,2015,flex_ml0p6_b24,high_investment_small_cavern,2.0,93.2598220947594,0,infeasible,2,The problem is infeasible. (HiGHS Status 8: model_status is Infeasible; primal_status is None),highs-ds,hourly,cyclic,True,0.6,1.5,0.6,24.0,0.4444444444444445,0.0,0.587,0,,,,,,,,,,,,,,False,,,,,,,,,
netherlands_geleen,2015,flex_ml0p6_b24,high_investment_small_cavern,2.0,93.2598220947594,1,infeasible,2,The problem is infeasible. (HiGHS Status 8: model_status is Infeasible; primal_status is None),highs-ds,hourly,cyclic,True,0.6,1.5,0.6,24.0,0.4444444444444445,0.0,0.587,1,,,,,,,,,,,,,,False,,,,,,,,,
netherlands_geleen,2015,flex_ml0p6_b24,high_investment_small_cavern,2.0,93.2598220947594,2,infeasible,2,The problem is infeasible. (HiGHS Status 8: model_status is Infeasible; primal_status is None),highs-ds,hourly,cyclic,True,0.6,1.5,0.6,24.0,0.4444444444444445,0.0,0.587,2,,,,,,,,,,,,,,False,,,,,,,,,
netherlands_geleen,2015,flex_ml0p6_b24,high_investment_small_cavern,2.0,93.2598220947594,3,infeasible,2,The problem is infeasible. (HiGHS Status 8: model_status is Infeasible; primal_status is None),highs-ds,hourly,cyclic,True,0.6,1.5,0.6,24.0,0.4444444444444445,0.0,0.587,3,,,,,,,,,,,,,,False,,,,,,,,,
netherlands_geleen,2015,flex_ml0p6_b24,high_investment_small_cavern,2.0,93.2598220947594,4,optimal,0,Optimization terminated successfully. (HiGHS Status 7: Optimal),highs-ds,hourly,cyclic,True,0.6,1.5,0.6,24.0,0.4444444444444445,0.0,0.587,4,45948.97186296759,258.7901675006141,24.00000000000016,803.52528875817,5.201172825763933e-12,1.2073542166035622e-10,3.0455193922307444e-10,3.055902197957039e-10,0.0,2.775557561562892e-15,0.0,106.65486898596022,159.79770435664912,True,2622.6582113565973,1369.863013698639,803.52528875817,45.86331556838869,24.00000000000016,8760.0,57045.11849763358,213.30973797192044,106.65486898596022
netherlands_geleen,2015,rigid,high_investment_small_cavern,2.0,93.2598220947594,0,infeasible,2,The problem is infeasible. (HiGHS Status 8: model_status is Infeasible; primal_status is None),highs-ds,hourly,cyclic,False,1.0,1.5,0.6,0.0,0.4444444444444445,0.0,0.587,0,,,,,,,,,,,,,,False,,,,,,,,,
netherlands_geleen,2015,rigid,high_investment_small_cavern,2.0,93.2598220947594,1,infeasible,2,The problem is infeasible. (HiGHS Status 8: model_status is Infeasible; primal_status is None),highs-ds,hourly,cyclic,False,1.0,1.5,0.6,0.0,0.4444444444444445,0.0,0.587,1,,,,,,,,,,,,,,False,,,,,,,,,
netherlands_geleen,2015,rigid,high_investment_small_cavern,2.0,93.2598220947594,2,infeasible,2,The problem is infeasible. (HiGHS Status 8: model_status is Infeasible; primal_status is None),highs-ds,hourly,cyclic,False,1.0,1.5,0.6,0.0,0.4444444444444445,0.0,0.587,2,,,,,,,,,,,,,,False,,,,,,,,,
netherlands_geleen,2015,rigid,high_investment_small_cavern,2.0,93.2598220947594,4,infeasible,2,The problem is infeasible. (HiGHS Status 8: model_status is Infeasible; primal_status is None),highs-ds,hourly,cyclic,False,1.0,1.5,0.6,0.0,0.4444444444444445,0.0,0.587,4,,,,,,,,,,,,,,False,,,,,,,,,
netherlands_geleen,2015,rigid,high_investment_small_cavern,2.0,93.2598220947594,5,optimal,0,Optimization terminated successfully. (HiGHS Status 7: Optimal),highs-ds,hourly,cyclic,False,1.0,1.5,0.6,0.0,0.4444444444444445,0.0,0.587,5,57843.62385296728,325.7822862804123,-0.0,903.6649535376212,5.201172825763933e-12,3.637978807091713e-12,0.0,0.0,0.0,3.552713678800501e-15,0.0,133.3185862324503,177.55300484072126,True,3301.576703936488,-0.0,903.6649535376212,51.57904985945327,0.0,8760.0,71306.39812204198,266.6371724649006,133.3185862324503
netherlands_geleen,2015,rigid,high_investment_small_cavern,2.0,93.2598220947594,6,optimal,0,Optimization terminated successfully. (HiGHS Status 7: Optimal),highs-ds,hourly,cyclic,False,1.0,1.5,0.6,0.0,0.4444444444444445,0.0,0.587,6,49224.520056961424,277.23845113812416,0.0,198924.537510305,8.526512829121202e-14,3.637978807091713e-12,0.0,0.0,0.0,0.0,0.0,159.98230347894034,319.9646069578807,False,2809.61872471241,0.0,198924.537510305,11354.140268853023,0.0,8760.0,85567.67774645037,319.9646069578807,159.98230347894034
netherlands_geleen,2015,rigid,high_investment_small_cavern,2.0,93.2598220947594,8,optimal,0,Optimization terminated successfully. (HiGHS Status 7: Optimal),highs-ds,hourly,cyclic,False,1.0,1.5,0.6,0.0,0.4444444444444445,0.0,0.587,8,44955.9432612504,253.1973102994193,0.0,198953.56911239348,8.526512829121202e-14,3.637978807091713e-12,0.0,0.0,0.0,0.0,0.0,213.30973797192044,390.8627428126417,False,2565.9784966467128,0.0,198953.56911239348,11355.797323766752,0.0,8760.0,114090.23699526716,426.6194759438409,213.30973797192044
netherlands_geleen,2016,flex_ml0p4_b24,high_investment_small_cavern,2.0,93.2598220947594,0,infeasible,2,The problem is infeasible. (HiGHS Status 8: model_status is Infeasible; primal_status is None),highs-ds,hourly,cyclic,True,0.4,1.5,0.6,24.0,0.4444444444444445,0.0,0.587,0,,,,,,,,,,,,,,False,,,,,,,,,
netherlands_geleen,2016,flex_ml0p4_b24,high_investment_small_cavern,2.0,93.2598220947594,1,infeasible,2,The problem is infeasible. (HiGHS Status 8: model_status is Infeasible; primal_status is None),highs-ds,hourly,cyclic,True,0.4,1.5,0.6,24.0,0.4444444444444445,0.0,0.587,1,,,,,,,,,,,,,,False,,,,,,,,,
netherlands_geleen,2016,flex_ml0p4_b24,high_investment_small_cavern,2.0,93.2598220947594,2,infeasible,2,The problem is infeasible. (HiGHS Status 8: model_status is Infeasible; primal_status is None),highs-ds,hourly,cyclic,True,0.4,1.5,0.6,24.0,0.4444444444444445,0.0,0.587,2,,,,,,,,,,,,,,False,,,,,,,,,
netherlands_geleen,2016,flex_ml0p4_b24,high_investment_small_cavern,2.0,93.2598220947594,3,infeasible,2,The problem is infeasible. (HiGHS Status 8: model_status is Infeasible; primal_status is None),highs-ds,hourly,cyclic,True,0.4,1.5,0.6,24.0,0.4444444444444445,0.0,0.587,3,,,,,,,,,,,,,,False,,,,,,,,,
netherlands_geleen,2016,flex_ml0p4_b24,high_investment_small_cavern,2.0,93.2598220947594,4,optimal,0,Optimization terminated successfully. (HiGHS Status 7: Optimal),highs-ds,hourly,cyclic,True,0.4,1.5,0.6,24.0,0.4444444444444445,0.0,0.587,4,38697.23432934217,217.94750454410263,24.00000000000026,451.38342505102025,7.503331289626658e-12,3.637978807091713e-12,2.7866853269387093e-10,2.8194335754960765e-10,0.0,3.552713678800501e-15,0.0,106.65486898596022,213.30973797192044,True,2208.746251674781,1369.8630136986449,451.38342505102025,25.76389412391668,24.00000000000026,8784.0,57045.11849763358,213.30973797192044,106.65486898596022
netherlands_geleen,2016,flex_ml0p6_b24,high_investment_small_cavern,2.0,93.2598220947594,0,infeasible,2,The problem is infeasible. (HiGHS Status 8: model_status is Infeasible; primal_status is None),highs-ds,hourly,cyclic,True,0.6,1.5,0.6,24.0,0.4444444444444445,0.0,0.587,0,,,,,,,,,,,,,,False,,,,,,,,,
netherlands_geleen,2016,flex_ml0p6_b24,high_investment_small_cavern,2.0,93.2598220947594,1,infeasible,2,The problem is infeasible. (HiGHS Status 8: model_status is Infeasible; primal_status is None),highs-ds,hourly,cyclic,True,0.6,1.5,0.6,24.0,0.4444444444444445,0.0,0.587,1,,,,,,,,,,,,,,False,,,,,,,,,
netherlands_geleen,2016,flex_ml0p6_b24,high_investment_small_cavern,2.0,93.2598220947594,2,infeasible,2,The problem is infeasible. (HiGHS Status 8: model_status is Infeasible; primal_status is None),highs-ds,hourly,cyclic,True,0.6,1.5,0.6,24.0,0.4444444444444445,0.0,0.587,2,,,,,,,,,,,,,,False,,,,,,,,,
netherlands_geleen,2016,flex_ml0p6_b24,high_investment_small_cavern,2.0,93.2598220947594,4,infeasible,2,The problem is infeasible. (HiGHS Status 8: model_status is Infeasible; primal_status is None),highs-ds,hourly,cyclic,True,0.6,1.5,0.6,24.0,0.4444444444444445,0.0,0.587,4,,,,,,,,,,,,,,False,,,,,,,,,
netherlands_geleen,2016,flex_ml0p6_b24,high_investment_small_cavern,2.0,93.2598220947594,5,optimal,0,Optimization terminated successfully. (HiGHS Status 7: Optimal),highs-ds,hourly,cyclic,True,0.6,1.5,0.6,24.0,0.4444444444444445,0.0,0.587,5,39199.92642833321,220.77872725104572,23.999999999999908,866.0745730583883,4.632738637155853e-12,3.637978807091713e-12,4.748779147689675e-10,4.765752237290144e-10,0.0,3.552713678800501e-15,3.3750779948604765e-14,133.3185862324503,159.79770435664912,True,2237.43872307838,1369.8630136986249,866.0745730583883,49.4334801973966,23.999999999999908,8784.0,71306.39812204198,266.6371724649006,133.3185862324503
netherlands_geleen,2016,flex_ml0p6_b24,high_investment_small_cavern,2.0,93.2598220947594,6,optimal,0,Optimization terminated successfully. (HiGHS Status 7: Optimal),highs-ds,hourly,cyclic,True,0.6,1.5,0.6,24.0,0.4444444444444445,0.0,0.587,6,34768.65663699801,195.821279781709,24.0,209346.88266007145,8.526512829121202e-14,3.609557097661309e-12,4.436595535395327e-10,4.4383341446518893e-10,0.0,0.0,0.0,159.98230347894034,231.2756078839633,False,1984.512365125457,1369.86301369863,209346.88266007145,11949.02298288079,24.0,8784.0,85567.67774645037,319.9646069578807,159.98230347894034
netherlands_geleen,2016,flex_ml0p6_b24,high_investment_small_cavern,2.0,93.2598220947594,8,optimal,0,Optimization terminated successfully. (HiGHS Status 7: Optimal),highs-ds,hourly,cyclic,True,0.6,1.5,0.6,24.0,0.4444444444444445,0.0,0.587,8,32504.70217451925,183.0704144020456,24.0,209433.9774663369,1.1368683772161605e-13,1.8189894035458565e-12,3.811320148372488e-10,3.8198777474462976e-10,0.0,0.0,0.0,213.30973797192044,266.329507261082,False,1855.2912200068065,1369.86301369863,209433.9774663369,11953.994147621968,24.0,8784.0,114090.23699526716,426.6194759438409,213.30973797192044
netherlands_geleen,2016,rigid,high_investment_small_cavern,2.0,93.2598220947594,0,infeasible,2,The problem is infeasible. (HiGHS Status 8: model_status is Infeasible; primal_status is None),highs-ds,hourly,cyclic,False,1.0,1.5,0.6,0.0,0.4444444444444445,0.0,0.587,0,,,,,,,,,,,,,,False,,,,,,,,,
netherlands_geleen,2016,rigid,high_investment_small_cavern,2.0,93.2598220947594,1,infeasible,2,The problem is infeasible. (HiGHS Status 8: model_status is Infeasible; primal_status is None),highs-ds,hourly,cyclic,False,1.0,1.5,0.6,0.0,0.4444444444444445,0.0,0.587,1,,,,,,,,,,,,,,False,,,,,,,,,
netherlands_geleen,2016,rigid,high_investment_small_cavern,2.0,93.2598220947594,2,infeasible,2,The problem is infeasible. (HiGHS Status 8: model_status is Infeasible; primal_status is None),highs-ds,hourly,cyclic,False,1.0,1.5,0.6,0.0,0.4444444444444445,0.0,0.587,2,,,,,,,,,,,,,,False,,,,,,,,,
netherlands_geleen,2016,rigid,high_investment_small_cavern,2.0,93.2598220947594,4,infeasible,2,The problem is infeasible. (HiGHS Status 8: model_status is Infeasible; primal_status is None),highs-ds,hourly,cyclic,False,1.0,1.5,0.6,0.0,0.4444444444444445,0.0,0.587,4,,,,,,,,,,,,,,False,,,,,,,,,
netherlands_geleen,2016,rigid,high_investment_small_cavern,2.0,93.2598220947594,5,infeasible,2,The problem is infeasible. (HiGHS Status 8: model_status is Infeasible; primal_status is None),highs-ds,hourly,cyclic,False,1.0,1.5,0.6,0.0,0.4444444444444445,0.0,0.587,5,,,,,,,,,,,,,,False,,,,,,,,,
netherlands_geleen,2016,rigid,high_investment_small_cavern,2.0,93.2598220947594,6,optimal,0,Optimization terminated successfully. (HiGHS Status 7: Optimal),highs-ds,hourly,cyclic,False,1.0,1.5,0.6,0.0,0.4444444444444445,0.0,0.587,6,52017.96621051962,292.97147776904,-0.0,1463.3246961143018,6.622258297284134e-12,3.637978807091713e-12,0.0,0.0,0.0,3.552713678800501e-15,0.0,159.98230347894034,177.55300484072126,True,2969.0619983173297,-0.0,1463.3246961143018,83.52309909328207,0.0,8784.0,85567.67774645037,319.9646069578807,159.98230347894034
netherlands_geleen,2016,rigid,high_investment_small_cavern,2.0,93.2598220947594,8,optimal,0,Optimization terminated successfully. (HiGHS Status 7: Optimal),highs-ds,hourly,cyclic,False,1.0,1.5,0.6,0.0,0.4444444444444445,0.0,0.587,8,41065.282239684784,231.28463681323507,0.0,208592.0610057708,2.8421709430404014e-14,3.637978807091713e-12,0.0,0.0,0.0,0.0,0.0,213.30973797192044,390.8627428126417,False,2343.9088036349767,0.0,208592.0610057708,11905.939555123903,0.0,8784.0,114090.23699526716,426.6194759438409,213.30973797192044
netherlands_geleen,2017,flex_ml0p4_b24,high_investment_small_cavern,2.0,93.2598220947594,0,infeasible,2,The problem is infeasible. (HiGHS Status 8: model_status is Infeasible; primal_status is None),highs-ds,hourly,cyclic,True,0.4,1.5,0.6,24.0,0.4444444444444445,0.0,0.587,0,,,,,,,,,,,,,,False,,,,,,,,,
netherlands_geleen,2017,flex_ml0p4_b24,high_investment_small_cavern,2.0,93.2598220947594,1,infeasible,2,The problem is infeasible. (HiGHS Status 8: model_status is Infeasible; primal_status is None),highs-ds,hourly,cyclic,True,0.4,1.5,0.6,24.0,0.4444444444444445,0.0,0.587,1,,,,,,,,,,,,,,False,,,,,,,,,
netherlands_geleen,2017,flex_ml0p4_b24,high_investment_small_cavern,2.0,93.2598220947594,2,infeasible,2,The problem is infeasible. (HiGHS Status 8: model_status is Infeasible; primal_status is None),highs-ds,hourly,cyclic,True,0.4,1.5,0.6,24.0,0.4444444444444445,0.0,0.587,2,,,,,,,,,,,,,,False,,,,,,,,,
netherlands_geleen,2017,flex_ml0p4_b24,high_investment_small_cavern,2.0,93.2598220947594,3,optimal,0,Optimization terminated successfully. (HiGHS Status 7: Optimal),highs-ds,hourly,cyclic,True,0.4,1.5,0.6,24.0,0.4444444444444445,0.0,0.587,3,20772.58926886625,116.99373540594743,23.99999999999976,348.180933786678,9.026734915096311e-11,1.8704326976148877e-10,2.862079462317978e-10,2.8740032576024527e-10,0.0,3.552713678800501e-15,0.0,79.99115173947017,159.98230347894034,True,1185.6500724238729,1369.8630136986164,348.180933786678,19.873340969559244,23.99999999999976,8760.0,42783.838873225184,159.98230347894034,79.99115173947017
netherlands_geleen,2017,flex_ml0p4_b24,high_investment_small_cavern,2.0,93.2598220947594,4,optimal,0,Optimization terminated successfully. (HiGHS Status 7: Optimal),highs-ds,hourly,cyclic,True,0.4,1.5,0.6,24.0,0.4444444444444445,0.0,0.587,4,17981.306161757497,101.27289131427608,24.0,207895.30255564715,5.684341886080804e-14,1.7621459846850485e-12,2.374918040004559e-10,2.40106601268053e-10,5.773159728050814e-15,0.0,0.0,106.65486898596022,213.30973797192044,False,1026.3302603742864,1369.86301369863,207895.30255564715,11866.170237194472,24.0,8760.0,57045.11849763358,213.30973797192044,106.65486898596022
netherlands_geleen,2017,flex_ml0p6_b24,high_investment_small_cavern,2.0,93.2598220947594,0,infeasible,2,The problem is infeasible. (HiGHS Status 8: model_status is Infeasible; primal_status is None),highs-ds,hourly,cyclic,True,0.6,1.5,0.6,24.0,0.4444444444444445,0.0,0.587,0,,,,,,,,,,,,,,False,,,,,,,,,
netherlands_geleen,2017,flex_ml0p6_b24,high_investment_small_cavern,2.0,93.2598220947594,1,infeasible,2,The problem is infeasible. (HiGHS Status 8: model_status is Infeasible; primal_status is None),highs-ds,hourly,cyclic,True,0.6,1.5,0.6,24.0,0.4444444444444445,0.0,0.587,1,,,,,,,,,,,,,,False,,,,,,,,,
netherlands_geleen,2017,flex_ml0p6_b24,high_investment_small_cavern,2.0,93.2598220947594,2,infeasible,2,The problem is infeasible. (HiGHS Status 8: model_status is Infeasible; primal_status is None),highs-ds,hourly,cyclic,True,0.6,1.5,0.6,24.0,0.4444444444444445,0.0,0.587,2,,,,,,,,,,,,,,False,,,,,,,,,
netherlands_geleen,2017,flex_ml0p6_b24,high_investment_small_cavern,2.0,93.2598220947594,3,infeasible,2,The problem is infeasible. (HiGHS Status 8: model_status is Infeasible; primal_status is None),highs-ds,hourly,cyclic,True,0.6,1.5,0.6,24.0,0.4444444444444445,0.0,0.587,3,,,,,,,,,,,,,,False,,,,,,,,,
netherlands_geleen,2017,flex_ml0p6_b24,high_investment_small_cavern,2.0,93.2598220947594,4,optimal,0,Optimization terminated successfully. (HiGHS Status 7: Optimal),highs-ds,hourly,cyclic,True,0.6,1.5,0.6,24.0,0.4444444444444445,0.0,0.587,4,33715.26956628788,189.8884763822109,5.761587584457678,1697.0340128039777,5.172751116333529e-12,3.211653165635653e-12,3.792948177760991e-10,3.7834979593753815e-10,0.0,3.552713678800501e-15,0.0,106.65486898596022,213.30973797192044,True,1924.387532322368,328.8577388389086,1697.0340128039777,96.86267196369734,5.761587584457678,8760.0,57045.11849763358,213.30973797192044,106.65486898596022
netherlands_geleen,2017,rigid,high_investment_small_cavern,2.0,93.2598220947594,0,infeasible,2,The problem is infeasible. (HiGHS Status 8: model_status is Infeasible; primal_status is None),highs-ds,hourly,cyclic,False,1.0,1.5,0.6,0.0,0.4444444444444445,0.0,0.587,0,,,,,,,,,,,,,,False,,,,,,,,,
netherlands_geleen,2017,rigid,high_investment_small_cavern,2.0,93.2598220947594,1,infeasible,2,The problem is infeasible. (HiGHS Status 8: model_status is Infeasible; primal_status is None),highs-ds,hourly,cyclic,False,1.0,1.5,0.6,0.0,0.4444444444444445,0.0,0.587,1,,,,,,,,,,,,,,False,,,,,,,,,
netherlands_geleen,2017,rigid,high_investment_small_cavern,2.0,93.2598220947594,2,infeasible,2,The problem is infeasible. (HiGHS Status 8: model_status is Infeasible; primal_status is None),highs-ds,hourly,cyclic,False,1.0,1.5,0.6,0.0,0.4444444444444445,0.0,0.587,2,,,,,,,,,,,,,,False,,,,,,,,,
netherlands_geleen,2017,rigid,high_investment_small_cavern,2.0,93.2598220947594,4,infeasible,2,The problem is infeasible. (HiGHS Status 8: model_status is Infeasible; primal_status is None),highs-ds,hourly,cyclic,False,1.0,1.5,0.6,0.0,0.4444444444444445,0.0,0.587,4,,,,,,,,,,,,,,False,,,,,,,,,
netherlands_geleen,2017,rigid,high_investment_small_cavern,2.0,93.2598220947594,5,optimal,0,Optimization terminated successfully. (HiGHS Status 7: Optimal),highs-ds,hourly,cyclic,False,1.0,1.5,0.6,0.0,0.4444444444444445,0.0,0.587,5,43057.72885771787,242.5063371715053,-0.0,2074.511578213401,5.201172825763933e-12,3.637978807091713e-12,0.0,0.0,0.0,1.5543122344752196e-15,8.171241461241152e-14,133.3185862324503,177.55300484072126,True,2457.632925668828,-0.0,2074.511578213401,118.40819510350464,0.0,8760.0,71306.39812204198,266.6371724649006,133.3185862324503
netherlands_geleen,2017,rigid,high_investment_small_cavern,2.0,93.2598220947594,6,optimal,0,Optimization terminated successfully. (HiGHS Status 7: Optimal),highs-ds,hourly,cyclic,False,1.0,1.5,0.6,0.0,0.4444444444444445,0.0,0.587,6,26034.28434151561,146.6282385075396,0.0,207459.82852431983,8.526512829121202e-14,1.8189894035458565e-12,0.0,0.0,0.0,0.0,0.0,159.98230347894034,319.9646069578807,False,1485.9751336481513,0.0,207459.82852431983,11841.314413488575,0.0,8760.0,85567.67774645037,319.9646069578807,159.98230347894034
netherlands_geleen,2017,rigid,high_investment_small_cavern,2.0,93.2598220947594,8,optimal,0,Optimization terminated successfully. (HiGHS Status 7: Optimal),highs-ds,hourly,cyclic,False,1.0,1.5,0.6,0.0,0.4444444444444445,0.0,0.587,8,20481.543004333045,115.35452763926226,0.0,207517.8917284968,8.526512829121202e-14,1.7905676941154525e-12,0.0,0.0,0.0,0.0,0.0,213.30973797192044,390.8627428126417,False,1169.0378427130734,0.0,207517.8917284968,11844.628523316029,0.0,8760.0,114090.23699526716,426.6194759438409,213.30973797192044
netherlands_geleen,2018,flex_ml0p4_b24,high_investment_small_cavern,2.0,93.2598220947594,0,infeasible,2,The problem is infeasible. (HiGHS Status 8: model_status is Infeasible; primal_status is None),highs-ds,hourly,cyclic,True,0.4,1.5,0.6,24.0,0.4444444444444445,0.0,0.587,0,,,,,,,,,,,,,,False,,,,,,,,,
netherlands_geleen,2018,flex_ml0p4_b24,high_investment_small_cavern,2.0,93.2598220947594,1,infeasible,2,The problem is infeasible. (HiGHS Status 8: model_status is Infeasible; primal_status is None),highs-ds,hourly,cyclic,True,0.4,1.5,0.6,24.0,0.4444444444444445,0.0,0.587,1,,,,,,,,,,,,,,False,,,,,,,,,
netherlands_geleen,2018,flex_ml0p4_b24,high_investment_small_cavern,2.0,93.2598220947594,2,infeasible,2,The problem is infeasible. (HiGHS Status 8: model_status is Infeasible; primal_status is None),highs-ds,hourly,cyclic,True,0.4,1.5,0.6,24.0,0.4444444444444445,0.0,0.587,2,,,,,,,,,,,,,,False,,,,,,,,,
netherlands_geleen,2018,flex_ml0p4_b24,high_investment_small_cavern,2.0,93.2598220947594,3,optimal,0,Optimization terminated successfully. (HiGHS Status 7: Optimal),highs-ds,hourly,cyclic,True,0.4,1.5,0.6,24.0,0.4444444444444445,0.0,0.587,3,11907.540722258527,67.06470967889567,24.000000000000057,1024.3720116607576,5.229594535194337e-12,1.2505552149377765e-12,3.066182863165068e-10,3.0922819860279555e-10,0.0,3.552713678800501e-15,0.0,79.99115173947017,159.98230347894034,True,679.6541508138429,1369.8630136986335,1024.3720116607576,58.46872212675557,24.000000000000057,8760.0,42783.838873225184,159.98230347894034,79.99115173947017
netherlands_geleen,2018,flex_ml0p4_b24,high_investment_small_cavern,2.0,93.2598220947594,4,optimal,0,Optimization terminated successfully. (HiGHS Status 7: Optimal),highs-ds,hourly,cyclic,True,0.4,1.5,0.6,24.0,0.4444444444444445,0.0,0.587,4,11507.584963561154,64.8121104674311,24.0,204527.6367133828,3.581135388230905e-12,1.2960299500264227e-11,3.1905567077217256e-10,3.2014213502407074e-10,0.0,0.0,0.0,106.65486898596022,213.30973797192044,False,656.8256257740385,1369.86301369863,204527.6367133828,11673.951867202211,24.0,8760.0,57045.11849763358,213.30973797192044,106.65486898596022
netherlands_geleen,2018,flex_ml0p6_b24,high_investment_small_cavern,2.0,93.2598220947594,0,infeasible,2,The problem is infeasible. (HiGHS Status 8: model_status is Infeasible; primal_status is None),highs-ds,hourly,cyclic,True,0.6,1.5,0.6,24.0,0.4444444444444445,0.0,0.587,0,,,,,,,,,,,,,,False,,,,,,,,,
netherlands_geleen,2018,flex_ml0p6_b24,high_investment_small_cavern,2.0,93.2598220947594,1,infeasible,2,The problem is infeasible. (HiGHS Status 8: model_status is Infeasible; primal_status is None),highs-ds,hourly,cyclic,True,0.6,1.5,0.6,24.0,0.4444444444444445,0.0,0.587,1,,,,,,,,,,,,,,False,,,,,,,,,
netherlands_geleen,2018,flex_ml0p6_b24,high_investment_small_cavern,2.0,93.2598220947594,2,infeasible,2,The problem is infeasible. (HiGHS Status 8: model_status is Infeasible; primal_status is None),highs-ds,hourly,cyclic,True,0.6,1.5,0.6,24.0,0.4444444444444445,0.0,0.587,2,,,,,,,,,,,,,,False,,,,,,,,,
netherlands_geleen,2018,flex_ml0p6_b24,high_investment_small_cavern,2.0,93.2598220947594,3,infeasible,2,The problem is infeasible. (HiGHS Status 8: model_status is Infeasible; primal_status is None),highs-ds,hourly,cyclic,True,0.6,1.5,0.6,24.0,0.4444444444444445,0.0,0.587,3,,,,,,,,,,,,,,False,,,,,,,,,
netherlands_geleen,2018,flex_ml0p6_b24,high_investment_small_cavern,2.0,93.2598220947594,4,optimal,0,Optimization terminated successfully. (HiGHS Status 7: Optimal),highs-ds,hourly,cyclic,True,0.6,1.5,0.6,24.0,0.4444444444444445,0.0,0.587,4,52871.21588959279,297.77708317030374,3.99999999999997,1317.7797138381188,5.201172825763933e-12,3.637978807091713e-12,3.449573959812824e-10,3.4560798667371273e-10,0.0,3.552713678800501e-15,0.0,106.65486898596022,213.30973797192044,True,3017.763464017853,228.3105022831033,1317.7797138381188,75.21573709121682,4.000000000000004,8760.0,57045.11849763358,213.30973797192044,106.65486898596022
netherlands_geleen,2018,rigid,high_investment_small_cavern,2.0,93.2598220947594,0,infeasible,2,The problem is infeasible. (HiGHS Status 8: model_status is Infeasible; primal_status is None),highs-ds,hourly,cyclic,False,1.0,1.5,0.6,0.0,0.4444444444444445,0.0,0.587,0,,,,,,,,,,,,,,False,,,,,,,,,
netherlands_geleen,2018,rigid,high_investment_small_cavern,2.0,93.2598220947594,1,infeasible,2,The problem is infeasible. (HiGHS Status 8: model_status is Infeasible; primal_status is None),highs-ds,hourly,cyclic,False,1.0,1.5,0.6,0.0,0.4444444444444445,0.0,0.587,1,,,,,,,,,,,,,,False,,,,,,,,,
netherlands_geleen,2018,rigid,high_investment_small_cavern,2.0,93.2598220947594,2,infeasible,2,The problem is infeasible. (HiGHS Status 8: model_status is Infeasible; primal_status is None),highs-ds,hourly,cyclic,False,1.0,1.5,0.6,0.0,0.4444444444444445,0.0,0.587,2,,,,,,,,,,,,,,False,,,,,,,,,
netherlands_geleen,2018,rigid,high_investment_small_cavern,2.0,93.2598220947594,4,infeasible,2,The problem is infeasible. (HiGHS Status 8: model_status is Infeasible; primal_status is None),highs-ds,hourly,cyclic,False,1.0,1.5,0.6,0.0,0.4444444444444445,0.0,0.587,4,,,,,,,,,,,,,,False,,,,,,,,,
netherlands_geleen,2018,rigid,high_investment_small_cavern,2.0,93.2598220947594,5,optimal,0,Optimization terminated successfully. (HiGHS Status 7: Optimal),highs-ds,hourly,cyclic,False,1.0,1.5,0.6,0.0,0.4444444444444445,0.0,0.587,5,63060.44146803424,355.16403411254186,-0.0,1564.5619201822972,5.485389920067973e-12,3.637978807091713e-12,0.0,0.0,0.0,3.552713678800501e-15,0.0,133.3185862324503,177.55300484072126,True,3599.34026644031,-0.0,1564.5619201822972,89.30147946245988,0.0,8760.0,71306.39812204198,266.6371724649006,133.3185862324503
netherlands_geleen,2018,rigid,high_investment_small_cavern,2.0,93.2598220947594,6,optimal,0,Optimization terminated successfully. (HiGHS Status 7: Optimal),highs-ds,hourly,cyclic,False,1.0,1.5,0.6,0.0,0.4444444444444445,0.0,0.587,6,26796.68595628376,150.9221766216936,0.0,204266.3522945864,8.526512829121202e-14,1.8189894035458565e-12,0.0,0.0,0.0,0.0,0.0,159.98230347894034,319.9646069578807,False,1529.4912075504426,0.0,204266.3522945864,11659.038372978675,0.0,8760.0,85567.67774645037,319.9646069578807,159.98230347894034
netherlands_geleen,2018,rigid,high_investment_small_cavern,2.0,93.2598220947594,8,optimal,0,Optimization terminated successfully. (HiGHS Status 7: Optimal),highs-ds,hourly,cyclic,False,1.0,1.5,0.6,0.0,0.4444444444444445,0.0,0.587,8,15560.787501666491,87.64023743572078,0.0,204295.3838966749,8.526512829121202e-14,9.094947017729282e-13,0.0,0.0,0.0,0.0,0.0,213.30973797192044,213.30973797192044,False,888.1728026065349,0.0,204295.3838966749,11660.695427892404,0.0,8760.0,114090.23699526716,426.6194759438409,213.30973797192044
netherlands_geleen,2019,flex_ml0p4_b24,high_investment_small_cavern,2.0,93.2598220947594,0,infeasible,2,The problem is infeasible. (HiGHS Status 8: model_status is Infeasible; primal_status is None),highs-ds,hourly,cyclic,True,0.4,1.5,0.6,24.0,0.4444444444444445,0.0,0.587,0,,,,,,,,,,,,,,False,,,,,,,,,
netherlands_geleen,2019,flex_ml0p4_b24,high_investment_small_cavern,2.0,93.2598220947594,1,infeasible,2,The problem is infeasible. (HiGHS Status 8: model_status is Infeasible; primal_status is None),highs-ds,hourly,cyclic,True,0.4,1.5,0.6,24.0,0.4444444444444445,0.0,0.587,1,,,,,,,,,,,,,,False,,,,,,,,,
netherlands_geleen,2019,flex_ml0p4_b24,high_investment_small_cavern,2.0,93.2598220947594,2,optimal,0,Optimization terminated successfully. (HiGHS Status 7: Optimal),highs-ds,hourly,cyclic,True,0.4,1.5,0.6,24.0,0.4444444444444445,0.0,0.587,2,19777.268129224896,111.3879663538594,23.999999999998245,780.3783656138714,4.774847184307873e-12,5.6068927278829506e-11,2.1251400639243911e-10,2.1464074961841104e-10,0.0,3.552713678800501e-15,0.0,53.32743449298011,106.65486898596022,True,1128.8395050927452,1369.86301369853,780.3783656138714,44.542144156042895,23.999999999998245,8760.0,28522.55924881679,106.65486898596022,53.32743449298011
netherlands_geleen,2019,flex_ml0p6_b24,high_investment_small_cavern,2.0,93.2598220947594,0,infeasible,2,The problem is infeasible. (HiGHS Status 8: model_status is Infeasible; primal_status is None),highs-ds,hourly,cyclic,True,0.6,1.5,0.6,24.0,0.4444444444444445,0.0,0.587,0,,,,,,,,,,,,,,False,,,,,,,,,
netherlands_geleen,2019,flex_ml0p6_b24,high_investment_small_cavern,2.0,93.2598220947594,1,infeasible,2,The problem is infeasible. (HiGHS Status 8: model_status is Infeasible; primal_status is None),highs-ds,hourly,cyclic,True,0.6,1.5,0.6,24.0,0.4444444444444445,0.0,0.587,1,,,,,,,,,,,,,,False,,,,,,,,,
netherlands_geleen,2019,flex_ml0p6_b24,high_investment_small_cavern,2.0,93.2598220947594,2,infeasible,2,The problem is infeasible. (HiGHS Status 8: model_status is Infeasible; primal_status is None),highs-ds,hourly,cyclic,True,0.6,1.5,0.6,24.0,0.4444444444444445,0.0,0.587,2,,,,,,,,,,,,,,False,,,,,,,,,
netherlands_geleen,2019,flex_ml0p6_b24,high_investment_small_cavern,2.0,93.2598220947594,3,infeasible,2,The problem is infeasible. (HiGHS Status 8: model_status is Infeasible; primal_status is None),highs-ds,hourly,cyclic,True,0.6,1.5,0.6,24.0,0.4444444444444445,0.0,0.587,3,,,,,,,,,,,,,,False,,,,,,,,,
netherlands_geleen,2019,flex_ml0p6_b24,high_investment_small_cavern,2.0,93.2598220947594,4,optimal,0,Optimization terminated successfully. (HiGHS Status 7: Optimal),highs-ds,hourly,cyclic,True,0.6,1.5,0.6,24.0,0.4444444444444445,0.0,0.587,4,26440.370476407046,148.91536473925686,5.046101302764635,1099.2854766206071,6.16751094639767e-12,1.1766587704187259e-11,3.009801297082504e-10,3.019522409886122e-10,0.0,3.552713678800501e-15,0.0,106.65486898596022,213.30973797192044,True,1509.1535660049683,288.0194807514061,1099.2854766206071,62.74460482994333,5.046101302764635,8760.0,57045.11849763358,213.30973797192044,106.65486898596022
netherlands_geleen,2019,rigid,high_investment_small_cavern,2.0,93.2598220947594,0,infeasible,2,The problem is infeasible. (HiGHS Status 8: model_status is Infeasible; primal_status is None),highs-ds,hourly,cyclic,False,1.0,1.5,0.6,0.0,0.4444444444444445,0.0,0.587,0,,,,,,,,,,,,,,False,,,,,,,,,
netherlands_geleen,2019,rigid,high_investment_small_cavern,2.0,93.2598220947594,1,infeasible,2,The problem is infeasible. (HiGHS Status 8: model_status is Infeasible; primal_status is None),highs-ds,hourly,cyclic,False,1.0,1.5,0.6,0.0,0.4444444444444445,0.0,0.587,1,,,,,,,,,,,,,,False,,,,,,,,,
netherlands_geleen,2019,rigid,high_investment_small_cavern,2.0,93.2598220947594,2,infeasible,2,The problem is infeasible. (HiGHS Status 8: model_status is Infeasible; primal_status is None),highs-ds,hourly,cyclic,False,1.0,1.5,0.6,0.0,0.4444444444444445,0.0,0.587,2,,,,,,,,,,,,,,False,,,,,,,,,
netherlands_geleen,2019,rigid,high_investment_small_cavern,2.0,93.2598220947594,4,infeasible,2,The problem is infeasible. (HiGHS Status 8: model_status is Infeasible; primal_status is None),highs-ds,hourly,cyclic,False,1.0,1.5,0.6,0.0,0.4444444444444445,0.0,0.587,4,,,,,,,,,,,,,,False,,,,,,,,,
netherlands_geleen,2019,rigid,high_investment_small_cavern,2.0,93.2598220947594,5,optimal,0,Optimization terminated successfully. (HiGHS Status 7: Optimal),highs-ds,hourly,cyclic,False,1.0,1.5,0.6,0.0,0.4444444444444445,0.0,0.587,5,32057.637507369225,180.55249211990187,-0.0,1398.588497967354,5.201172825763933e-12,1.8189894035458565e-12,0.0,0.0,0.0,3.552713678800501e-15,0.0,133.3185862324503,177.55300484072126,True,1829.7738303292936,-0.0,1398.588497967354,79.828110614575,0.0,8760.0,71306.39812204198,266.6371724649006,133.3185862324503
netherlands_geleen,2019,rigid,high_investment_small_cavern,2.0,93.2598220947594,6,optimal,0,Optimization terminated successfully. (HiGHS Status 7: Optimal),highs-ds,hourly,cyclic,False,1.0,1.5,0.6,0.0,0.4444444444444445,0.0,0.587,6,17213.7420539344,96.94987741478356,0.0,200666.43363561417,8.526512829121202e-14,1.7053025658242404e-12,0.0,0.0,0.0,0.0,0.0,159.98230347894034,319.9646069578807,False,982.5195236263926,0.0,200666.43363561417,11453.56356367661,0.0,8760.0,85567.67774645037,319.9646069578807,159.98230347894034
netherlands_geleen,2019,rigid,high_investment_small_cavern,2.0,93.2598220947594,8,optimal,0,Optimization terminated successfully. (HiGHS Status 7: Optimal),highs-ds,hourly,cyclic,False,1.0,1.5,0.6,0.0,0.4444444444444445,0.0,0.587,8,16014.860841688742,90.197633411247,0.0,200869.6548502336,8.526512829121202e-14,9.094947017729282e-13,0.0,0.0,0.0,0.0,0.0,213.30973797192044,390.8627428126417,False,914.0902306899968,0.0,200869.6548502336,11465.162948072692,0.0,8760.0,114090.23699526716,426.6194759438409,213.30973797192044
netherlands_geleen,2020,flex_ml0p4_b24,high_investment_small_cavern,2.0,93.2598220947594,0,infeasible,2,The problem is infeasible. (HiGHS Status 8: model_status is Infeasible; primal_status is None),highs-ds,hourly,cyclic,True,0.4,1.5,0.6,24.0,0.4444444444444445,0.0,0.587,0,,,,,,,,,,,,,,False,,,,,,,,,
netherlands_geleen,2020,flex_ml0p4_b24,high_investment_small_cavern,2.0,93.2598220947594,1,infeasible,2,The problem is infeasible. (HiGHS Status 8: model_status is Infeasible; primal_status is None),highs-ds,hourly,cyclic,True,0.4,1.5,0.6,24.0,0.4444444444444445,0.0,0.587,1,,,,,,,,,,,,,,False,,,,,,,,,
netherlands_geleen,2020,flex_ml0p4_b24,high_investment_small_cavern,2.0,93.2598220947594,2,optimal,0,Optimization terminated successfully. (HiGHS Status 7: Optimal),highs-ds,hourly,cyclic,True,0.4,1.5,0.6,24.0,0.4444444444444445,0.0,0.587,2,22192.638933496022,124.99162688575468,23.99999999999981,843.5482899461699,1.4864554032101296e-11,2.516742370062275e-11,1.998401444325281e-14,0.0,0.0,3.552713678800501e-15,2.0889956431346945e-12,53.32743449298011,106.65486898596022,True,1266.7031354735177,1369.8630136986194,843.5482899461699,48.14773344441609,23.99999999999981,8784.0,28522.55924881679,106.65486898596022,53.32743449298011
netherlands_geleen,2020,flex_ml0p6_b24,high_investment_small_cavern,2.0,93.2598220947594,0,infeasible,2,The problem is infeasible. (HiGHS Status 8: model_status is Infeasible; primal_status is None),highs-ds,hourly,cyclic,True,0.6,1.5,0.6,24.0,0.4444444444444445,0.0,0.587,0,,,,,,,,,,,,,,False,,,,,,,,,
netherlands_geleen,2020,flex_ml0p6_b24,high_investment_small_cavern,2.0,93.2598220947594,1,infeasible,2,The problem is infeasible. (HiGHS Status 8: model_status is Infeasible; primal_status is None),highs-ds,hourly,cyclic,True,0.6,1.5,0.6,24.0,0.4444444444444445,0.0,0.587,1,,,,,,,,,,,,,,False,,,,,,,,,
netherlands_geleen,2020,flex_ml0p6_b24,high_investment_small_cavern,2.0,93.2598220947594,2,infeasible,2,The problem is infeasible. (HiGHS Status 8: model_status is Infeasible; primal_status is None),highs-ds,hourly,cyclic,True,0.6,1.5,0.6,24.0,0.4444444444444445,0.0,0.587,2,,,,,,,,,,,,,,False,,,,,,,,,
netherlands_geleen,2020,flex_ml0p6_b24,high_investment_small_cavern,2.0,93.2598220947594,3,infeasible,2,The problem is infeasible. (HiGHS Status 8: model_status is Infeasible; primal_status is None),highs-ds,hourly,cyclic,True,0.6,1.5,0.6,24.0,0.4444444444444445,0.0,0.587,3,,,,,,,,,,,,,,False,,,,,,,,,
netherlands_geleen,2020,flex_ml0p6_b24,high_investment_small_cavern,2.0,93.2598220947594,4,optimal,0,Optimization terminated successfully. (HiGHS Status 7: Optimal),highs-ds,hourly,cyclic,True,0.6,1.5,0.6,24.0,0.4444444444444445,0.0,0.587,4,24434.820043106043,137.61986210836568,6.785845277482929,792.0687410365075,4.547473508864641e-12,1.8189894035458565e-12,1.7348256164950726e-10,1.7462298274040222e-10,0.0,3.552713678800501e-15,1.0658141036401504e-14,106.65486898596022,213.30973797192044,True,1394.6815093097057,387.31993592939097,792.0687410365075,45.20940302719792,6.785845277482929,8784.0,57045.11849763358,213.30973797192044,106.65486898596022
netherlands_geleen,2020,rigid,high_investment_small_cavern,2.0,93.2598220947594,0,infeasible,2,The problem is infeasible. (HiGHS Status 8: model_status is Infeasible; primal_status is None),highs-ds,hourly,cyclic,False,1.0,1.5,0.6,0.0,0.4444444444444445,0.0,0.587,0,,,,,,,,,,,,,,False,,,,,,,,,
netherlands_geleen,2020,rigid,high_investment_small_cavern,2.0,93.2598220947594,1,infeasible,2,The problem is infeasible. (HiGHS Status 8: model_status is Infeasible; primal_status is None),highs-ds,hourly,cyclic,False,1.0,1.5,0.6,0.0,0.4444444444444445,0.0,0.587,1,,,,,,,,,,,,,,False,,,,,,,,,
netherlands_geleen,2020,rigid,high_investment_small_cavern,2.0,93.2598220947594,2,infeasible,2,The problem is infeasible. (HiGHS Status 8: model_status is Infeasible; primal_status is None),highs-ds,hourly,cyclic,False,1.0,1.5,0.6,0.0,0.4444444444444445,0.0,0.587,2,,,,,,,,,,,,,,False,,,,,,,,,
netherlands_geleen,2020,rigid,high_investment_small_cavern,2.0,93.2598220947594,3,infeasible,2,The problem is infeasible. (HiGHS Status 8: model_status is Infeasible; primal_status is None),highs-ds,hourly,cyclic,False,1.0,1.5,0.6,0.0,0.4444444444444445,0.0,0.587,3,,,,,,,,,,,,,,False,,,,,,,,,
netherlands_geleen,2020,rigid,high_investment_small_cavern,2.0,93.2598220947594,4,optimal,0,Optimization terminated successfully. (HiGHS Status 7: Optimal),highs-ds,hourly,cyclic,False,1.0,1.5,0.6,0.0,0.4444444444444445,0.0,0.587,4,53283.78584149666,300.1007270437148,-0.0,1737.4073594878955,4.916955731459893e-12,3.637978807091713e-12,0.0,0.0,0.0,8.881784197001252e-16,0.0,106.65486898596022,177.55300484072126,True,3041.311977254376,-0.0,1737.4073594878955,99.16708672876116,0.0,8784.0,57045.11849763358,213.30973797192044,106.65486898596022
netherlands_geleen,2021,flex_ml0p4_b24,high_investment_small_cavern,2.0,93.2598220947594,0,infeasible,2,The problem is infeasible. (HiGHS Status 8: model_status is Infeasible; primal_status is None),highs-ds,hourly,cyclic,True,0.4,1.5,0.6,24.0,0.4444444444444445,0.0,0.587,0,,,,,,,,,,,,,,False,,,,,,,,,
netherlands_geleen,2021,flex_ml0p4_b24,high_investment_small_cavern,2.0,93.2598220947594,1,infeasible,2,The problem is infeasible. (HiGHS Status 8: model_status is Infeasible; primal_status is None),highs-ds,hourly,cyclic,True,0.4,1.5,0.6,24.0,0.4444444444444445,0.0,0.587,1,,,,,,,,,,,,,,False,,,,,,,,,
netherlands_geleen,2021,flex_ml0p4_b24,high_investment_small_cavern,2.0,93.2598220947594,2,infeasible,2,The problem is infeasible. (HiGHS Status 8: model_status is Infeasible; primal_status is None),highs-ds,hourly,cyclic,True,0.4,1.5,0.6,24.0,0.4444444444444445,0.0,0.587,2,,,,,,,,,,,,,,False,,,,,,,,,
netherlands_geleen,2021,flex_ml0p4_b24,high_investment_small_cavern,2.0,93.2598220947594,3,infeasible,2,The problem is infeasible. (HiGHS Status 8: model_status is Infeasible; primal_status is None),highs-ds,hourly,cyclic,True,0.4,1.5,0.6,24.0,0.4444444444444445,0.0,0.587,3,,,,,,,,,,,,,,False,,,,,,,,,
netherlands_geleen,2021,flex_ml0p4_b24,high_investment_small_cavern,2.0,93.2598220947594,4,optimal,0,Optimization terminated successfully. (HiGHS Status 7: Optimal),highs-ds,hourly,cyclic,True,0.4,1.5,0.6,24.0,0.4444444444444445,0.0,0.587,4,48325.9005068863,272.17731713545686,24.00000000000123,706.7049377159735,5.8548721426632255e-12,3.637978807091713e-12,2.847495572666503e-10,2.8740032576024527e-10,0.0,3.552713678800501e-15,0.0,106.65486898936796,213.30973797192044,True,2758.3276545026424,1369.8630136987003,706.7049377159735,40.33703982397109,24.00000000000123,8760.0,57045.11849763358,213.30973797192044,106.65486898596022
netherlands_geleen,2021,flex_ml0p6_b24,high_investment_small_cavern,2.0,93.2598220947594,0,infeasible,2,The problem is infeasible. (HiGHS Status 8: model_status is Infeasible; primal_status is None),highs-ds,hourly,cyclic,True,0.6,1.5,0.6,24.0,0.4444444444444445,0.0,0.587,0,,,,,,,,,,,,,,False,,,,,,,,,
netherlands_geleen,2021,flex_ml0p6_b24,high_investment_small_cavern,2.0,93.2598220947594,1,infeasible,2,The problem is infeasible. (HiGHS Status 8: model_status is Infeasible; primal_status is None),highs-ds,hourly,cyclic,True,0.6,1.5,0.6,24.0,0.4444444444444445,0.0,0.587,1,,,,,,,,,,,,,,False,,,,,,,,,
netherlands_geleen,2021,flex_ml0p6_b24,high_investment_small_cavern,2.0,93.2598220947594,2,infeasible,2,The problem is infeasible. (HiGHS Status 8: model_status is Infeasible; primal_status is None),highs-ds,hourly,cyclic,True,0.6,1.5,0.6,24.0,0.4444444444444445,0.0,0.587,2,,,,,,,,,,,,,,False,,,,,,,,,
netherlands_geleen,2021,flex_ml0p6_b24,high_investment_small_cavern,2.0,93.2598220947594,4,infeasible,2,The problem is infeasible. (HiGHS Status 8: model_status is Infeasible; primal_status is None),highs-ds,hourly,cyclic,True,0.6,1.5,0.6,24.0,0.4444444444444445,0.0,0.587,4,,,,,,,,,,,,,,False,,,,,,,,,
netherlands_geleen,2021,flex_ml0p6_b24,high_investment_small_cavern,2.0,93.2598220947594,5,optimal,0,Optimization terminated successfully. (HiGHS Status 7: Optimal),highs-ds,hourly,cyclic,True,0.6,1.5,0.6,24.0,0.4444444444444445,0.0,0.587,5,47356.68661910153,266.7185872837473,23.37469857579468,770.7426699746586,4.206412995699793e-12,3.637978807091713e-12,5.342157827215033e-10,5.347828846424817e-10,0.0,3.552713678800501e-15,5.364597654988756e-13,133.3185862324503,159.79770435664912,True,2703.007227117667,1334.172293138966,770.7426699746586,43.99216152823394,23.37469857579468,8760.0,71306.39812204198,266.6371724649006,133.3185862324503
netherlands_geleen,2021,flex_ml0p6_b24,high_investment_small_cavern,2.0,93.2598220947594,6,optimal,0,Optimization terminated successfully. (HiGHS Status 7: Optimal),highs-ds,hourly,cyclic,True,0.6,1.5,0.6,24.0,0.4444444444444445,0.0,0.587,6,38004.3981003361,214.0453670971605,24.0,211204.9051937345,1.1368683772161605e-13,3.609557097661309e-12,4.96557017726218e-10,4.984030965715647e-10,0.0,0.0,0.0,159.98230347894034,263.54370459723623,False,2169.2008048137045,1369.86301369863,211204.9051937345,12055.074497359275,24.0,8760.0,85567.67774645037,319.9646069578807,159.98230347894034
netherlands_geleen,2021,flex_ml0p6_b24,high_investment_small_cavern,2.0,93.2598220947594,8,optimal,0,Optimization terminated successfully. (HiGHS Status 7: Optimal),highs-ds,hourly,cyclic,True,0.6,1.5,0.6,24.0,0.4444444444444445,0.0,0.587,8,25333.031547078663,142.6786979460266,24.0,211292.0,2.273736754432321e-13,1.304556462855544e-11,4.34672298155192e-10,4.3655745685100555e-10,0.0,0.0,0.0,213.30973797192044,266.32950726108186,False,1445.949289216819,1369.86301369863,211292.0,12060.045662100454,24.0,8760.0,114090.23699526716,426.6194759438409,213.30973797192044
netherlands_geleen,2021,rigid,high_investment_small_cavern,2.0,93.2598220947594,0,infeasible,2,The problem is infeasible. (HiGHS Status 8: model_status is Infeasible; primal_status is None),highs-ds,hourly,cyclic,False,1.0,1.5,0.6,0.0,0.4444444444444445,0.0,0.587,0,,,,,,,,,,,,,,False,,,,,,,,,
netherlands_geleen,2021,rigid,high_investment_small_cavern,2.0,93.2598220947594,1,infeasible,2,The problem is infeasible. (HiGHS Status 8: model_status is Infeasible; primal_status is None),highs-ds,hourly,cyclic,False,1.0,1.5,0.6,0.0,0.4444444444444445,0.0,0.587,1,,,,,,,,,,,,,,False,,,,,,,,,
netherlands_geleen,2021,rigid,high_investment_small_cavern,2.0,93.2598220947594,2,infeasible,2,The problem is infeasible. (HiGHS Status 8: model_status is Infeasible; primal_status is None),highs-ds,hourly,cyclic,False,1.0,1.5,0.6,0.0,0.4444444444444445,0.0,0.587,2,,,,,,,,,,,,,,False,,,,,,,,,
netherlands_geleen,2021,rigid,high_investment_small_cavern,2.0,93.2598220947594,4,infeasible,2,The problem is infeasible. (HiGHS Status 8: model_status is Infeasible; primal_status is None),highs-ds,hourly,cyclic,False,1.0,1.5,0.6,0.0,0.4444444444444445,0.0,0.587,4,,,,,,,,,,,,,,False,,,,,,,,,
netherlands_geleen,2021,rigid,high_investment_small_cavern,2.0,93.2598220947594,5,infeasible,2,The problem is infeasible. (HiGHS Status 8: model_status is Infeasible; primal_status is None),highs-ds,hourly,cyclic,False,1.0,1.5,0.6,0.0,0.4444444444444445,0.0,0.587,5,,,,,,,,,,,,,,False,,,,,,,,,
netherlands_geleen,2021,rigid,high_investment_small_cavern,2.0,93.2598220947594,6,optimal,0,Optimization terminated successfully. (HiGHS Status 7: Optimal),highs-ds,hourly,cyclic,False,1.0,1.5,0.6,0.0,0.4444444444444445,0.0,0.587,6,63102.63647517825,355.4016814966674,-0.0,1535.130654348946,6.963318810448982e-12,3.637978807091713e-12,0.0,0.0,0.0,3.552713678800501e-15,0.0,159.98230347894423,177.55300484072126,True,3601.7486572590324,-0.0,1535.130654348946,87.62161269114988,0.0,8760.0,85567.67774645037,319.9646069578807,159.98230347894034
netherlands_geleen,2021,rigid,high_investment_small_cavern,2.0,93.2598220947594,8,optimal,0,Optimization terminated successfully. (HiGHS Status 7: Optimal),highs-ds,hourly,cyclic,False,1.0,1.5,0.6,0.0,0.4444444444444445,0.0,0.587,8,46682.96632822174,262.9241131125883,0.0,210740.3995603188,2.8421709430404014e-14,3.637978807091713e-12,0.0,0.0,0.0,0.0,0.0,213.30973797192044,213.30973797192044,False,2664.552872615396,0.0,210740.3995603188,12028.561618739654,0.0,8760.0,114090.23699526716,426.6194759438409,213.30973797192044
netherlands_geleen,2022,flex_ml0p4_b24,high_investment_small_cavern,2.0,93.2598220947594,0,infeasible,2,The problem is infeasible. (HiGHS Status 8: model_status is Infeasible; primal_status is None),highs-ds,hourly,cyclic,True,0.4,1.5,0.6,24.0,0.4444444444444445,0.0,0.587,0,,,,,,,,,,,,,,False,,,,,,,,,
netherlands_geleen,2022,flex_ml0p4_b24,high_investment_small_cavern,2.0,93.2598220947594,1,infeasible,2,The problem is infeasible. (HiGHS Status 8: model_status is Infeasible; primal_status is None),highs-ds,hourly,cyclic,True,0.4,1.5,0.6,24.0,0.4444444444444445,0.0,0.587,1,,,,,,,,,,,,,,False,,,,,,,,,
netherlands_geleen,2022,flex_ml0p4_b24,high_investment_small_cavern,2.0,93.2598220947594,2,infeasible,2,The problem is infeasible. (HiGHS Status 8: model_status is Infeasible; primal_status is None),highs-ds,hourly,cyclic,True,0.4,1.5,0.6,24.0,0.4444444444444445,0.0,0.587,2,,,,,,,,,,,,,,False,,,,,,,,,
netherlands_geleen,2022,flex_ml0p4_b24,high_investment_small_cavern,2.0,93.2598220947594,3,optimal,0,Optimization terminated successfully. (HiGHS Status 7: Optimal),highs-ds,hourly,cyclic,True,0.4,1.5,0.6,24.0,0.4444444444444445,0.0,0.587,3,41324.62989816384,232.7453141963732,24.00000000000006,297.6712166237743,1.4055672181711994e-09,1.8421530967316357e-10,2.5313084961453566e-14,1.8189894035458565e-12,0.0,3.552713678800501e-15,7.318590178329032e-13,79.99115173947017,159.98230347894034,True,2358.711752178301,1369.8630136986335,297.6712166237743,16.990366245649216,24.00000000000006,8760.0,42783.838873225184,159.98230347894034,79.99115173947017
netherlands_geleen,2022,flex_ml0p4_b24,high_investment_small_cavern,2.0,93.2598220947594,4,optimal,0,Optimization terminated successfully. (HiGHS Status 7: Optimal),highs-ds,hourly,cyclic,True,0.4,1.5,0.6,24.0,0.4444444444444445,0.0,0.587,4,40453.6216502518,227.83969038734,24.0,202001.88733168453,3.396394276933279e-12,4.789058039023075e-12,2.395816878220103e-10,2.40106601268053e-10,0.0,0.0,0.0,106.65486898596022,213.30973797192044,False,2308.9966695349203,1369.86301369863,202001.88733168453,11529.78808970802,24.0,8760.0,57045.11849763358,213.30973797192044,106.65486898596022
netherlands_geleen,2022,flex_ml0p6_b24,high_investment_small_cavern,2.0,93.2598220947594,0,infeasible,2,The problem is infeasible. (HiGHS Status 8: model_status is Infeasible; primal_status is None),highs-ds,hourly,cyclic,True,0.6,1.5,0.6,24.0,0.4444444444444445,0.0,0.587,0,,,,,,,,,,,,,,False,,,,,,,,,
netherlands_geleen,2022,flex_ml0p6_b24,high_investment_small_cavern,2.0,93.2598220947594,1,infeasible,2,The problem is infeasible. (HiGHS Status 8: model_status is Infeasible; primal_status is None),highs-ds,hourly,cyclic,True,0.6,1.5,0.6,24.0,0.4444444444444445,0.0,0.587,1,,,,,,,,,,,,,,False,,,,,,,,,
netherlands_geleen,2022,flex_ml0p6_b24,high_investment_small_cavern,2.0,93.2598220947594,2,infeasible,2,The problem is infeasible. (HiGHS Status 8: model_status is Infeasible; primal_status is None),highs-ds,hourly,cyclic,True,0.6,1.5,0.6,24.0,0.4444444444444445,0.0,0.587,2,,,,,,,,,,,,,,False,,,,,,,,,
netherlands_geleen,2022,flex_ml0p6_b24,high_investment_small_cavern,2.0,93.2598220947594,3,infeasible,2,The problem is infeasible. (HiGHS Status 8: model_status is Infeasible; primal_status is None),highs-ds,hourly,cyclic,True,0.6,1.5,0.6,24.0,0.4444444444444445,0.0,0.587,3,,,,,,,,,,,,,,False,,,,,,,,,
netherlands_geleen,2022,flex_ml0p6_b24,high_investment_small_cavern,2.0,93.2598220947594,4,optimal,0,Optimization terminated successfully. (HiGHS Status 7: Optimal),highs-ds,hourly,cyclic,True,0.6,1.5,0.6,24.0,0.4444444444444445,0.0,0.587,4,40453.62165025174,227.8396903873396,23.99999999999998,1387.7687114157145,3.268496584496461e-12,3.637978807091713e-12,3.9143310814893084e-10,3.92901711165905e-10,0.0,1.1102230246251563e-15,0.0,106.65486898596022,159.79770435664912,True,2308.996669534917,1369.863013698629,1387.7687114157145,79.21054288902478,23.99999999999998,8760.0,57045.11849763358,213.30973797192044,106.65486898596022
netherlands_geleen,2022,rigid,high_investment_small_cavern,2.0,93.2598220947594,0,infeasible,2,The problem is infeasible. (HiGHS Status 8: model_status is Infeasible; primal_status is None),highs-ds,hourly,cyclic,False,1.0,1.5,0.6,0.0,0.4444444444444445,0.0,0.587,0,,,,,,,,,,,,,,False,,,,,,,,,
netherlands_geleen,2022,rigid,high_investment_small_cavern,2.0,93.2598220947594,1,infeasible,2,The problem is infeasible. (HiGHS Status 8: model_status is Infeasible; primal_status is None),highs-ds,hourly,cyclic,False,1.0,1.5,0.6,0.0,0.4444444444444445,0.0,0.587,1,,,,,,,,,,,,,,False,,,,,,,,,
netherlands_geleen,2022,rigid,high_investment_small_cavern,2.0,93.2598220947594,2,infeasible,2,The problem is infeasible. (HiGHS Status 8: model_status is Infeasible; primal_status is None),highs-ds,hourly,cyclic,False,1.0,1.5,0.6,0.0,0.4444444444444445,0.0,0.587,2,,,,,,,,,,,,,,False,,,,,,,,,
netherlands_geleen,2022,rigid,high_investment_small_cavern,2.0,93.2598220947594,4,infeasible,2,The problem is infeasible. (HiGHS Status 8: model_status is Infeasible; primal_status is None),highs-ds,hourly,cyclic,False,1.0,1.5,0.6,0.0,0.4444444444444445,0.0,0.587,4,,,,,,,,,,,,,,False,,,,,,,,,
netherlands_geleen,2022,rigid,high_investment_small_cavern,2.0,93.2598220947594,5,optimal,0,Optimization terminated successfully. (HiGHS Status 7: Optimal),highs-ds,hourly,cyclic,False,1.0,1.5,0.6,0.0,0.4444444444444445,0.0,0.587,5,51818.22056043569,291.8464861066172,-0.0,1801.7651299094364,5.258016244624741e-12,3.637978807091713e-12,0.0,0.0,0.0,3.552713678800501e-15,0.0,133.3185862324503,177.55300484072126,True,2957.6609908924484,-0.0,1801.7651299094364,102.84047545145184,0.0,8760.0,71306.39812204198,266.6371724649006,133.3185862324503
netherlands_geleen,2022,rigid,high_investment_small_cavern,2.0,93.2598220947594,6,optimal,0,Optimization terminated successfully. (HiGHS Status 7: Optimal),highs-ds,hourly,cyclic,False,1.0,1.5,0.6,0.0,0.4444444444444445,0.0,0.587,6,45883.341357276346,258.4205285539225,0.0,201450.2868920033,8.526512829121202e-14,3.637978807091713e-12,0.0,0.0,0.0,0.0,0.0,159.98230347894034,319.9646069578807,False,2618.912177926732,0.0,201450.2868920033,11498.304046347215,0.0,8760.0,85567.67774645037,319.9646069578807,159.98230347894034
netherlands_geleen,2022,rigid,high_investment_small_cavern,2.0,93.2598220947594,8,optimal,0,Optimization terminated successfully. (HiGHS Status 7: Optimal),highs-ds,hourly,cyclic,False,1.0,1.5,0.6,0.0,0.4444444444444445,0.0,0.587,8,44225.349992731775,249.08252063886684,0.0,201479.3184940917,8.526512829121202e-14,3.609557097661309e-12,0.0,0.0,0.0,0.0,0.0,213.30973797192044,390.8627428126417,False,2524.2779676216765,0.0,201479.3184940917,11499.961101260944,0.0,8760.0,114090.23699526716,426.6194759438409,213.30973797192044
netherlands_geleen,2023,flex_ml0p4_b24,high_investment_small_cavern,2.0,93.2598220947594,0,infeasible,2,The problem is infeasible. (HiGHS Status 8: model_status is Infeasible; primal_status is None),highs-ds,hourly,cyclic,True,0.4,1.5,0.6,24.0,0.4444444444444445,0.0,0.587,0,,,,,,,,,,,,,,False,,,,,,,,,
netherlands_geleen,2023,flex_ml0p4_b24,high_investment_small_cavern,2.0,93.2598220947594,1,infeasible,2,The problem is infeasible. (HiGHS Status 8: model_status is Infeasible; primal_status is None),highs-ds,hourly,cyclic,True,0.4,1.5,0.6,24.0,0.4444444444444445,0.0,0.587,1,,,,,,,,,,,,,,False,,,,,,,,,
netherlands_geleen,2023,flex_ml0p4_b24,high_investment_small_cavern,2.0,93.2598220947594,2,optimal,0,Optimization terminated successfully. (HiGHS Status 7: Optimal),highs-ds,hourly,cyclic,True,0.4,1.5,0.6,24.0,0.4444444444444445,0.0,0.587,2,24034.65390044756,135.36607798898413,24.00000000000098,347.5098013221343,6.491518433904275e-11,5.7347904203197686e-11,2.4868995751603507e-14,0.0,0.0,3.552713678800501e-15,0.0,53.32743449298011,106.65486898596022,True,1371.8409760529426,1369.863013698686,347.5098013221343,19.83503432203963,24.00000000000098,8760.0,28522.55924881679,106.65486898596022,53.32743449298011
netherlands_geleen,2023,flex_ml0p6_b24,high_investment_small_cavern,2.0,93.2598220947594,0,infeasible,2,The problem is infeasible. (HiGHS Status 8: model_status is Infeasible; primal_status is None),highs-ds,hourly,cyclic,True,0.6,1.5,0.6,24.0,0.4444444444444445,0.0,0.587,0,,,,,,,,,,,,,,False,,,,,,,,,
netherlands_geleen,2023,flex_ml0p6_b24,high_investment_small_cavern,2.0,93.2598220947594,1,infeasible,2,The problem is infeasible. (HiGHS Status 8: model_status is Infeasible; primal_status is None),highs-ds,hourly,cyclic,True,0.6,1.5,0.6,24.0,0.4444444444444445,0.0,0.587,1,,,,,,,,,,,,,,False,,,,,,,,,
netherlands_geleen,2023,flex_ml0p6_b24,high_investment_small_cavern,2.0,93.2598220947594,2,infeasible,2,The problem is infeasible. (HiGHS Status 8: model_status is Infeasible; primal_status is None),highs-ds,hourly,cyclic,True,0.6,1.5,0.6,24.0,0.4444444444444445,0.0,0.587,2,,,,,,,,,,,,,,False,,,,,,,,,
netherlands_geleen,2023,flex_ml0p6_b24,high_investment_small_cavern,2.0,93.2598220947594,3,optimal,0,Optimization terminated successfully. (HiGHS Status 7: Optimal),highs-ds,hourly,cyclic,True,0.6,1.5,0.6,24.0,0.4444444444444445,0.0,0.587,3,38061.99045841928,214.36973422423247,10.898490235126934,1373.0871748302748,2.8705926524708048e-12,3.637978807091713e-12,1.3322676295501878e-15,0.0,0.0,2.775557561562892e-15,2.6645352591003763e-14,79.99115173947017,159.79770435664912,True,2172.488039864114,622.0599449273363,1373.0871748302748,78.37255564099742,10.898490235126934,8760.0,42783.838873225184,159.98230347894034,79.99115173947017
netherlands_geleen,2023,flex_ml0p6_b24,high_investment_small_cavern,2.0,93.2598220947594,4,optimal,0,Optimization terminated successfully. (HiGHS Status 7: Optimal),highs-ds,hourly,cyclic,True,0.6,1.5,0.6,24.0,0.4444444444444445,0.0,0.587,4,27476.248875439065,154.74955718202224,24.0,194976.2396262709,1.1368683772161605e-13,1.8189894035458565e-12,1.5263879049598472e-10,1.5279510989785194e-10,0.0,0.0,0.0,106.65486898596022,213.30973797192044,False,1568.2790454017731,1369.86301369863,194976.2396262709,11128.78080058624,16.179361240762994,8760.0,57045.11849763358,213.30973797192044,106.65486898596022
netherlands_geleen,2023,rigid,high_investment_small_cavern,2.0,93.2598220947594,0,infeasible,2,The problem is infeasible. (HiGHS Status 8: model_status is Infeasible; primal_status is None),highs-ds,hourly,cyclic,False,1.0,1.5,0.6,0.0,0.4444444444444445,0.0,0.587,0,,,,,,,,,,,,,,False,,,,,,,,,
netherlands_geleen,2023,rigid,high_investment_small_cavern,2.0,93.2598220947594,1,infeasible,2,The problem is infeasible. (HiGHS Status 8: model_status is Infeasible; primal_status is None),highs-ds,hourly,cyclic,False,1.0,1.5,0.6,0.0,0.4444444444444445,0.0,0.587,1,,,,,,,,,,,,,,False,,,,,,,,,
netherlands_geleen,2023,rigid,high_investment_small_cavern,2.0,93.2598220947594,2,infeasible,2,The problem is infeasible. (HiGHS Status 8: model_status is Infeasible; primal_status is None),highs-ds,hourly,cyclic,False,1.0,1.5,0.6,0.0,0.4444444444444445,0.0,0.587,2,,,,,,,,,,,,,,False,,,,,,,,,
netherlands_geleen,2023,rigid,high_investment_small_cavern,2.0,93.2598220947594,3,infeasible,2,The problem is infeasible. (HiGHS Status 8: model_status is Infeasible; primal_status is None),highs-ds,hourly,cyclic,False,1.0,1.5,0.6,0.0,0.4444444444444445,0.0,0.587,3,,,,,,,,,,,,,,False,,,,,,,,,
netherlands_geleen,2023,rigid,high_investment_small_cavern,2.0,93.2598220947594,4,optimal,0,Optimization terminated successfully. (HiGHS Status 7: Optimal),highs-ds,hourly,cyclic,False,1.0,1.5,0.6,0.0,0.4444444444444445,0.0,0.587,4,38747.52417743355,218.23074305159224,-0.0,1335.014722615274,5.286437954055145e-12,3.637978807091713e-12,0.0,0.0,0.0,8.881784197001252e-16,0.0,106.65486898596022,177.55300484072126,True,2211.6166767941527,-0.0,1335.014722615274,76.19947046890833,0.0,8760.0,57045.11849763358,213.30973797192044,106.65486898596022
netherlands_sluiskil,2015,flex_ml0p4_b24,high_investment_small_cavern,2.0,143.35548063444742,0,infeasible,2,The problem is infeasible. (HiGHS Status 8: model_status is Infeasible; primal_status is None),highs-ds,hourly,cyclic,True,0.4,1.5,0.6,24.0,0.4444444444444445,0.0,0.587,0,,,,,,,,,,,,,,False,,,,,,,,,
netherlands_sluiskil,2015,flex_ml0p4_b24,high_investment_small_cavern,2.0,143.35548063444742,1,infeasible,2,The problem is infeasible. (HiGHS Status 8: model_status is Infeasible; primal_status is None),highs-ds,hourly,cyclic,True,0.4,1.5,0.6,24.0,0.4444444444444445,0.0,0.587,1,,,,,,,,,,,,,,False,,,,,,,,,
netherlands_sluiskil,2015,flex_ml0p4_b24,high_investment_small_cavern,2.0,143.35548063444742,2,infeasible,2,The problem is infeasible. (HiGHS Status 8: model_status is Infeasible; primal_status is None),highs-ds,hourly,cyclic,True,0.4,1.5,0.6,24.0,0.4444444444444445,0.0,0.587,2,,,,,,,,,,,,,,False,,,,,,,,,
netherlands_sluiskil,2015,flex_ml0p4_b24,high_investment_small_cavern,2.0,143.35548063444742,3,infeasible,2,The problem is infeasible. (HiGHS Status 8: model_status is Infeasible; primal_status is None),highs-ds,hourly,cyclic,True,0.4,1.5,0.6,24.0,0.4444444444444445,0.0,0.587,3,,,,,,,,,,,,,,False,,,,,,,,,
netherlands_sluiskil,2015,flex_ml0p4_b24,high_investment_small_cavern,2.0,143.35548063444742,4,optimal,0,Optimization terminated successfully. (HiGHS Status 7: Optimal),highs-ds,hourly,cyclic,True,0.4,1.5,0.6,24.0,0.4444444444444445,0.0,0.587,4,34596.125323131615,194.84956255269805,23.999999999999005,330.6522438243336,3.9355541048280424e-10,3.1370461783808417e-11,1.3350964778169327e-10,1.3460521586239338e-10,0.0,3.552713678800501e-15,7.075229291331198e-12,69.38426116078615,138.7685223215723,True,1974.664687393357,1369.8630136985737,330.6522438243336,18.87284496714233,23.999999999999005,8760.0,37110.66768371191,138.7685223215723,69.38426116078615
netherlands_sluiskil,2015,flex_ml0p6_b24,high_investment_small_cavern,2.0,143.35548063444742,0,infeasible,2,The problem is infeasible. (HiGHS Status 8: model_status is Infeasible; primal_status is None),highs-ds,hourly,cyclic,True,0.6,1.5,0.6,24.0,0.4444444444444445,0.0,0.587,0,,,,,,,,,,,,,,False,,,,,,,,,
netherlands_sluiskil,2015,flex_ml0p6_b24,high_investment_small_cavern,2.0,143.35548063444742,1,infeasible,2,The problem is infeasible. (HiGHS Status 8: model_status is Infeasible; primal_status is None),highs-ds,hourly,cyclic,True,0.6,1.5,0.6,24.0,0.4444444444444445,0.0,0.587,1,,,,,,,,,,,,,,False,,,,,,,,,
netherlands_sluiskil,2015,flex_ml0p6_b24,high_investment_small_cavern,2.0,143.35548063444742,2,infeasible,2,The problem is infeasible. (HiGHS Status 8: model_status is Infeasible; primal_status is None),highs-ds,hourly,cyclic,True,0.6,1.5,0.6,24.0,0.4444444444444445,0.0,0.587,2,,,,,,,,,,,,,,False,,,,,,,,,
netherlands_sluiskil,2015,flex_ml0p6_b24,high_investment_small_cavern,2.0,143.35548063444742,4,infeasible,2,The problem is infeasible. (HiGHS Status 8: model_status is Infeasible; primal_status is None),highs-ds,hourly,cyclic,True,0.6,1.5,0.6,24.0,0.4444444444444445,0.0,0.587,4,,,,,,,,,,,,,,False,,,,,,,,,
netherlands_sluiskil,2015,flex_ml0p6_b24,high_investment_small_cavern,2.0,143.35548063444742,5,optimal,0,Optimization terminated successfully. (HiGHS Status 7: Optimal),highs-ds,hourly,cyclic,True,0.6,1.5,0.6,24.0,0.4444444444444445,0.0,0.587,5,44012.75058250647,247.88513504454235,19.194663786678696,788.9267322035781,3.836930773104541e-12,1.135305183197488e-10,1.6785817180675622e-10,1.673470251262188e-10,0.0,8.881784197001252e-16,2.1316282072803012e-14,86.73032645098269,159.79770435664912,True,2512.1432980882687,1095.5858325729848,788.9267322035781,45.0300646234919,19.194663786678696,8760.0,46388.33460463989,173.46065290196535,86.73032645098269
netherlands_sluiskil,2015,flex_ml0p6_b24,high_investment_small_cavern,2.0,143.35548063444742,6,optimal,0,Optimization terminated successfully. (HiGHS Status 7: Optimal),highs-ds,hourly,cyclic,True,0.6,1.5,0.6,24.0,0.4444444444444445,0.0,0.587,6,34669.04528070594,195.26025657412416,24.0,197560.05221214617,8.526512829121202e-14,3.609557097661309e-12,1.7183587885938323e-10,1.7098500393331048e-10,0.0,0.0,0.0,104.07639174117924,208.15278348235847,False,1978.826785428421,1369.86301369863,197560.05221214617,11276.258687907886,20.16124783199364,8760.0,55666.00152556786,208.15278348235847,104.07639174117924
netherlands_sluiskil,2015,flex_ml0p6_b24,high_investment_small_cavern,2.0,143.35548063444742,8,optimal,0,Optimization terminated successfully. (HiGHS Status 7: Optimal),highs-ds,hourly,cyclic,True,0.6,1.5,0.6,24.0,0.4444444444444445,0.0,0.587,8,29922.983318300605,168.52986152019128,24.0,197647.14701841163,8.526512829121202e-14,1.8189894035458565e-12,1.460191967339597e-10,1.4733814168721435e-10,0.0,0.0,0.0,138.7685223215723,277.5370446431446,False,1707.932837802546,1369.86301369863,197647.14701841163,11281.229852649069,21.845363325686893,8760.0,74221.33536742382,277.5370446431446,138.7685223215723
netherlands_sluiskil,2015,rigid,high_investment_small_cavern,2.0,143.35548063444742,0,infeasible,2,The problem is infeasible. (HiGHS Status 8: model_status is Infeasible; primal_status is None),highs-ds,hourly,cyclic,False,1.0,1.5,0.6,0.0,0.4444444444444445,0.0,0.587,0,,,,,,,,,,,,,,False,,,,,,,,,
netherlands_sluiskil,2015,rigid,high_investment_small_cavern,2.0,143.35548063444742,1,infeasible,2,The problem is infeasible. (HiGHS Status 8: model_status is Infeasible; primal_status is None),highs-ds,hourly,cyclic,False,1.0,1.5,0.6,0.0,0.4444444444444445,0.0,0.587,1,,,,,,,,,,,,,,False,,,,,,,,,
netherlands_sluiskil,2015,rigid,high_investment_small_cavern,2.0,143.35548063444742,2,infeasible,2,The problem is infeasible. (HiGHS Status 8: model_status is Infeasible; primal_status is None),highs-ds,hourly,cyclic,False,1.0,1.5,0.6,0.0,0.4444444444444445,0.0,0.587,2,,,,,,,,,,,,,,False,,,,,,,,,
netherlands_sluiskil,2015,rigid,high_investment_small_cavern,2.0,143.35548063444742,4,infeasible,2,The problem is infeasible. (HiGHS Status 8: model_status is Infeasible; primal_status is None),highs-ds,hourly,cyclic,False,1.0,1.5,0.6,0.0,0.4444444444444445,0.0,0.587,4,,,,,,,,,,,,,,False,,,,,,,,,
netherlands_sluiskil,2015,rigid,high_investment_small_cavern,2.0,143.35548063444742,6,infeasible,2,The problem is infeasible. (HiGHS Status 8: model_status is Infeasible; primal_status is None),highs-ds,hourly,cyclic,False,1.0,1.5,0.6,0.0,0.4444444444444445,0.0,0.587,6,,,,,,,,,,,,,,False,,,,,,,,,
netherlands_sluiskil,2015,rigid,high_investment_small_cavern,2.0,143.35548063444742,7,optimal,0,Optimization terminated successfully. (HiGHS Status 7: Optimal),highs-ds,hourly,cyclic,False,1.0,1.5,0.6,0.0,0.4444444444444445,0.0,0.587,7,46630.068469653794,262.62618597463086,-0.0,851.2320258709905,5.115907697472721e-12,3.637978807091713e-12,0.0,0.0,0.0,8.881784197001252e-16,0.0,121.42245703137576,177.55300484072126,True,2661.533588450559,-0.0,851.2320258709905,48.58630284651772,0.0,8760.0,64943.66844649584,242.8449140627516,121.42245703137576
netherlands_sluiskil,2015,rigid,high_investment_small_cavern,2.0,143.35548063444742,8,optimal,0,Optimization terminated successfully. (HiGHS Status 7: Optimal),highs-ds,hourly,cyclic,False,1.0,1.5,0.6,0.0,0.4444444444444445,0.0,0.587,8,41163.92750607003,231.84021888560687,0.0,196892.325364111,8.526512829121202e-14,3.637978807091713e-12,0.0,0.0,0.0,0.0,0.0,138.7685223215723,277.5370446431446,False,2349.539241214043,0.0,196892.325364111,11238.14642489218,0.0,8760.0,74221.33536742382,277.5370446431446,138.7685223215723
netherlands_sluiskil,2016,flex_ml0p4_b24,high_investment_small_cavern,2.0,143.35548063444742,0,infeasible,2,The problem is infeasible. (HiGHS Status 8: model_status is Infeasible; primal_status is None),highs-ds,hourly,cyclic,True,0.4,1.5,0.6,24.0,0.4444444444444445,0.0,0.587,0,,,,,,,,,,,,,,False,,,,,,,,,
netherlands_sluiskil,2016,flex_ml0p4_b24,high_investment_small_cavern,2.0,143.35548063444742,1,infeasible,2,The problem is infeasible. (HiGHS Status 8: model_status is Infeasible; primal_status is None),highs-ds,hourly,cyclic,True,0.4,1.5,0.6,24.0,0.4444444444444445,0.0,0.587,1,,,,,,,,,,,,,,False,,,,,,,,,
netherlands_sluiskil,2016,flex_ml0p4_b24,high_investment_small_cavern,2.0,143.35548063444742,2,infeasible,2,The problem is infeasible. (HiGHS Status 8: model_status is Infeasible; primal_status is None),highs-ds,hourly,cyclic,True,0.4,1.5,0.6,24.0,0.4444444444444445,0.0,0.587,2,,,,,,,,,,,,,,False,,,,,,,,,
netherlands_sluiskil,2016,flex_ml0p4_b24,high_investment_small_cavern,2.0,143.35548063444742,4,infeasible,2,The problem is infeasible. (HiGHS Status 8: model_status is Infeasible; primal_status is None),highs-ds,hourly,cyclic,True,0.4,1.5,0.6,24.0,0.4444444444444445,0.0,0.587,4,,,,,,,,,,,,,,False,,,,,,,,,
netherlands_sluiskil,2016,flex_ml0p4_b24,high_investment_small_cavern,2.0,143.35548063444742,5,optimal,0,Optimization terminated successfully. (HiGHS Status 7: Optimal),highs-ds,hourly,cyclic,True,0.4,1.5,0.6,24.0,0.4444444444444445,0.0,0.587,5,31905.37943199453,179.6949562223186,24.000000000000227,516.3726177115333,3.0809133022557944e-11,5.989875262457645e-12,4.640732242933154e-14,0.0,0.0,3.552713678800501e-15,0.0,86.73032645098269,173.46065290196535,True,1821.0833009129296,1369.863013698643,516.3726177115333,29.473322928740483,24.000000000000227,8784.0,46388.33460463989,173.46065290196535,86.73032645098269
netherlands_sluiskil,2016,flex_ml0p4_b24,high_investment_small_cavern,2.0,143.35548063444742,6,optimal,0,Optimization terminated successfully. (HiGHS Status 7: Optimal),highs-ds,hourly,cyclic,True,0.4,1.5,0.6,24.0,0.4444444444444445,0.0,0.587,6,29350.36940084997,165.3048306739698,24.0,204934.0791426216,5.684341886080803e-14,1.8189894035458565e-12,2.350062366929251e-10,2.364686224609613e-10,0.0,0.0,0.0,104.07639174117924,208.15278348235847,False,1675.249395025683,1369.86301369863,204934.0791426216,11697.150635994383,24.0,8784.0,55666.00152556786,208.15278348235847,104.07639174117924
netherlands_sluiskil,2016,flex_ml0p4_b24,high_investment_small_cavern,2.0,143.35548063444742,8,optimal,0,Optimization terminated successfully. (HiGHS Status 7: Optimal),highs-ds,hourly,cyclic,True,0.4,1.5,0.6,24.0,0.4444444444444445,0.0,0.587,8,26615.34467542324,149.90084059292184,24.0,205050.20555097552,4.547473508864641e-13,1.389821591146756e-11,1.930735571420428e-10,1.9645085558295247e-10,0.0,0.0,0.0,138.7685223215723,266.32950726108186,False,1519.1406778209612,1369.86301369863,205050.20555097552,11703.778855649289,24.0,8784.0,74221.33536742382,277.5370446431446,138.7685223215723
netherlands_sluiskil,2016,flex_ml0p6_b24,high_investment_small_cavern,2.0,143.35548063444742,0,infeasible,2,The problem is infeasible. (HiGHS Status 8: model_status is Infeasible; primal_status is None),highs-ds,hourly,cyclic,True,0.6,1.5,0.6,24.0,0.4444444444444445,0.0,0.587,0,,,,,,,,,,,,,,False,,,,,,,,,
netherlands_sluiskil,2016,flex_ml0p6_b24,high_investment_small_cavern,2.0,143.35548063444742,1,infeasible,2,The problem is infeasible. (HiGHS Status 8: model_status is Infeasible; primal_status is None),highs-ds,hourly,cyclic,True,0.6,1.5,0.6,24.0,0.4444444444444445,0.0,0.587,1,,,,,,,,,,,,,,False,,,,,,,,,
netherlands_sluiskil,2016,flex_ml0p6_b24,high_investment_small_cavern,2.0,143.35548063444742,2,infeasible,2,The problem is infeasible. (HiGHS Status 8: model_status is Infeasible; primal_status is None),highs-ds,hourly,cyclic,True,0.6,1.5,0.6,24.0,0.4444444444444445,0.0,0.587,2,,,,,,,,,,,,,,False,,,,,,,,,
netherlands_sluiskil,2016,flex_ml0p6_b24,high_investment_small_cavern,2.0,143.35548063444742,4,infeasible,2,The problem is infeasible. (HiGHS Status 8: model_status is Infeasible; primal_status is None),highs-ds,hourly,cyclic,True,0.6,1.5,0.6,24.0,0.4444444444444445,0.0,0.587,4,,,,,,,,,,,,,,False,,,,,,,,,
netherlands_sluiskil,2016,flex_ml0p6_b24,high_investment_small_cavern,2.0,143.35548063444742,5,infeasible,2,The problem is infeasible. (HiGHS Status 8: model_status is Infeasible; primal_status is None),highs-ds,hourly,cyclic,True,0.6,1.5,0.6,24.0,0.4444444444444445,0.0,0.587,5,,,,,,,,,,,,,,False,,,,,,,,,
netherlands_sluiskil,2016,flex_ml0p6_b24,high_investment_small_cavern,2.0,143.35548063444742,6,optimal,0,Optimization terminated successfully. (HiGHS Status 7: Optimal),highs-ds,hourly,cyclic,True,0.6,1.5,0.6,24.0,0.4444444444444445,0.0,0.587,6,41857.67976700535,235.7475155351773,17.81306986720433,1245.7747181621487,3.268496584496461e-12,3.637978807091713e-12,3.6843506023842565e-10,3.6925484891980886e-10,0.0,1.7763568394002505e-15,1.1368683772161605e-13,104.07639174117924,159.79770435664912,True,2389.1369730025885,1016.7277321463658,1245.7747181621487,71.10586290879844,17.81306986720433,8784.0,55666.00152556786,208.15278348235847,104.07639174117924
netherlands_sluiskil,2016,flex_ml0p6_b24,high_investment_small_cavern,2.0,143.35548063444742,8,optimal,0,Optimization terminated successfully. (HiGHS Status 7: Optimal),highs-ds,hourly,cyclic,True,0.6,1.5,0.6,24.0,0.4444444444444445,0.0,0.587,8,28107.61285586629,158.30547548931085,24.0,205050.20555097552,8.526512829121202e-14,1.8189894035458565e-12,3.2296010310517426e-10,3.237801138311624e-10,0.0,0.0,0.0,138.7685223215723,277.5370446431446,False,1604.3158022754733,1369.86301369863,205050.20555097552,11703.778855649289,23.06968794054225,8784.0,74221.33536742382,277.5370446431446,138.7685223215723
netherlands_sluiskil,2016,rigid,high_investment_small_cavern,2.0,143.35548063444742,0,infeasible,2,The problem is infeasible. (HiGHS Status 8: model_status is Infeasible; primal_status is None),highs-ds,hourly,cyclic,False,1.0,1.5,0.6,0.0,0.4444444444444445,0.0,0.587,0,,,,,,,,,,,,,,False,,,,,,,,,
netherlands_sluiskil,2016,rigid,high_investment_small_cavern,2.0,143.35548063444742,1,infeasible,2,The problem is infeasible. (HiGHS Status 8: model_status is Infeasible; primal_status is None),highs-ds,hourly,cyclic,False,1.0,1.5,0.6,0.0,0.4444444444444445,0.0,0.587,1,,,,,,,,,,,,,,False,,,,,,,,,
netherlands_sluiskil,2016,rigid,high_investment_small_cavern,2.0,143.35548063444742,2,infeasible,2,The problem is infeasible. (HiGHS Status 8: model_status is Infeasible; primal_status is None),highs-ds,hourly,cyclic,False,1.0,1.5,0.6,0.0,0.4444444444444445,0.0,0.587,2,,,,,,,,,,,,,,False,,,,,,,,,
netherlands_sluiskil,2016,rigid,high_investment_small_cavern,2.0,143.35548063444742,4,infeasible,2,The problem is infeasible. (HiGHS Status 8: model_status is Infeasible; primal_status is None),highs-ds,hourly,cyclic,False,1.0,1.5,0.6,0.0,0.4444444444444445,0.0,0.587,4,,,,,,,,,,,,,,False,,,,,,,,,
netherlands_sluiskil,2016,rigid,high_investment_small_cavern,2.0,143.35548063444742,6,infeasible,2,The problem is infeasible. (HiGHS Status 8: model_status is Infeasible; primal_status is None),highs-ds,hourly,cyclic,False,1.0,1.5,0.6,0.0,0.4444444444444445,0.0,0.587,6,,,,,,,,,,,,,,False,,,,,,,,,
netherlands_sluiskil,2016,rigid,high_investment_small_cavern,2.0,143.35548063444742,7,infeasible,2,The problem is infeasible. (HiGHS Status 8: model_status is Infeasible; primal_status is None),highs-ds,hourly,cyclic,False,1.0,1.5,0.6,0.0,0.4444444444444445,0.0,0.587,7,,,,,,,,,,,,,,False,,,,,,,,,
netherlands_sluiskil,2016,rigid,high_investment_small_cavern,2.0,143.35548063444742,8,optimal,0,Optimization terminated successfully. (HiGHS Status 7: Optimal),highs-ds,hourly,cyclic,False,1.0,1.5,0.6,0.0,0.4444444444444445,0.0,0.587,8,49566.3758303169,279.1638242043933,-0.0,1240.2638483242265,6.963318810448982e-12,3.637978807091713e-12,0.0,0.0,0.0,3.552713678800501e-15,7.638334409421078e-14,138.7685223215723,177.55300484072126,True,2829.1310405432023,-0.0,1240.2638483242265,70.79131554362024,0.0,8784.0,74221.33536742382,277.5370446431446,138.7685223215723
netherlands_sluiskil,2017,flex_ml0p4_b24,high_investment_small_cavern,2.0,143.35548063444742,0,infeasible,2,The problem is infeasible. (HiGHS Status 8: model_status is Infeasible; primal_status is None),highs-ds,hourly,cyclic,True,0.4,1.5,0.6,24.0,0.4444444444444445,0.0,0.587,0,,,,,,,,,,,,,,False,,,,,,,,,
netherlands_sluiskil,2017,flex_ml0p4_b24,high_investment_small_cavern,2.0,143.35548063444742,1,infeasible,2,The problem is infeasible. (HiGHS Status 8: model_status is Infeasible; primal_status is None),highs-ds,hourly,cyclic,True,0.4,1.5,0.6,24.0,0.4444444444444445,0.0,0.587,1,,,,,,,,,,,,,,False,,,,,,,,,
netherlands_sluiskil,2017,flex_ml0p4_b24,high_investment_small_cavern,2.0,143.35548063444742,2,infeasible,2,The problem is infeasible. (HiGHS Status 8: model_status is Infeasible; primal_status is None),highs-ds,hourly,cyclic,True,0.4,1.5,0.6,24.0,0.4444444444444445,0.0,0.587,2,,,,,,,,,,,,,,False,,,,,,,,,
netherlands_sluiskil,2017,flex_ml0p4_b24,high_investment_small_cavern,2.0,143.35548063444742,3,infeasible,2,The problem is infeasible. (HiGHS Status 8: model_status is Infeasible; primal_status is None),highs-ds,hourly,cyclic,True,0.4,1.5,0.6,24.0,0.4444444444444445,0.0,0.587,3,,,,,,,,,,,,,,False,,,,,,,,,
netherlands_sluiskil,2017,flex_ml0p4_b24,high_investment_small_cavern,2.0,143.35548063444742,4,optimal,0,Optimization terminated successfully. (HiGHS Status 7: Optimal),highs-ds,hourly,cyclic,True,0.4,1.5,0.6,24.0,0.4444444444444445,0.0,0.587,4,25955.80760092659,146.1862480120286,24.000000000000725,469.3213396646776,1.4921397450962104e-11,3.9440806176571636e-10,2.339404225892849e-10,2.3283064365386963e-10,0.0,3.552713678800501e-15,0.0,69.38426116078615,138.7685223215723,True,1481.4958676327965,1369.8630136986717,469.3213396646776,26.78774769775557,24.000000000000725,8760.0,37110.66768371191,138.7685223215723,69.38426116078615
netherlands_sluiskil,2017,flex_ml0p6_b24,high_investment_small_cavern,2.0,143.35548063444742,0,infeasible,2,The problem is infeasible. (HiGHS Status 8: model_status is Infeasible; primal_status is None),highs-ds,hourly,cyclic,True,0.6,1.5,0.6,24.0,0.4444444444444445,0.0,0.587,0,,,,,,,,,,,,,,False,,,,,,,,,
netherlands_sluiskil,2017,flex_ml0p6_b24,high_investment_small_cavern,2.0,143.35548063444742,1,infeasible,2,The problem is infeasible. (HiGHS Status 8: model_status is Infeasible; primal_status is None),highs-ds,hourly,cyclic,True,0.6,1.5,0.6,24.0,0.4444444444444445,0.0,0.587,1,,,,,,,,,,,,,,False,,,,,,,,,
netherlands_sluiskil,2017,flex_ml0p6_b24,high_investment_small_cavern,2.0,143.35548063444742,2,infeasible,2,The problem is infeasible. (HiGHS Status 8: model_status is Infeasible; primal_status is None),highs-ds,hourly,cyclic,True,0.6,1.5,0.6,24.0,0.4444444444444445,0.0,0.587,2,,,,,,,,,,,,,,False,,,,,,,,,
netherlands_sluiskil,2017,flex_ml0p6_b24,high_investment_small_cavern,2.0,143.35548063444742,4,infeasible,2,The problem is infeasible. (HiGHS Status 8: model_status is Infeasible; primal_status is None),highs-ds,hourly,cyclic,True,0.6,1.5,0.6,24.0,0.4444444444444445,0.0,0.587,4,,,,,,,,,,,,,,False,,,,,,,,,
netherlands_sluiskil,2017,flex_ml0p6_b24,high_investment_small_cavern,2.0,143.35548063444742,5,infeasible,2,The problem is infeasible. (HiGHS Status 8: model_status is Infeasible; primal_status is None),highs-ds,hourly,cyclic,True,0.6,1.5,0.6,24.0,0.4444444444444445,0.0,0.587,5,,,,,,,,,,,,,,False,,,,,,,,,
netherlands_sluiskil,2017,flex_ml0p6_b24,high_investment_small_cavern,2.0,143.35548063444742,6,optimal,0,Optimization terminated successfully. (HiGHS Status 7: Optimal),highs-ds,hourly,cyclic,True,0.6,1.5,0.6,24.0,0.4444444444444445,0.0,0.587,6,27018.09135574348,152.16915861255512,17.499481996719194,978.0093289616872,3.325340003357269e-12,1.8189894035458565e-12,3.902917988796162e-10,3.92901711165905e-10,0.0,1.7763568394002505e-15,1.0302869668521453e-13,104.07639174117924,159.79770435664912,True,1542.1285020401529,998.8288810912782,978.0093289616872,55.82245028320132,17.499481996719194,8760.0,55666.00152556786,208.15278348235847,104.07639174117924
netherlands_sluiskil,2017,flex_ml0p6_b24,high_investment_small_cavern,2.0,143.35548063444742,8,optimal,0,Optimization terminated successfully. (HiGHS Status 7: Optimal),highs-ds,hourly,cyclic,True,0.6,1.5,0.6,24.0,0.4444444444444445,0.0,0.587,8,22420.349686047823,126.2741213879236,24.0,206908.22808463863,8.526512829121202e-14,1.7905676941154525e-12,3.2852121023552167e-10,3.2741809263825417e-10,0.0,0.0,0.0,138.7685223215723,277.5370446431446,False,1279.7003245461087,1369.86301369863,206908.22808463863,11809.830370127776,18.588381920381803,8760.0,74221.33536742382,277.5370446431446,138.7685223215723
netherlands_sluiskil,2017,rigid,high_investment_small_cavern,2.0,143.35548063444742,0,infeasible,2,The problem is infeasible. (HiGHS Status 8: model_status is Infeasible; primal_status is None),highs-ds,hourly,cyclic,False,1.0,1.5,0.6,0.0,0.4444444444444445,0.0,0.587,0,,,,,,,,,,,,,,False,,,,,,,,,
netherlands_sluiskil,2017,rigid,high_investment_small_cavern,2.0,143.35548063444742,1,infeasible,2,The problem is infeasible. (HiGHS Status 8: model_status is Infeasible; primal_status is None),highs-ds,hourly,cyclic,False,1.0,1.5,0.6,0.0,0.4444444444444445,0.0,0.587,1,,,,,,,,,,,,,,False,,,,,,,,,
netherlands_sluiskil,2017,rigid,high_investment_small_cavern,2.0,143.35548063444742,2,infeasible,2,The problem is infeasible. (HiGHS Status 8: model_status is Infeasible; primal_status is None),highs-ds,hourly,cyclic,False,1.0,1.5,0.6,0.0,0.4444444444444445,0.0,0.587,2,,,,,,,,,,,,,,False,,,,,,,,,
netherlands_sluiskil,2017,rigid,high_investment_small_cavern,2.0,143.35548063444742,4,infeasible,2,The problem is infeasible. (HiGHS Status 8: model_status is Infeasible; primal_status is None),highs-ds,hourly,cyclic,False,1.0,1.5,0.6,0.0,0.4444444444444445,0.0,0.587,4,,,,,,,,,,,,,,False,,,,,,,,,
netherlands_sluiskil,2017,rigid,high_investment_small_cavern,2.0,143.35548063444742,6,infeasible,2,The problem is infeasible. (HiGHS Status 8: model_status is Infeasible; primal_status is None),highs-ds,hourly,cyclic,False,1.0,1.5,0.6,0.0,0.4444444444444445,0.0,0.587,6,,,,,,,,,,,,,,False,,,,,,,,,
netherlands_sluiskil,2017,rigid,high_investment_small_cavern,2.0,143.35548063444742,7,optimal,0,Optimization terminated successfully. (HiGHS Status 7: Optimal),highs-ds,hourly,cyclic,False,1.0,1.5,0.6,0.0,0.4444444444444445,0.0,0.587,7,45666.10122742532,257.19700586532645,-0.0,2305.3220736147728,5.1159076974727205e-12,3.637978807091713e-12,0.0,0.0,0.0,8.881784197001252e-16,0.0,121.42245703137576,177.55300484072126,True,2606.512627136148,-0.0,2305.3220736147728,131.5823101378295,0.0,8760.0,64943.66844649584,242.84491406275157,121.42245703137576
netherlands_sluiskil,2017,rigid,high_investment_small_cavern,2.0,143.35548063444742,8,optimal,0,Optimization terminated successfully. (HiGHS Status 7: Optimal),highs-ds,hourly,cyclic,False,1.0,1.5,0.6,0.0,0.4444444444444445,0.0,0.587,8,32435.01439914797,182.67792442175045,0.0,206443.72245122283,2.8421709430404014e-14,1.8189894035458565e-12,0.0,0.0,0.0,0.0,0.0,138.7685223215723,277.5370446431446,False,1851.3136072573045,0.0,206443.72245122283,11783.317491508153,0.0,8760.0,74221.33536742382,277.5370446431446,138.7685223215723
netherlands_sluiskil,2018,flex_ml0p4_b24,high_investment_small_cavern,2.0,143.35548063444742,0,infeasible,2,The problem is infeasible. (HiGHS Status 8: model_status is Infeasible; primal_status is None),highs-ds,hourly,cyclic,True,0.4,1.5,0.6,24.0,0.4444444444444445,0.0,0.587,0,,,,,,,,,,,,,,False,,,,,,,,,
netherlands_sluiskil,2018,flex_ml0p4_b24,high_investment_small_cavern,2.0,143.35548063444742,1,infeasible,2,The problem is infeasible. (HiGHS Status 8: model_status is Infeasible; primal_status is None),highs-ds,hourly,cyclic,True,0.4,1.5,0.6,24.0,0.4444444444444445,0.0,0.587,1,,,,,,,,,,,,,,False,,,,,,,,,
netherlands_sluiskil,2018,flex_ml0p4_b24,high_investment_small_cavern,2.0,143.35548063444742,2,infeasible,2,The problem is infeasible. (HiGHS Status 8: model_status is Infeasible; primal_status is None),highs-ds,hourly,cyclic,True,0.4,1.5,0.6,24.0,0.4444444444444445,0.0,0.587,2,,,,,,,,,,,,,,False,,,,,,,,,
netherlands_sluiskil,2018,flex_ml0p4_b24,high_investment_small_cavern,2.0,143.35548063444742,3,infeasible,2,The problem is infeasible. (HiGHS Status 8: model_status is Infeasible; primal_status is None),highs-ds,hourly,cyclic,True,0.4,1.5,0.6,24.0,0.4444444444444445,0.0,0.587,3,,,,,,,,,,,,,,False,,,,,,,,,
netherlands_sluiskil,2018,flex_ml0p4_b24,high_investment_small_cavern,2.0,143.35548063444742,4,optimal,0,Optimization terminated successfully. (HiGHS Status 7: Optimal),highs-ds,hourly,cyclic,True,0.4,1.5,0.6,24.0,0.4444444444444445,0.0,0.587,4,10442.07957441695,58.81105523268559,23.999999999907,323.7906838000034,1.8900436771218665e-11,1.2036593943776096e-11,3.61932706027801e-14,0.0,0.0,3.552713678800501e-15,2.889034789177458e-09,69.38426116078615,138.7685223215723,True,596.0091081288214,1369.863013693322,323.7906838000034,18.48120341324221,23.999999999907,8760.0,37110.66768371191,138.7685223215723,69.38426116078615
netherlands_sluiskil,2018,flex_ml0p6_b24,high_investment_small_cavern,2.0,143.35548063444742,0,infeasible,2,The problem is infeasible. (HiGHS Status 8: model_status is Infeasible; primal_status is None),highs-ds,hourly,cyclic,True,0.6,1.5,0.6,24.0,0.4444444444444445,0.0,0.587,0,,,,,,,,,,,,,,False,,,,,,,,,
netherlands_sluiskil,2018,flex_ml0p6_b24,high_investment_small_cavern,2.0,143.35548063444742,1,infeasible,2,The problem is infeasible. (HiGHS Status 8: model_status is Infeasible; primal_status is None),highs-ds,hourly,cyclic,True,0.6,1.5,0.6,24.0,0.4444444444444445,0.0,0.587,1,,,,,,,,,,,,,,False,,,,,,,,,
netherlands_sluiskil,2018,flex_ml0p6_b24,high_investment_small_cavern,2.0,143.35548063444742,2,infeasible,2,The problem is infeasible. (HiGHS Status 8: model_status is Infeasible; primal_status is None),highs-ds,hourly,cyclic,True,0.6,1.5,0.6,24.0,0.4444444444444445,0.0,0.587,2,,,,,,,,,,,,,,False,,,,,,,,,
netherlands_sluiskil,2018,flex_ml0p6_b24,high_investment_small_cavern,2.0,143.35548063444742,4,infeasible,2,The problem is infeasible. (HiGHS Status 8: model_status is Infeasible; primal_status is None),highs-ds,hourly,cyclic,True,0.6,1.5,0.6,24.0,0.4444444444444445,0.0,0.587,4,,,,,,,,,,,,,,False,,,,,,,,,
netherlands_sluiskil,2018,flex_ml0p6_b24,high_investment_small_cavern,2.0,143.35548063444742,5,infeasible,2,The problem is infeasible. (HiGHS Status 8: model_status is Infeasible; primal_status is None),highs-ds,hourly,cyclic,True,0.6,1.5,0.6,24.0,0.4444444444444445,0.0,0.587,5,,,,,,,,,,,,,,False,,,,,,,,,
netherlands_sluiskil,2018,flex_ml0p6_b24,high_investment_small_cavern,2.0,143.35548063444742,6,optimal,0,Optimization terminated successfully. (HiGHS Status 7: Optimal),highs-ds,hourly,cyclic,True,0.6,1.5,0.6,24.0,0.4444444444444445,0.0,0.587,6,24229.60444691383,136.4640630478186,5.777025381978918,958.2054089327638,4.888534022029489e-12,1.8189894035458565e-12,3.066635834159115e-10,3.074092091992497e-10,0.0,1.7763568394002505e-15,5.861977570020828e-14,104.07639174117924,208.15278348235847,True,1382.968290348963,329.73889166546337,958.2054089327638,54.69208955095684,5.777025381978918,8760.0,55666.00152556786,208.15278348235847,104.07639174117924
netherlands_sluiskil,2018,flex_ml0p6_b24,high_investment_small_cavern,2.0,143.35548063444742,8,optimal,0,Optimization terminated successfully. (HiGHS Status 7: Optimal),highs-ds,hourly,cyclic,True,0.6,1.5,0.6,24.0,0.4444444444444445,0.0,0.587,8,12123.595400920964,68.2815557630059,24.0,203830.8782632591,1.1368683772161605e-13,9.094947017729282e-13,2.7843105598890356e-10,2.7830537874251604e-10,0.0,0.0,0.0,138.7685223215723,277.5370446431446,False,691.9860388653518,1369.86301369863,203830.8782632591,11634.182549272778,11.39833947128498,8760.0,74221.33536742382,277.5370446431446,138.7685223215723
netherlands_sluiskil,2018,rigid,high_investment_small_cavern,2.0,143.35548063444742,0,infeasible,2,The problem is infeasible. (HiGHS Status 8: model_status is Infeasible; primal_status is None),highs-ds,hourly,cyclic,False,1.0,1.5,0.6,0.0,0.4444444444444445,0.0,0.587,0,,,,,,,,,,,,,,False,,,,,,,,,
netherlands_sluiskil,2018,rigid,high_investment_small_cavern,2.0,143.35548063444742,1,infeasible,2,The problem is infeasible. (HiGHS Status 8: model_status is Infeasible; primal_status is None),highs-ds,hourly,cyclic,False,1.0,1.5,0.6,0.0,0.4444444444444445,0.0,0.587,1,,,,,,,,,,,,,,False,,,,,,,,,
netherlands_sluiskil,2018,rigid,high_investment_small_cavern,2.0,143.35548063444742,2,infeasible,2,The problem is infeasible. (HiGHS Status 8: model_status is Infeasible; primal_status is None),highs-ds,hourly,cyclic,False,1.0,1.5,0.6,0.0,0.4444444444444445,0.0,0.587,2,,,,,,,,,,,,,,False,,,,,,,,,
netherlands_sluiskil,2018,rigid,high_investment_small_cavern,2.0,143.35548063444742,4,infeasible,2,The problem is infeasible. (HiGHS Status 8: model_status is Infeasible; primal_status is None),highs-ds,hourly,cyclic,False,1.0,1.5,0.6,0.0,0.4444444444444445,0.0,0.587,4,,,,,,,,,,,,,,False,,,,,,,,,
netherlands_sluiskil,2018,rigid,high_investment_small_cavern,2.0,143.35548063444742,6,infeasible,2,The problem is infeasible. (HiGHS Status 8: model_status is Infeasible; primal_status is None),highs-ds,hourly,cyclic,False,1.0,1.5,0.6,0.0,0.4444444444444445,0.0,0.587,6,,,,,,,,,,,,,,False,,,,,,,,,
netherlands_sluiskil,2018,rigid,high_investment_small_cavern,2.0,143.35548063444742,7,optimal,0,Optimization terminated successfully. (HiGHS Status 7: Optimal),highs-ds,hourly,cyclic,False,1.0,1.5,0.6,0.0,0.4444444444444445,0.0,0.587,7,41401.77672336976,233.17981444758055,-0.0,1424.4559433537577,5.1159076974727205e-12,3.637978807091713e-12,0.0,0.0,0.0,1.6653345369377348e-15,0.0,121.42245703137576,177.55300484072126,True,2363.115109781379,-0.0,1424.4559433537577,81.30456297681265,0.0,8760.0,64943.66844649584,242.84491406275157,121.42245703137576
netherlands_sluiskil,2018,rigid,high_investment_small_cavern,2.0,143.35548063444742,8,optimal,0,Optimization terminated successfully. (HiGHS Status 7: Optimal),highs-ds,hourly,cyclic,False,1.0,1.5,0.6,0.0,0.4444444444444445,0.0,0.587,8,21272.929697445517,119.81171322067443,0.0,203395.40423193184,2.8421709430404014e-14,1.8189894035458565e-12,0.0,0.0,0.0,0.0,0.0,138.7685223215723,277.5370446431446,False,1214.2083160642417,0.0,203395.40423193184,11609.326725566889,0.0,8760.0,74221.33536742382,277.5370446431446,138.7685223215723
netherlands_sluiskil,2019,flex_ml0p4_b24,high_investment_small_cavern,2.0,143.35548063444742,0,infeasible,2,The problem is infeasible. (HiGHS Status 8: model_status is Infeasible; primal_status is None),highs-ds,hourly,cyclic,True,0.4,1.5,0.6,24.0,0.4444444444444445,0.0,0.587,0,,,,,,,,,,,,,,False,,,,,,,,,
netherlands_sluiskil,2019,flex_ml0p4_b24,high_investment_small_cavern,2.0,143.35548063444742,1,infeasible,2,The problem is infeasible. (HiGHS Status 8: model_status is Infeasible; primal_status is None),highs-ds,hourly,cyclic,True,0.4,1.5,0.6,24.0,0.4444444444444445,0.0,0.587,1,,,,,,,,,,,,,,False,,,,,,,,,
netherlands_sluiskil,2019,flex_ml0p4_b24,high_investment_small_cavern,2.0,143.35548063444742,2,infeasible,2,The problem is infeasible. (HiGHS Status 8: model_status is Infeasible; primal_status is None),highs-ds,hourly,cyclic,True,0.4,1.5,0.6,24.0,0.4444444444444445,0.0,0.587,2,,,,,,,,,,,,,,False,,,,,,,,,
netherlands_sluiskil,2019,flex_ml0p4_b24,high_investment_small_cavern,2.0,143.35548063444742,3,infeasible,2,The problem is infeasible. (HiGHS Status 8: model_status is Infeasible; primal_status is None),highs-ds,hourly,cyclic,True,0.4,1.5,0.6,24.0,0.4444444444444445,0.0,0.587,3,,,,,,,,,,,,,,False,,,,,,,,,
netherlands_sluiskil,2019,flex_ml0p4_b24,high_investment_small_cavern,2.0,143.35548063444742,4,optimal,0,Optimization terminated successfully. (HiGHS Status 7: Optimal),highs-ds,hourly,cyclic,True,0.4,1.5,0.6,24.0,0.4444444444444445,0.0,0.587,4,13085.682948612952,73.70014920531375,23.99999999991945,198.8072393234352,4.945377440890297e-12,1.3926637620897964e-12,1.9781876137159315e-10,2.0008883439004419e-10,0.0,3.552713678800501e-15,4.5594816810989864e-10,69.38426116078615,138.7685223215723,True,746.8997116788215,1369.8630136940324,198.8072393234352,11.34744516686274,23.99999999991945,8760.0,37110.66768371191,138.7685223215723,69.38426116078615
netherlands_sluiskil,2019,flex_ml0p6_b24,high_investment_small_cavern,2.0,143.35548063444742,0,infeasible,2,The problem is infeasible. (HiGHS Status 8: model_status is Infeasible; primal_status is None),highs-ds,hourly,cyclic,True,0.6,1.5,0.6,24.0,0.4444444444444445,0.0,0.587,0,,,,,,,,,,,,,,False,,,,,,,,,
netherlands_sluiskil,2019,flex_ml0p6_b24,high_investment_small_cavern,2.0,143.35548063444742,1,infeasible,2,The problem is infeasible. (HiGHS Status 8: model_status is Infeasible; primal_status is None),highs-ds,hourly,cyclic,True,0.6,1.5,0.6,24.0,0.4444444444444445,0.0,0.587,1,,,,,,,,,,,,,,False,,,,,,,,,
netherlands_sluiskil,2019,flex_ml0p6_b24,high_investment_small_cavern,2.0,143.35548063444742,2,infeasible,2,The problem is infeasible. (HiGHS Status 8: model_status is Infeasible; primal_status is None),highs-ds,hourly,cyclic,True,0.6,1.5,0.6,24.0,0.4444444444444445,0.0,0.587,2,,,,,,,,,,,,,,False,,,,,,,,,
netherlands_sluiskil,2019,flex_ml0p6_b24,high_investment_small_cavern,2.0,143.35548063444742,4,infeasible,2,The problem is infeasible. (HiGHS Status 8: model_status is Infeasible; primal_status is None),highs-ds,hourly,cyclic,True,0.6,1.5,0.6,24.0,0.4444444444444445,0.0,0.587,4,,,,,,,,,,,,,,False,,,,,,,,,
netherlands_sluiskil,2019,flex_ml0p6_b24,high_investment_small_cavern,2.0,143.35548063444742,5,optimal,0,Optimization terminated successfully. (HiGHS Status 7: Optimal),highs-ds,hourly,cyclic,True,0.6,1.5,0.6,24.0,0.4444444444444445,0.0,0.587,5,32652.38836112972,183.90220086909503,5.48339466311891,1190.9802603028668,4.405364961712621e-12,1.8189894035458565e-12,2.527014153486107e-10,2.5465851649641985e-10,0.0,3.552713678800501e-15,0.0,86.73032645098269,159.79770435664912,True,1863.7207968681348,312.9791474382939,1190.9802603028668,67.97832535975266,5.48339466311891,8760.0,46388.33460463989,173.46065290196535,86.73032645098269
netherlands_sluiskil,2019,flex_ml0p6_b24,high_investment_small_cavern,2.0,143.35548063444742,6,optimal,0,Optimization terminated successfully. (HiGHS Status 7: Optimal),highs-ds,hourly,cyclic,True,0.6,1.5,0.6,24.0,0.4444444444444445,0.0,0.587,6,16047.722014746952,90.38271151278458,24.0,199214.85353118984,8.526512829121202e-14,9.094947017729282e-13,2.6863267166277183e-10,2.692104317247868e-10,0.0,0.0,0.0,104.07639174117924,208.15278348235847,False,915.9658684216296,1369.86301369863,199214.85353118984,11370.710817990288,15.849259199836292,8760.0,55666.00152556786,208.15278348235847,104.07639174117924
netherlands_sluiskil,2019,flex_ml0p6_b24,high_investment_small_cavern,2.0,143.35548063444742,8,optimal,0,Optimization terminated successfully. (HiGHS Status 7: Optimal),highs-ds,hourly,cyclic,True,0.6,1.5,0.6,24.0,0.4444444444444445,0.0,0.587,8,12729.714695755843,71.69529294745183,24.0,199243.88513327832,1.1368683772161605e-13,9.094947017729282e-13,2.349458405603855e-10,2.364686224609613e-10,0.0,0.0,0.0,138.7685223215723,277.5370446431446,False,726.5818890271601,1369.86301369863,199243.88513327832,11372.367872904011,19.700903770981185,8760.0,74221.33536742382,277.5370446431446,138.7685223215723
netherlands_sluiskil,2019,rigid,high_investment_small_cavern,2.0,143.35548063444742,0,infeasible,2,The problem is infeasible. (HiGHS Status 8: model_status is Infeasible; primal_status is None),highs-ds,hourly,cyclic,False,1.0,1.5,0.6,0.0,0.4444444444444445,0.0,0.587,0,,,,,,,,,,,,,,False,,,,,,,,,
netherlands_sluiskil,2019,rigid,high_investment_small_cavern,2.0,143.35548063444742,1,infeasible,2,The problem is infeasible. (HiGHS Status 8: model_status is Infeasible; primal_status is None),highs-ds,hourly,cyclic,False,1.0,1.5,0.6,0.0,0.4444444444444445,0.0,0.587,1,,,,,,,,,,,,,,False,,,,,,,,,
netherlands_sluiskil,2019,rigid,high_investment_small_cavern,2.0,143.35548063444742,2,infeasible,2,The problem is infeasible. (HiGHS Status 8: model_status is Infeasible; primal_status is None),highs-ds,hourly,cyclic,False,1.0,1.5,0.6,0.0,0.4444444444444445,0.0,0.587,2,,,,,,,,,,,,,,False,,,,,,,,,
netherlands_sluiskil,2019,rigid,high_investment_small_cavern,2.0,143.35548063444742,4,infeasible,2,The problem is infeasible. (HiGHS Status 8: model_status is Infeasible; primal_status is None),highs-ds,hourly,cyclic,False,1.0,1.5,0.6,0.0,0.4444444444444445,0.0,0.587,4,,,,,,,,,,,,,,False,,,,,,,,,
netherlands_sluiskil,2019,rigid,high_investment_small_cavern,2.0,143.35548063444742,6,infeasible,2,The problem is infeasible. (HiGHS Status 8: model_status is Infeasible; primal_status is None),highs-ds,hourly,cyclic,False,1.0,1.5,0.6,0.0,0.4444444444444445,0.0,0.587,6,,,,,,,,,,,,,,False,,,,,,,,,
netherlands_sluiskil,2019,rigid,high_investment_small_cavern,2.0,143.35548063444742,7,optimal,0,Optimization terminated successfully. (HiGHS Status 7: Optimal),highs-ds,hourly,cyclic,False,1.0,1.5,0.6,0.0,0.4444444444444445,0.0,0.587,7,21031.708302130148,118.4531251442194,-0.0,1668.5485194941275,5.1159076974727205e-12,1.8189894035458565e-12,0.0,0.0,0.0,1.6653345369377348e-15,0.0,121.42245703137576,177.55300484072126,True,1200.439971582771,-0.0,1668.5485194941275,95.23678764235888,0.0,8760.0,64943.66844649584,242.84491406275157,121.42245703137576
netherlands_sluiskil,2019,rigid,high_investment_small_cavern,2.0,143.35548063444742,8,optimal,0,Optimization terminated successfully. (HiGHS Status 7: Optimal),highs-ds,hourly,cyclic,False,1.0,1.5,0.6,0.0,0.4444444444444445,0.0,0.587,8,17784.287115147603,100.16325621242784,0.0,198518.09508106625,2.8421709430404014e-14,1.6768808563938364e-12,0.0,0.0,0.0,0.0,0.0,138.7685223215723,277.5370446431446,False,1015.0848810015756,0.0,198518.09508106625,11330.941500060855,0.0,8760.0,74221.33536742382,277.5370446431446,138.7685223215723
netherlands_sluiskil,2020,flex_ml0p4_b24,high_investment_small_cavern,2.0,143.35548063444742,0,infeasible,2,The problem is infeasible. (HiGHS Status 8: model_status is Infeasible; primal_status is None),highs-ds,hourly,cyclic,True,0.4,1.5,0.6,24.0,0.4444444444444445,0.0,0.587,0,,,,,,,,,,,,,,False,,,,,,,,,
netherlands_sluiskil,2020,flex_ml0p4_b24,high_investment_small_cavern,2.0,143.35548063444742,1,infeasible,2,The problem is infeasible. (HiGHS Status 8: model_status is Infeasible; primal_status is None),highs-ds,hourly,cyclic,True,0.4,1.5,0.6,24.0,0.4444444444444445,0.0,0.587,1,,,,,,,,,,,,,,False,,,,,,,,,
netherlands_sluiskil,2020,flex_ml0p4_b24,high_investment_small_cavern,2.0,143.35548063444742,2,infeasible,2,The problem is infeasible. (HiGHS Status 8: model_status is Infeasible; primal_status is None),highs-ds,hourly,cyclic,True,0.4,1.5,0.6,24.0,0.4444444444444445,0.0,0.587,2,,,,,,,,,,,,,,False,,,,,,,,,
netherlands_sluiskil,2020,flex_ml0p4_b24,high_investment_small_cavern,2.0,143.35548063444742,3,infeasible,2,The problem is infeasible. (HiGHS Status 8: model_status is Infeasible; primal_status is None),highs-ds,hourly,cyclic,True,0.4,1.5,0.6,24.0,0.4444444444444445,0.0,0.587,3,,,,,,,,,,,,,,False,,,,,,,,,
netherlands_sluiskil,2020,flex_ml0p4_b24,high_investment_small_cavern,2.0,143.35548063444742,4,optimal,0,Optimization terminated successfully. (HiGHS Status 7: Optimal),highs-ds,hourly,cyclic,True,0.4,1.5,0.6,24.0,0.4444444444444445,0.0,0.587,4,18124.714004767902,102.08058163266328,24.000000000000213,270.8202113270142,4.945377440890297e-12,4.652633833757136e-11,9.25282073183098e-11,9.458744898438454e-11,0.0,3.552713678800501e-15,0.0,69.38426116078615,138.7685223215723,True,1034.5156395415472,1369.8630136986424,270.8202113270142,15.457774619121814,24.000000000000213,8784.0,37110.66768371191,138.7685223215723,69.38426116078615
netherlands_sluiskil,2020,flex_ml0p6_b24,high_investment_small_cavern,2.0,143.35548063444742,0,infeasible,2,The problem is infeasible. (HiGHS Status 8: model_status is Infeasible; primal_status is None),highs-ds,hourly,cyclic,True,0.6,1.5,0.6,24.0,0.4444444444444445,0.0,0.587,0,,,,,,,,,,,,,,False,,,,,,,,,
netherlands_sluiskil,2020,flex_ml0p6_b24,high_investment_small_cavern,2.0,143.35548063444742,1,infeasible,2,The problem is infeasible. (HiGHS Status 8: model_status is Infeasible; primal_status is None),highs-ds,hourly,cyclic,True,0.6,1.5,0.6,24.0,0.4444444444444445,0.0,0.587,1,,,,,,,,,,,,,,False,,,,,,,,,
netherlands_sluiskil,2020,flex_ml0p6_b24,high_investment_small_cavern,2.0,143.35548063444742,2,infeasible,2,The problem is infeasible. (HiGHS Status 8: model_status is Infeasible; primal_status is None),highs-ds,hourly,cyclic,True,0.6,1.5,0.6,24.0,0.4444444444444445,0.0,0.587,2,,,,,,,,,,,,,,False,,,,,,,,,
netherlands_sluiskil,2020,flex_ml0p6_b24,high_investment_small_cavern,2.0,143.35548063444742,4,infeasible,2,The problem is infeasible. (HiGHS Status 8: model_status is Infeasible; primal_status is None),highs-ds,hourly,cyclic,True,0.6,1.5,0.6,24.0,0.4444444444444445,0.0,0.587,4,,,,,,,,,,,,,,False,,,,,,,,,
netherlands_sluiskil,2020,flex_ml0p6_b24,high_investment_small_cavern,2.0,143.35548063444742,5,optimal,0,Optimization terminated successfully. (HiGHS Status 7: Optimal),highs-ds,hourly,cyclic,True,0.6,1.5,0.6,24.0,0.4444444444444445,0.0,0.587,5,30243.411055597884,170.33454929545437,3.829173303208512,561.8746222404654,5.454126039694529e-11,8.286482611197243e-12,5.6743942877801594e-11,5.820766091346741e-11,0.0,1.7763568394002505e-15,6.572520305780928e-14,86.73032645098269,173.46065290196535,True,1726.222092214491,218.56012004614792,561.8746222404654,32.07046930596264,3.829173303208512,8784.0,46388.33460463989,173.46065290196535,86.73032645098269
netherlands_sluiskil,2020,flex_ml0p6_b24,high_investment_small_cavern,2.0,143.35548063444742,6,optimal,0,Optimization terminated successfully. (HiGHS Status 7: Optimal),highs-ds,hourly,cyclic,True,0.6,1.5,0.6,24.0,0.4444444444444445,0.0,0.587,6,19940.67350895572,112.30828521794966,24.0,193089.18549051936,8.526512829121202e-14,1.8189894035458565e-12,1.14880549517693e-10,1.1641532182693479e-10,0.0,0.0,0.0,104.07639174117924,208.15278348235847,False,1138.1662961732718,1369.86301369863,193089.18549051936,11021.072231194026,14.18087127567552,8784.0,55666.00152556786,208.15278348235847,104.07639174117924
netherlands_sluiskil,2020,flex_ml0p6_b24,high_investment_small_cavern,2.0,143.35548063444742,8,optimal,0,Optimization terminated successfully. (HiGHS Status 7: Optimal),highs-ds,hourly,cyclic,True,0.6,1.5,0.6,24.0,0.4444444444444445,0.0,0.587,8,16901.65661968905,95.19217449939042,24.0,193147.24869469635,8.526512829121202e-14,1.8189894035458565e-12,7.901235221652314e-11,8.003553375601767e-11,0.0,0.0,0.0,138.7685223215723,277.5370446431446,False,964.7064280644436,1369.86301369863,193147.24869469635,11024.386341021482,14.969724197162344,8784.0,74221.33536742382,277.5370446431446,138.7685223215723
netherlands_sluiskil,2020,rigid,high_investment_small_cavern,2.0,143.35548063444742,0,infeasible,2,The problem is infeasible. (HiGHS Status 8: model_status is Infeasible; primal_status is None),highs-ds,hourly,cyclic,False,1.0,1.5,0.6,0.0,0.4444444444444445,0.0,0.587,0,,,,,,,,,,,,,,False,,,,,,,,,
netherlands_sluiskil,2020,rigid,high_investment_small_cavern,2.0,143.35548063444742,1,infeasible,2,The problem is infeasible. (HiGHS Status 8: model_status is Infeasible; primal_status is None),highs-ds,hourly,cyclic,False,1.0,1.5,0.6,0.0,0.4444444444444445,0.0,0.587,1,,,,,,,,,,,,,,False,,,,,,,,,
netherlands_sluiskil,2020,rigid,high_investment_small_cavern,2.0,143.35548063444742,2,infeasible,2,The problem is infeasible. (HiGHS Status 8: model_status is Infeasible; primal_status is None),highs-ds,hourly,cyclic,False,1.0,1.5,0.6,0.0,0.4444444444444445,0.0,0.587,2,,,,,,,,,,,,,,False,,,,,,,,,
netherlands_sluiskil,2020,rigid,high_investment_small_cavern,2.0,143.35548063444742,4,infeasible,2,The problem is infeasible. (HiGHS Status 8: model_status is Infeasible; primal_status is None),highs-ds,hourly,cyclic,False,1.0,1.5,0.6,0.0,0.4444444444444445,0.0,0.587,4,,,,,,,,,,,,,,False,,,,,,,,,
netherlands_sluiskil,2020,rigid,high_investment_small_cavern,2.0,143.35548063444742,5,infeasible,2,The problem is infeasible. (HiGHS Status 8: model_status is Infeasible; primal_status is None),highs-ds,hourly,cyclic,False,1.0,1.5,0.6,0.0,0.4444444444444445,0.0,0.587,5,,,,,,,,,,,,,,False,,,,,,,,,
netherlands_sluiskil,2020,rigid,high_investment_small_cavern,2.0,143.35548063444742,6,optimal,0,Optimization terminated successfully. (HiGHS Status 7: Optimal),highs-ds,hourly,cyclic,False,1.0,1.5,0.6,0.0,0.4444444444444445,0.0,0.587,6,37019.62440073539,208.4990025031953,-0.0,959.9629877216868,5.002220859751105e-12,3.637978807091713e-12,0.0,0.0,0.0,1.7763568394002505e-15,1.2434497875801753e-13,104.07639174117924,177.55300484072126,True,2112.9922603159466,-0.0,959.9629877216868,54.792407974982126,0.0,8784.0,55666.00152556786,208.15278348235847,104.07639174117924
netherlands_sluiskil,2020,rigid,high_investment_small_cavern,2.0,143.35548063444742,8,optimal,0,Optimization terminated successfully. (HiGHS Status 7: Optimal),highs-ds,hourly,cyclic,False,1.0,1.5,0.6,0.0,0.4444444444444445,0.0,0.587,8,24036.38085945838,135.37580443102536,0.0,192247.26902995328,5.684341886080803e-14,1.8189894035458565e-12,0.0,0.0,0.0,0.0,0.0,138.7685223215723,277.5370446431446,False,1371.9395467727384,0.0,192247.26902995328,10973.017638695965,0.0,8784.0,74221.33536742382,277.5370446431446,138.7685223215723
netherlands_sluiskil,2021,flex_ml0p4_b24,high_investment_small_cavern,2.0,143.35548063444742,0,infeasible,2,The problem is infeasible. (HiGHS Status 8: model_status is Infeasible; primal_status is None),highs-ds,hourly,cyclic,True,0.4,1.5,0.6,24.0,0.4444444444444445,0.0,0.587,0,,,,,,,,,,,,,,False,,,,,,,,,
netherlands_sluiskil,2021,flex_ml0p4_b24,high_investment_small_cavern,2.0,143.35548063444742,1,infeasible,2,The problem is infeasible. (HiGHS Status 8: model_status is Infeasible; primal_status is None),highs-ds,hourly,cyclic,True,0.4,1.5,0.6,24.0,0.4444444444444445,0.0,0.587,1,,,,,,,,,,,,,,False,,,,,,,,,
netherlands_sluiskil,2021,flex_ml0p4_b24,high_investment_small_cavern,2.0,143.35548063444742,2,infeasible,2,The problem is infeasible. (HiGHS Status 8: model_status is Infeasible; primal_status is None),highs-ds,hourly,cyclic,True,0.4,1.5,0.6,24.0,0.4444444444444445,0.0,0.587,2,,,,,,,,,,,,,,False,,,,,,,,,
netherlands_sluiskil,2021,flex_ml0p4_b24,high_investment_small_cavern,2.0,143.35548063444742,4,infeasible,2,The problem is infeasible. (HiGHS Status 8: model_status is Infeasible; primal_status is None),highs-ds,hourly,cyclic,True,0.4,1.5,0.6,24.0,0.4444444444444445,0.0,0.587,4,,,,,,,,,,,,,,False,,,,,,,,,
netherlands_sluiskil,2021,flex_ml0p4_b24,high_investment_small_cavern,2.0,143.35548063444742,5,infeasible,2,The problem is infeasible. (HiGHS Status 8: model_status is Infeasible; primal_status is None),highs-ds,hourly,cyclic,True,0.4,1.5,0.6,24.0,0.4444444444444445,0.0,0.587,5,,,,,,,,,,,,,,False,,,,,,,,,
netherlands_sluiskil,2021,flex_ml0p4_b24,high_investment_small_cavern,2.0,143.35548063444742,6,optimal,0,Optimization terminated successfully. (HiGHS Status 7: Optimal),highs-ds,hourly,cyclic,True,0.4,1.5,0.6,24.0,0.4444444444444445,0.0,0.587,6,43531.73012276936,245.1759696312697,23.999999999973426,612.9593421231392,4.0444092519464896e-11,1.2305179097893415e-10,2.33377317471195e-10,2.346496330574155e-10,0.0,3.552713678800501e-15,0.0,104.07639174842916,208.15278348235847,True,2484.687792395512,1369.863013697113,612.9593421231392,34.98626381981388,23.999999999973426,8760.0,55666.00152556786,208.15278348235847,104.07639174117924
netherlands_sluiskil,2021,flex_ml0p4_b24,high_investment_small_cavern,2.0,143.35548063444742,8,optimal,0,Optimization terminated successfully. (HiGHS Status 7: Optimal),highs-ds,hourly,cyclic,True,0.4,1.5,0.6,24.0,0.4444444444444445,0.0,0.587,8,35412.51105447905,199.4475457413228,24.0,211233.936795823,7.958078640513122e-13,1.7294610188400839e-10,1.8561641113024047e-10,1.8553691916167736e-10,0.0,0.0,0.0,138.7685223215723,266.32950726108186,False,2021.26204648853,1369.86301369863,211233.936795823,12056.731552273004,24.0,8760.0,74221.33536742382,277.5370446431446,138.7685223215723
netherlands_sluiskil,2021,flex_ml0p6_b24,high_investment_small_cavern,2.0,143.35548063444742,0,infeasible,2,The problem is infeasible. (HiGHS Status 8: model_status is Infeasible; primal_status is None),highs-ds,hourly,cyclic,True,0.6,1.5,0.6,24.0,0.4444444444444445,0.0,0.587,0,,,,,,,,,,,,,,False,,,,,,,,,
netherlands_sluiskil,2021,flex_ml0p6_b24,high_investment_small_cavern,2.0,143.35548063444742,1,infeasible,2,The problem is infeasible. (HiGHS Status 8: model_status is Infeasible; primal_status is None),highs-ds,hourly,cyclic,True,0.6,1.5,0.6,24.0,0.4444444444444445,0.0,0.587,1,,,,,,,,,,,,,,False,,,,,,,,,
netherlands_sluiskil,2021,flex_ml0p6_b24,high_investment_small_cavern,2.0,143.35548063444742,2,infeasible,2,The problem is infeasible. (HiGHS Status 8: model_status is Infeasible; primal_status is None),highs-ds,hourly,cyclic,True,0.6,1.5,0.6,24.0,0.4444444444444445,0.0,0.587,2,,,,,,,,,,,,,,False,,,,,,,,,
netherlands_sluiskil,2021,flex_ml0p6_b24,high_investment_small_cavern,2.0,143.35548063444742,4,infeasible,2,The problem is infeasible. (HiGHS Status 8: model_status is Infeasible; primal_status is None),highs-ds,hourly,cyclic,True,0.6,1.5,0.6,24.0,0.4444444444444445,0.0,0.587,4,,,,,,,,,,,,,,False,,,,,,,,,
netherlands_sluiskil,2021,flex_ml0p6_b24,high_investment_small_cavern,2.0,143.35548063444742,5,infeasible,2,The problem is infeasible. (HiGHS Status 8: model_status is Infeasible; primal_status is None),highs-ds,hourly,cyclic,True,0.6,1.5,0.6,24.0,0.4444444444444445,0.0,0.587,5,,,,,,,,,,,,,,False,,,,,,,,,
netherlands_sluiskil,2021,flex_ml0p6_b24,high_investment_small_cavern,2.0,143.35548063444742,6,optimal,0,Optimization terminated successfully. (HiGHS Status 7: Optimal),highs-ds,hourly,cyclic,True,0.6,1.5,0.6,24.0,0.4444444444444445,0.0,0.587,6,51192.27592707048,288.3210902175037,23.99999999999998,1468.8349136007664,3.268496584496461e-12,3.637978807091713e-12,4.1110359561002946e-10,4.1109160520136356e-10,0.0,1.7763568394002505e-15,0.0,104.07639174117924,159.79770435664912,True,2921.933557481192,1369.863013698629,1468.8349136007664,83.83760922378804,23.99999999999998,8760.0,55666.00152556786,208.15278348235847,104.07639174117924
netherlands_sluiskil,2021,flex_ml0p6_b24,high_investment_small_cavern,2.0,143.35548063444742,8,optimal,0,Optimization terminated successfully. (HiGHS Status 7: Optimal),highs-ds,hourly,cyclic,True,0.6,1.5,0.6,24.0,0.4444444444444445,0.0,0.587,8,40188.77027612856,226.34801541196663,24.0,211233.936795823,8.526512829121202e-14,3.609557097661309e-12,4.0964698300172126e-10,4.1109160520136356e-10,0.0,0.0,0.0,138.7685223215723,277.5370446431446,False,2293.8795819708084,1369.86301369863,211233.936795823,12056.731552273004,24.0,8760.0,74221.33536742382,277.5370446431446,138.7685223215723
netherlands_sluiskil,2021,rigid,high_investment_small_cavern,2.0,143.35548063444742,0,infeasible,2,The problem is infeasible. (HiGHS Status 8: model_status is Infeasible; primal_status is None),highs-ds,hourly,cyclic,False,1.0,1.5,0.6,0.0,0.4444444444444445,0.0,0.587,0,,,,,,,,,,,,,,False,,,,,,,,,
netherlands_sluiskil,2021,rigid,high_investment_small_cavern,2.0,143.35548063444742,1,infeasible,2,The problem is infeasible. (HiGHS Status 8: model_status is Infeasible; primal_status is None),highs-ds,hourly,cyclic,False,1.0,1.5,0.6,0.0,0.4444444444444445,0.0,0.587,1,,,,,,,,,,,,,,False,,,,,,,,,
netherlands_sluiskil,2021,rigid,high_investment_small_cavern,2.0,143.35548063444742,2,infeasible,2,The problem is infeasible. (HiGHS Status 8: model_status is Infeasible; primal_status is None),highs-ds,hourly,cyclic,False,1.0,1.5,0.6,0.0,0.4444444444444445,0.0,0.587,2,,,,,,,,,,,,,,False,,,,,,,,,
netherlands_sluiskil,2021,rigid,high_investment_small_cavern,2.0,143.35548063444742,4,infeasible,2,The problem is infeasible. (HiGHS Status 8: model_status is Infeasible; primal_status is None),highs-ds,hourly,cyclic,False,1.0,1.5,0.6,0.0,0.4444444444444445,0.0,0.587,4,,,,,,,,,,,,,,False,,,,,,,,,
netherlands_sluiskil,2021,rigid,high_investment_small_cavern,2.0,143.35548063444742,6,infeasible,2,The problem is infeasible. (HiGHS Status 8: model_status is Infeasible; primal_status is None),highs-ds,hourly,cyclic,False,1.0,1.5,0.6,0.0,0.4444444444444445,0.0,0.587,6,,,,,,,,,,,,,,False,,,,,,,,,
netherlands_sluiskil,2021,rigid,high_investment_small_cavern,2.0,143.35548063444742,7,infeasible,2,The problem is infeasible. (HiGHS Status 8: model_status is Infeasible; primal_status is None),highs-ds,hourly,cyclic,False,1.0,1.5,0.6,0.0,0.4444444444444445,0.0,0.587,7,,,,,,,,,,,,,,False,,,,,,,,,
netherlands_sluiskil,2021,rigid,high_investment_small_cavern,2.0,143.35548063444742,8,optimal,0,Optimization terminated successfully. (HiGHS Status 7: Optimal),highs-ds,hourly,cyclic,False,1.0,1.5,0.6,0.0,0.4444444444444445,0.0,0.587,8,62519.17206069915,352.11553933871,-0.0,1500.40432026993,6.565414878423326e-12,3.637978807091713e-12,0.0,0.0,0.0,1.7763568394002505e-15,0.0,138.7685223215723,177.55300484072126,True,3568.4458938755224,-0.0,1500.40432026993,85.63951599714213,0.0,8760.0,74221.33536742382,277.5370446431446,138.7685223215723
netherlands_sluiskil,2022,flex_ml0p4_b24,high_investment_small_cavern,2.0,143.35548063444742,0,infeasible,2,The problem is infeasible. (HiGHS Status 8: model_status is Infeasible; primal_status is None),highs-ds,hourly,cyclic,True,0.4,1.5,0.6,24.0,0.4444444444444445,0.0,0.587,0,,,,,,,,,,,,,,False,,,,,,,,,
netherlands_sluiskil,2022,flex_ml0p4_b24,high_investment_small_cavern,2.0,143.35548063444742,1,infeasible,2,The problem is infeasible. (HiGHS Status 8: model_status is Infeasible; primal_status is None),highs-ds,hourly,cyclic,True,0.4,1.5,0.6,24.0,0.4444444444444445,0.0,0.587,1,,,,,,,,,,,,,,False,,,,,,,,,
netherlands_sluiskil,2022,flex_ml0p4_b24,high_investment_small_cavern,2.0,143.35548063444742,2,infeasible,2,The problem is infeasible. (HiGHS Status 8: model_status is Infeasible; primal_status is None),highs-ds,hourly,cyclic,True,0.4,1.5,0.6,24.0,0.4444444444444445,0.0,0.587,2,,,,,,,,,,,,,,False,,,,,,,,,
netherlands_sluiskil,2022,flex_ml0p4_b24,high_investment_small_cavern,2.0,143.35548063444742,4,infeasible,2,The problem is infeasible. (HiGHS Status 8: model_status is Infeasible; primal_status is None),highs-ds,hourly,cyclic,True,0.4,1.5,0.6,24.0,0.4444444444444445,0.0,0.587,4,,,,,,,,,,,,,,False,,,,,,,,,
netherlands_sluiskil,2022,flex_ml0p4_b24,high_investment_small_cavern,2.0,143.35548063444742,5,optimal,0,Optimization terminated successfully. (HiGHS Status 7: Optimal),highs-ds,hourly,cyclic,True,0.4,1.5,0.6,24.0,0.4444444444444445,0.0,0.587,5,35599.42968967363,200.5002941043384,24.000000000000018,294.9624180726668,1.119815351557918e-11,2.916067387559451e-11,2.2266943844329035e-10,2.219167072325945e-10,0.0,3.552713678800501e-15,0.0,86.73032645098269,173.46065290196535,True,2031.930918360367,1369.8630136986312,294.9624180726668,16.835754456202444,24.000000000000018,8760.0,46388.33460463989,173.46065290196535,86.73032645098269
netherlands_sluiskil,2022,flex_ml0p4_b24,high_investment_small_cavern,2.0,143.35548063444742,6,optimal,0,Optimization terminated successfully. (HiGHS Status 7: Optimal),highs-ds,hourly,cyclic,True,0.4,1.5,0.6,24.0,0.4444444444444445,0.0,0.587,6,35042.780523418056,197.36517866793716,24.0,201043.84446276445,5.1443294069031245e-12,1.6427748050773516e-11,2.1312551723440262e-10,2.1464074961841104e-10,0.0,0.0,0.0,104.07639174117924,208.15278348235847,False,2000.1587056745464,1369.86301369863,201043.84446276445,11475.105277555049,24.0,8760.0,55666.00152556786,208.15278348235847,104.07639174117924
netherlands_sluiskil,2022,flex_ml0p4_b24,high_investment_small_cavern,2.0,143.35548063444742,8,optimal,0,Optimization terminated successfully. (HiGHS Status 7: Optimal),highs-ds,hourly,cyclic,True,0.4,1.5,0.6,24.0,0.4444444444444445,0.0,0.587,8,33982.39615557475,191.39296564459488,24.0,201130.93926902997,3.751665644813329e-12,1.1766587704187259e-11,1.545199523889096e-10,1.5643308870494366e-10,0.0,0.0,0.0,138.7685223215723,266.32950726108186,False,1939.6344837656825,1369.86301369863,201130.93926902997,11480.07644229623,24.0,8760.0,74221.33536742382,277.5370446431446,138.7685223215723
netherlands_sluiskil,2022,flex_ml0p6_b24,high_investment_small_cavern,2.0,143.35548063444742,0,infeasible,2,The problem is infeasible. (HiGHS Status 8: model_status is Infeasible; primal_status is None),highs-ds,hourly,cyclic,True,0.6,1.5,0.6,24.0,0.4444444444444445,0.0,0.587,0,,,,,,,,,,,,,,False,,,,,,,,,
netherlands_sluiskil,2022,flex_ml0p6_b24,high_investment_small_cavern,2.0,143.35548063444742,1,infeasible,2,The problem is infeasible. (HiGHS Status 8: model_status is Infeasible; primal_status is None),highs-ds,hourly,cyclic,True,0.6,1.5,0.6,24.0,0.4444444444444445,0.0,0.587,1,,,,,,,,,,,,,,False,,,,,,,,,
netherlands_sluiskil,2022,flex_ml0p6_b24,high_investment_small_cavern,2.0,143.35548063444742,2,infeasible,2,The problem is infeasible. (HiGHS Status 8: model_status is Infeasible; primal_status is None),highs-ds,hourly,cyclic,True,0.6,1.5,0.6,24.0,0.4444444444444445,0.0,0.587,2,,,,,,,,,,,,,,False,,,,,,,,,
netherlands_sluiskil,2022,flex_ml0p6_b24,high_investment_small_cavern,2.0,143.35548063444742,4,infeasible,2,The problem is infeasible. (HiGHS Status 8: model_status is Infeasible; primal_status is None),highs-ds,hourly,cyclic,True,0.6,1.5,0.6,24.0,0.4444444444444445,0.0,0.587,4,,,,,,,,,,,,,,False,,,,,,,,,
netherlands_sluiskil,2022,flex_ml0p6_b24,high_investment_small_cavern,2.0,143.35548063444742,5,infeasible,2,The problem is infeasible. (HiGHS Status 8: model_status is Infeasible; primal_status is None),highs-ds,hourly,cyclic,True,0.6,1.5,0.6,24.0,0.4444444444444445,0.0,0.587,5,,,,,,,,,,,,,,False,,,,,,,,,
netherlands_sluiskil,2022,flex_ml0p6_b24,high_investment_small_cavern,2.0,143.35548063444742,6,optimal,0,Optimization terminated successfully. (HiGHS Status 7: Optimal),highs-ds,hourly,cyclic,True,0.6,1.5,0.6,24.0,0.4444444444444445,0.0,0.587,6,35585.690238793584,200.42291185506372,23.9999999999998,1128.7709227435328,3.836930773104541e-12,3.6273206660553123e-12,3.3704017354807547e-10,3.3833202905952925e-10,0.0,2.4424906541753444e-15,1.149302875091962e-12,104.07639174117924,159.79770435664912,True,2031.146703127488,1369.8630136986187,1128.7709227435328,64.42756408353497,23.9999999999998,8760.0,55666.00152556786,208.15278348235847,104.07639174117924
netherlands_sluiskil,2022,flex_ml0p6_b24,high_investment_small_cavern,2.0,143.35548063444742,8,optimal,0,Optimization terminated successfully. (HiGHS Status 7: Optimal),highs-ds,hourly,cyclic,True,0.6,1.5,0.6,24.0,0.4444444444444445,0.0,0.587,8,34449.70058692057,194.02488072688269,24.0,201130.93926902997,3.382183422218077e-12,1.1311840353300797e-11,2.806530563503884e-10,2.801243681460619e-10,0.0,0.0,0.0,138.7685223215723,277.5370446431446,False,1966.3071111256031,1369.86301369863,201130.93926902997,11480.07644229623,24.0,8760.0,74221.33536742382,277.5370446431446,138.7685223215723
netherlands_sluiskil,2022,rigid,high_investment_small_cavern,2.0,143.35548063444742,0,infeasible,2,The problem is infeasible. (HiGHS Status 8: model_status is Infeasible; primal_status is None),highs-ds,hourly,cyclic,False,1.0,1.5,0.6,0.0,0.4444444444444445,0.0,0.587,0,,,,,,,,,,,,,,False,,,,,,,,,
netherlands_sluiskil,2022,rigid,high_investment_small_cavern,2.0,143.35548063444742,1,infeasible,2,The problem is infeasible. (HiGHS Status 8: model_status is Infeasible; primal_status is None),highs-ds,hourly,cyclic,False,1.0,1.5,0.6,0.0,0.4444444444444445,0.0,0.587,1,,,,,,,,,,,,,,False,,,,,,,,,
netherlands_sluiskil,2022,rigid,high_investment_small_cavern,2.0,143.35548063444742,2,infeasible,2,The problem is infeasible. (HiGHS Status 8: model_status is Infeasible; primal_status is None),highs-ds,hourly,cyclic,False,1.0,1.5,0.6,0.0,0.4444444444444445,0.0,0.587,2,,,,,,,,,,,,,,False,,,,,,,,,
netherlands_sluiskil,2022,rigid,high_investment_small_cavern,2.0,143.35548063444742,4,infeasible,2,The problem is infeasible. (HiGHS Status 8: model_status is Infeasible; primal_status is None),highs-ds,hourly,cyclic,False,1.0,1.5,0.6,0.0,0.4444444444444445,0.0,0.587,4,,,,,,,,,,,,,,False,,,,,,,,,
netherlands_sluiskil,2022,rigid,high_investment_small_cavern,2.0,143.35548063444742,6,infeasible,2,The problem is infeasible. (HiGHS Status 8: model_status is Infeasible; primal_status is None),highs-ds,hourly,cyclic,False,1.0,1.5,0.6,0.0,0.4444444444444445,0.0,0.587,6,,,,,,,,,,,,,,False,,,,,,,,,
netherlands_sluiskil,2022,rigid,high_investment_small_cavern,2.0,143.35548063444742,7,optimal,0,Optimization terminated successfully. (HiGHS Status 7: Optimal),highs-ds,hourly,cyclic,False,1.0,1.5,0.6,0.0,0.4444444444444445,0.0,0.587,7,56392.359157849,317.6085879731368,-0.0,1698.4290797690842,5.059064278611913e-12,3.637978807091713e-12,0.0,0.0,0.0,1.3322676295501878e-15,1.1191048088221579e-13,121.42245703137576,177.55300484072126,True,3218.7419610644406,-0.0,1698.4290797690842,96.94229907357786,0.0,8760.0,64943.66844649584,242.84491406275157,121.42245703137576
netherlands_sluiskil,2022,rigid,high_investment_small_cavern,2.0,143.35548063444742,8,optimal,0,Optimization terminated successfully. (HiGHS Status 7: Optimal),highs-ds,hourly,cyclic,False,1.0,1.5,0.6,0.0,0.4444444444444445,0.0,0.587,8,41193.41905460015,232.00631885421384,0.0,200376.1176147293,2.8421709430404014e-14,3.637978807091713e-12,0.0,0.0,0.0,0.0,0.0,138.7685223215723,277.5370446431446,False,2351.222548778548,0.0,200376.1176147293,11436.993014539345,0.0,8760.0,74221.33536742382,277.5370446431446,138.7685223215723
netherlands_sluiskil,2023,flex_ml0p4_b24,high_investment_small_cavern,2.0,143.35548063444742,0,infeasible,2,The problem is infeasible. (HiGHS Status 8: model_status is Infeasible; primal_status is None),highs-ds,hourly,cyclic,True,0.4,1.5,0.6,24.0,0.4444444444444445,0.0,0.587,0,,,,,,,,,,,,,,False,,,,,,,,,
netherlands_sluiskil,2023,flex_ml0p4_b24,high_investment_small_cavern,2.0,143.35548063444742,1,infeasible,2,The problem is infeasible. (HiGHS Status 8: model_status is Infeasible; primal_status is None),highs-ds,hourly,cyclic,True,0.4,1.5,0.6,24.0,0.4444444444444445,0.0,0.587,1,,,,,,,,,,,,,,False,,,,,,,,,
netherlands_sluiskil,2023,flex_ml0p4_b24,high_investment_small_cavern,2.0,143.35548063444742,2,infeasible,2,The problem is infeasible. (HiGHS Status 8: model_status is Infeasible; primal_status is None),highs-ds,hourly,cyclic,True,0.4,1.5,0.6,24.0,0.4444444444444445,0.0,0.587,2,,,,,,,,,,,,,,False,,,,,,,,,
netherlands_sluiskil,2023,flex_ml0p4_b24,high_investment_small_cavern,2.0,143.35548063444742,3,infeasible,2,The problem is infeasible. (HiGHS Status 8: model_status is Infeasible; primal_status is None),highs-ds,hourly,cyclic,True,0.4,1.5,0.6,24.0,0.4444444444444445,0.0,0.587,3,,,,,,,,,,,,,,False,,,,,,,,,
netherlands_sluiskil,2023,flex_ml0p4_b24,high_investment_small_cavern,2.0,143.35548063444742,4,optimal,0,Optimization terminated successfully. (HiGHS Status 7: Optimal),highs-ds,hourly,cyclic,True,0.4,1.5,0.6,24.0,0.4444444444444445,0.0,0.587,4,17935.862522826472,101.01694724297302,24.000000000000355,488.2915948841561,6.394884621840902e-12,1.8047785488306545e-12,6.040457023459567e-11,6.184563972055912e-11,0.0,3.552713678800501e-15,0.0,69.38426116078615,138.7685223215723,True,1023.7364453668076,1369.8630136986503,488.2915948841561,27.87052482215503,24.000000000000355,8760.0,37110.66768371191,138.7685223215723,69.38426116078615
netherlands_sluiskil,2023,flex_ml0p6_b24,high_investment_small_cavern,2.0,143.35548063444742,0,infeasible,2,The problem is infeasible. (HiGHS Status 8: model_status is Infeasible; primal_status is None),highs-ds,hourly,cyclic,True,0.6,1.5,0.6,24.0,0.4444444444444445,0.0,0.587,0,,,,,,,,,,,,,,False,,,,,,,,,
netherlands_sluiskil,2023,flex_ml0p6_b24,high_investment_small_cavern,2.0,143.35548063444742,1,infeasible,2,The problem is infeasible. (HiGHS Status 8: model_status is Infeasible; primal_status is None),highs-ds,hourly,cyclic,True,0.6,1.5,0.6,24.0,0.4444444444444445,0.0,0.587,1,,,,,,,,,,,,,,False,,,,,,,,,
netherlands_sluiskil,2023,flex_ml0p6_b24,high_investment_small_cavern,2.0,143.35548063444742,2,infeasible,2,The problem is infeasible. (HiGHS Status 8: model_status is Infeasible; primal_status is None),highs-ds,hourly,cyclic,True,0.6,1.5,0.6,24.0,0.4444444444444445,0.0,0.587,2,,,,,,,,,,,,,,False,,,,,,,,,
netherlands_sluiskil,2023,flex_ml0p6_b24,high_investment_small_cavern,2.0,143.35548063444742,4,infeasible,2,The problem is infeasible. (HiGHS Status 8: model_status is Infeasible; primal_status is None),highs-ds,hourly,cyclic,True,0.6,1.5,0.6,24.0,0.4444444444444445,0.0,0.587,4,,,,,,,,,,,,,,False,,,,,,,,,
netherlands_sluiskil,2023,flex_ml0p6_b24,high_investment_small_cavern,2.0,143.35548063444742,5,optimal,0,Optimization terminated successfully. (HiGHS Status 7: Optimal),highs-ds,hourly,cyclic,True,0.6,1.5,0.6,24.0,0.4444444444444445,0.0,0.587,5,29895.34122497145,168.37417790698544,4.00478020423723,692.6551243995442,4.007461029686965e-12,3.694822225952521e-12,8.247980076703243e-11,8.36735125631094e-11,0.0,1.7763568394002505e-15,0.0,86.73032645098269,173.46065290196535,True,1706.355092749512,228.58334499070943,692.6551243995442,39.53510984015664,4.00478020423723,8760.0,46388.33460463989,173.46065290196535,86.73032645098269
netherlands_sluiskil,2023,flex_ml0p6_b24,high_investment_small_cavern,2.0,143.35548063444742,6,optimal,0,Optimization terminated successfully. (HiGHS Status 7: Optimal),highs-ds,hourly,cyclic,True,0.6,1.5,0.6,24.0,0.4444444444444445,0.0,0.587,6,24202.4930530806,136.31136839836705,24.0,196660.0725474031,1.1368683772161605e-13,1.8189894035458565e-12,1.6191714635738208e-10,1.6189005691558123e-10,0.0,0.0,0.0,104.07639174117924,208.15278348235847,False,1381.420836363048,1369.86301369863,196660.0725474031,11224.88998558237,15.223244687601875,8760.0,55666.00152556786,208.15278348235847,104.07639174117924
netherlands_sluiskil,2023,flex_ml0p6_b24,high_investment_small_cavern,2.0,143.35548063444742,8,optimal,0,Optimization terminated successfully. (HiGHS Status 7: Optimal),highs-ds,hourly,cyclic,True,0.6,1.5,0.6,24.0,0.4444444444444445,0.0,0.587,8,14203.521466653718,79.99595095219803,24.0,196689.1041494916,1.1368683772161605e-13,9.094947017729282e-13,1.0540279760107295e-10,1.0550138540565968e-10,0.0,0.0,0.0,138.7685223215723,277.5370446431446,False,810.7032800601437,1369.86301369863,196689.1041494916,11226.547040496094,15.34230856648782,8760.0,74221.33536742382,277.5370446431446,138.7685223215723
netherlands_sluiskil,2023,rigid,high_investment_small_cavern,2.0,143.35548063444742,0,infeasible,2,The problem is infeasible. (HiGHS Status 8: model_status is Infeasible; primal_status is None),highs-ds,hourly,cyclic,False,1.0,1.5,0.6,0.0,0.4444444444444445,0.0,0.587,0,,,,,,,,,,,,,,False,,,,,,,,,
netherlands_sluiskil,2023,rigid,high_investment_small_cavern,2.0,143.35548063444742,1,infeasible,2,The problem is infeasible. (HiGHS Status 8: model_status is Infeasible; primal_status is None),highs-ds,hourly,cyclic,False,1.0,1.5,0.6,0.0,0.4444444444444445,0.0,0.587,1,,,,,,,,,,,,,,False,,,,,,,,,
netherlands_sluiskil,2023,rigid,high_investment_small_cavern,2.0,143.35548063444742,2,infeasible,2,The problem is infeasible. (HiGHS Status 8: model_status is Infeasible; primal_status is None),highs-ds,hourly,cyclic,False,1.0,1.5,0.6,0.0,0.4444444444444445,0.0,0.587,2,,,,,,,,,,,,,,False,,,,,,,,,
netherlands_sluiskil,2023,rigid,high_investment_small_cavern,2.0,143.35548063444742,4,infeasible,2,The problem is infeasible. (HiGHS Status 8: model_status is Infeasible; primal_status is None),highs-ds,hourly,cyclic,False,1.0,1.5,0.6,0.0,0.4444444444444445,0.0,0.587,4,,,,,,,,,,,,,,False,,,,,,,,,
netherlands_sluiskil,2023,rigid,high_investment_small_cavern,2.0,143.35548063444742,5,infeasible,2,The problem is infeasible. (HiGHS Status 8: model_status is Infeasible; primal_status is None),highs-ds,hourly,cyclic,False,1.0,1.5,0.6,0.0,0.4444444444444445,0.0,0.587,5,,,,,,,,,,,,,,False,,,,,,,,,
netherlands_sluiskil,2023,rigid,high_investment_small_cavern,2.0,143.35548063444742,6,optimal,0,Optimization terminated successfully. (HiGHS Status 7: Optimal),highs-ds,hourly,cyclic,False,1.0,1.5,0.6,0.0,0.4444444444444445,0.0,0.587,6,35690.94054381622,201.015694303984,-0.0,972.440301279306,5.1727511163335285e-12,3.637978807091713e-12,0.0,0.0,0.0,1.7763568394002505e-15,5.684341886080803e-14,104.07639174117924,177.55300484072126,True,2037.15414062878,-0.0,972.440301279306,55.50458340635309,0.0,8760.0,55666.00152556786,208.15278348235847,104.07639174117924
netherlands_sluiskil,2023,rigid,high_investment_small_cavern,2.0,143.35548063444742,8,optimal,0,Optimization terminated successfully. (HiGHS Status 7: Optimal),highs-ds,hourly,cyclic,False,1.0,1.5,0.6,0.0,0.4444444444444445,0.0,0.587,8,25216.82434049553,142.02420490217534,0.0,196021.3773014564,5.684341886080803e-14,1.8189894035458565e-12,0.0,0.0,0.0,0.0,0.0,138.7685223215723,277.5370446431446,False,1439.3164577908406,0.0,196021.3773014564,11188.434777480388,0.0,8760.0,74221.33536742382,277.5370446431446,138.7685223215723
poland_kedzierzyn,2015,flex_ml0p4_b24,high_investment_small_cavern,2.0,47.62292598140626,0,infeasible,2,The problem is infeasible. (HiGHS Status 8: model_status is Infeasible; primal_status is None),highs-ds,hourly,cyclic,True,0.4,1.5,0.6,24.0,0.4444444444444445,0.0,0.587,0,,,,,,,,,,,,,,False,,,,,,,,,
poland_kedzierzyn,2015,flex_ml0p4_b24,high_investment_small_cavern,2.0,47.62292598140626,1,infeasible,2,The problem is infeasible. (HiGHS Status 8: model_status is Infeasible; primal_status is None),highs-ds,hourly,cyclic,True,0.4,1.5,0.6,24.0,0.4444444444444445,0.0,0.587,1,,,,,,,,,,,,,,False,,,,,,,,,
poland_kedzierzyn,2015,flex_ml0p4_b24,high_investment_small_cavern,2.0,47.62292598140626,2,optimal,0,Optimization terminated successfully. (HiGHS Status 7: Optimal),highs-ds,hourly,cyclic,True,0.4,1.5,0.6,24.0,0.4444444444444445,0.0,0.587,2,20887.436730015936,117.64057019904324,24.00000000000018,269.75639531966146,6.849631972727366e-12,1.6768808563938364e-12,1.7259749185427606e-10,1.7462298274040222e-10,0.0,3.552713678800501e-15,0.0,104.43094268350968,208.86188536701937,True,1192.2052928091289,1369.8630136986403,269.75639531966146,15.397054527377938,24.00000000000018,8760.0,55855.63562958003,208.86188536701937,104.43094268350968
poland_kedzierzyn,2015,flex_ml0p6_b24,high_investment_small_cavern,2.0,47.62292598140626,0,infeasible,2,The problem is infeasible. (HiGHS Status 8: model_status is Infeasible; primal_status is None),highs-ds,hourly,cyclic,True,0.6,1.5,0.6,24.0,0.4444444444444445,0.0,0.587,0,,,,,,,,,,,,,,False,,,,,,,,,
poland_kedzierzyn,2015,flex_ml0p6_b24,high_investment_small_cavern,2.0,47.62292598140626,1,infeasible,2,The problem is infeasible. (HiGHS Status 8: model_status is Infeasible; primal_status is None),highs-ds,hourly,cyclic,True,0.6,1.5,0.6,24.0,0.4444444444444445,0.0,0.587,1,,,,,,,,,,,,,,False,,,,,,,,,
poland_kedzierzyn,2015,flex_ml0p6_b24,high_investment_small_cavern,2.0,47.62292598140626,2,optimal,0,Optimization terminated successfully. (HiGHS Status 7: Optimal),highs-ds,hourly,cyclic,True,0.6,1.5,0.6,24.0,0.4444444444444445,0.0,0.587,2,23255.50561162385,130.97782058087856,16.566399785241757,554.2854824934253,4.916955731459893e-12,1.8189894035458565e-12,3.0512126159010217e-10,3.055902197957039e-10,0.0,1.3322676295501878e-15,0.0,104.43094268350978,159.79770435664912,True,1327.3690417593525,945.5707639978172,554.2854824934253,31.63729922907679,16.566399785241757,8760.0,55855.63562958003,208.86188536701937,104.43094268350968
poland_kedzierzyn,2015,rigid,high_investment_small_cavern,2.0,47.62292598140626,0,infeasible,2,The problem is infeasible. (HiGHS Status 8: model_status is Infeasible; primal_status is None),highs-ds,hourly,cyclic,False,1.0,1.5,0.6,0.0,0.4444444444444445,0.0,0.587,0,,,,,,,,,,,,,,False,,,,,,,,,
poland_kedzierzyn,2015,rigid,high_investment_small_cavern,2.0,47.62292598140626,1,infeasible,2,The problem is infeasible. (HiGHS Status 8: model_status is Infeasible; primal_status is None),highs-ds,hourly,cyclic,False,1.0,1.5,0.6,0.0,0.4444444444444445,0.0,0.587,1,,,,,,,,,,,,,,False,,,,,,,,,
poland_kedzierzyn,2015,rigid,high_investment_small_cavern,2.0,47.62292598140626,2,infeasible,2,The problem is infeasible. (HiGHS Status 8: model_status is Infeasible; primal_status is None),highs-ds,hourly,cyclic,False,1.0,1.5,0.6,0.0,0.4444444444444445,0.0,0.587,2,,,,,,,,,,,,,,False,,,,,,,,,
poland_kedzierzyn,2015,rigid,high_investment_small_cavern,2.0,47.62292598140626,3,optimal,0,Optimization terminated successfully. (HiGHS Status 7: Optimal),highs-ds,hourly,cyclic,False,1.0,1.5,0.6,0.0,0.4444444444444445,0.0,0.587,3,26800.5044580814,150.94368288570232,-0.0,399.0271967069929,6.73594513500575e-12,1.8189894035458565e-12,0.0,0.0,0.0,3.552713678800501e-15,0.0,156.64641402526453,177.55300484072126,True,1529.7091585662895,-0.0,399.0271967069929,22.775524926198223,0.0,8760.0,83783.45344437004,313.29282805052907,156.64641402526453
poland_kedzierzyn,2015,rigid,high_investment_small_cavern,2.0,47.62292598140626,4,optimal,0,Optimization terminated successfully. (HiGHS Status 7: Optimal),highs-ds,hourly,cyclic,False,1.0,1.5,0.6,0.0,0.4444444444444445,0.0,0.587,4,24512.67782969062,138.05836658005524,0.0,202930.89859851607,8.526512829121202e-14,1.7905676941154525e-12,0.0,0.0,0.0,0.0,0.0,208.86188536701937,276.7306283332771,False,1399.1254469001497,0.0,202930.89859851607,11582.813846947263,0.0,8760.0,111711.27125916006,417.72377073403874,208.86188536701937
poland_kedzierzyn,2016,flex_ml0p4_b24,high_investment_small_cavern,2.0,47.62292598140626,0,infeasible,2,The problem is infeasible. (HiGHS Status 8: model_status is Infeasible; primal_status is None),highs-ds,hourly,cyclic,True,0.4,1.5,0.6,24.0,0.4444444444444445,0.0,0.587,0,,,,,,,,,,,,,,False,,,,,,,,,
poland_kedzierzyn,2016,flex_ml0p4_b24,high_investment_small_cavern,2.0,47.62292598140626,1,infeasible,2,The problem is infeasible. (HiGHS Status 8: model_status is Infeasible; primal_status is None),highs-ds,hourly,cyclic,True,0.4,1.5,0.6,24.0,0.4444444444444445,0.0,0.587,1,,,,,,,,,,,,,,False,,,,,,,,,
poland_kedzierzyn,2016,flex_ml0p4_b24,high_investment_small_cavern,2.0,47.62292598140626,2,optimal,0,Optimization terminated successfully. (HiGHS Status 7: Optimal),highs-ds,hourly,cyclic,True,0.4,1.5,0.6,24.0,0.4444444444444445,0.0,0.587,2,20041.649159508863,112.87699229583735,24.000000000000306,524.969391123923,7.662492862436919e-11,4.867217739956686e-12,2.8919555639106415e-10,2.9103830456733704e-10,0.0,3.552713678800501e-15,0.0,104.43094268350968,208.86188536701937,True,1143.9297465473096,1369.8630136986476,524.969391123923,29.964006342689668,24.000000000000306,8784.0,55855.63562958003,208.86188536701937,104.43094268350968
poland_kedzierzyn,2016,flex_ml0p6_b24,high_investment_small_cavern,2.0,47.62292598140626,0,infeasible,2,The problem is infeasible. (HiGHS Status 8: model_status is Infeasible; primal_status is None),highs-ds,hourly,cyclic,True,0.6,1.5,0.6,24.0,0.4444444444444445,0.0,0.587,0,,,,,,,,,,,,,,False,,,,,,,,,
poland_kedzierzyn,2016,flex_ml0p6_b24,high_investment_small_cavern,2.0,47.62292598140626,1,infeasible,2,The problem is infeasible. (HiGHS Status 8: model_status is Infeasible; primal_status is None),highs-ds,hourly,cyclic,True,0.6,1.5,0.6,24.0,0.4444444444444445,0.0,0.587,1,,,,,,,,,,,,,,False,,,,,,,,,
poland_kedzierzyn,2016,flex_ml0p6_b24,high_investment_small_cavern,2.0,47.62292598140626,2,infeasible,2,The problem is infeasible. (HiGHS Status 8: model_status is Infeasible; primal_status is None),highs-ds,hourly,cyclic,True,0.6,1.5,0.6,24.0,0.4444444444444445,0.0,0.587,2,,,,,,,,,,,,,,False,,,,,,,,,
poland_kedzierzyn,2016,flex_ml0p6_b24,high_investment_small_cavern,2.0,47.62292598140626,3,optimal,0,Optimization terminated successfully. (HiGHS Status 7: Optimal),highs-ds,hourly,cyclic,True,0.6,1.5,0.6,24.0,0.4444444444444445,0.0,0.587,3,16752.559496056412,94.3524414643658,23.99999999999997,645.1757267240819,4.831690603168681e-12,1.6626700016786344e-12,5.710840689232555e-10,5.711626727133988e-10,0.0,3.552713678800501e-15,0.0,156.64641402526453,173.61728647738187,True,956.19631826806,1369.8630136986285,645.1757267240819,36.82509855731061,23.99999999999997,8784.0,83783.45344437004,313.29282805052907,156.64641402526453
poland_kedzierzyn,2016,flex_ml0p6_b24,high_investment_small_cavern,2.0,47.62292598140626,4,optimal,0,Optimization terminated successfully. (HiGHS Status 7: Optimal),highs-ds,hourly,cyclic,True,0.6,1.5,0.6,24.0,0.4444444444444445,0.0,0.587,4,14203.762758676266,79.99730993805561,24.0,213150.02253366308,1.1368683772161605e-13,9.094947017729282e-13,4.325815261552179e-10,4.3291947804391374e-10,0.0,0.0,0.0,208.86188536701937,249.9990816588343,False,810.71705243586,1369.86301369863,213150.02253366308,12166.097176578942,24.0,8784.0,111711.27125916006,417.72377073403874,208.86188536701937
poland_kedzierzyn,2016,rigid,high_investment_small_cavern,2.0,47.62292598140626,0,infeasible,2,The problem is infeasible. (HiGHS Status 8: model_status is Infeasible; primal_status is None),highs-ds,hourly,cyclic,False,1.0,1.5,0.6,0.0,0.4444444444444445,0.0,0.587,0,,,,,,,,,,,,,,False,,,,,,,,,
poland_kedzierzyn,2016,rigid,high_investment_small_cavern,2.0,47.62292598140626,1,infeasible,2,The problem is infeasible. (HiGHS Status 8: model_status is Infeasible; primal_status is None),highs-ds,hourly,cyclic,False,1.0,1.5,0.6,0.0,0.4444444444444445,0.0,0.587,1,,,,,,,,,,,,,,False,,,,,,,,,
poland_kedzierzyn,2016,rigid,high_investment_small_cavern,2.0,47.62292598140626,2,infeasible,2,The problem is infeasible. (HiGHS Status 8: model_status is Infeasible; primal_status is None),highs-ds,hourly,cyclic,False,1.0,1.5,0.6,0.0,0.4444444444444445,0.0,0.587,2,,,,,,,,,,,,,,False,,,,,,,,,
poland_kedzierzyn,2016,rigid,high_investment_small_cavern,2.0,47.62292598140626,3,optimal,0,Optimization terminated successfully. (HiGHS Status 7: Optimal),highs-ds,hourly,cyclic,False,1.0,1.5,0.6,0.0,0.4444444444444445,0.0,0.587,3,36314.64938339966,204.5284979320778,-0.0,1934.486301154674,6.73594513500575e-12,3.637978807091713e-12,0.0,0.0,0.0,1.7763568394002505e-15,0.0,156.64641402527013,177.55300484072126,True,2072.7539602397064,-0.0,1934.486301154674,110.4158847691024,0.0,8784.0,83783.45344437004,313.29282805052907,156.64641402526453
poland_kedzierzyn,2016,rigid,high_investment_small_cavern,2.0,47.62292598140626,4,optimal,0,Optimization terminated successfully. (HiGHS Status 7: Optimal),highs-ds,hourly,cyclic,False,1.0,1.5,0.6,0.0,0.4444444444444445,0.0,0.587,4,21376.516689308137,120.39512768868384,0.0,212569.3904918933,8.526512829121202e-14,1.8189894035458565e-12,0.0,0.0,0.0,0.0,0.0,208.86188536701937,208.86188536701937,False,1220.1208155997797,0.0,212569.3904918933,12132.956078304414,0.0,8784.0,111711.27125916006,417.72377073403874,208.86188536701937
poland_kedzierzyn,2017,flex_ml0p4_b24,high_investment_small_cavern,2.0,47.62292598140626,0,infeasible,2,The problem is infeasible. (HiGHS Status 8: model_status is Infeasible; primal_status is None),highs-ds,hourly,cyclic,True,0.4,1.5,0.6,24.0,0.4444444444444445,0.0,0.587,0,,,,,,,,,,,,,,False,,,,,,,,,
poland_kedzierzyn,2017,flex_ml0p4_b24,high_investment_small_cavern,2.0,47.62292598140626,1,infeasible,2,The problem is infeasible. (HiGHS Status 8: model_status is Infeasible; primal_status is None),highs-ds,hourly,cyclic,True,0.4,1.5,0.6,24.0,0.4444444444444445,0.0,0.587,1,,,,,,,,,,,,,,False,,,,,,,,,
poland_kedzierzyn,2017,flex_ml0p4_b24,high_investment_small_cavern,2.0,47.62292598140626,2,optimal,0,Optimization terminated successfully. (HiGHS Status 7: Optimal),highs-ds,hourly,cyclic,True,0.4,1.5,0.6,24.0,0.4444444444444445,0.0,0.587,2,27344.625051152525,154.0082358824778,24.000000000000018,401.3833996148903,5.485389920067973e-12,6.16928730323707e-12,1.6950529868609007e-10,1.7098500393331048e-10,0.0,3.552713678800501e-15,0.0,104.43094268350968,208.86188536701937,True,1560.7662700429523,1369.8630136986312,401.3833996148903,22.910011393543968,24.000000000000018,8760.0,55855.63562958003,208.86188536701937,104.43094268350968
poland_kedzierzyn,2017,flex_ml0p6_b24,high_investment_small_cavern,2.0,47.62292598140626,0,infeasible,2,The problem is infeasible. (HiGHS Status 8: model_status is Infeasible; primal_status is None),highs-ds,hourly,cyclic,True,0.6,1.5,0.6,24.0,0.4444444444444445,0.0,0.587,0,,,,,,,,,,,,,,False,,,,,,,,,
poland_kedzierzyn,2017,flex_ml0p6_b24,high_investment_small_cavern,2.0,47.62292598140626,1,infeasible,2,The problem is infeasible. (HiGHS Status 8: model_status is Infeasible; primal_status is None),highs-ds,hourly,cyclic,True,0.6,1.5,0.6,24.0,0.4444444444444445,0.0,0.587,1,,,,,,,,,,,,,,False,,,,,,,,,
poland_kedzierzyn,2017,flex_ml0p6_b24,high_investment_small_cavern,2.0,47.62292598140626,2,optimal,0,Optimization terminated successfully. (HiGHS Status 7: Optimal),highs-ds,hourly,cyclic,True,0.6,1.5,0.6,24.0,0.4444444444444445,0.0,0.587,2,33912.889695078215,191.00149685160605,10.952870618076163,456.0640354243756,4.092726157978177e-12,3.566924533515703e-12,3.4859892750205285e-10,3.4924596548080444e-10,0.0,3.552713678800501e-15,0.0,104.43094268350968,159.79770435664912,True,1935.6672200387109,625.163848063708,456.0640354243756,26.03105225024975,10.952870618076163,8760.0,55855.63562958003,208.86188536701937,104.43094268350968
poland_kedzierzyn,2017,rigid,high_investment_small_cavern,2.0,47.62292598140626,0,infeasible,2,The problem is infeasible. (HiGHS Status 8: model_status is Infeasible; primal_status is None),highs-ds,hourly,cyclic,False,1.0,1.5,0.6,0.0,0.4444444444444445,0.0,0.587,0,,,,,,,,,,,,,,False,,,,,,,,,
poland_kedzierzyn,2017,rigid,high_investment_small_cavern,2.0,47.62292598140626,1,infeasible,2,The problem is infeasible. (HiGHS Status 8: model_status is Infeasible; primal_status is None),highs-ds,hourly,cyclic,False,1.0,1.5,0.6,0.0,0.4444444444444445,0.0,0.587,1,,,,,,,,,,,,,,False,,,,,,,,,
poland_kedzierzyn,2017,rigid,high_investment_small_cavern,2.0,47.62292598140626,2,infeasible,2,The problem is infeasible. (HiGHS Status 8: model_status is Infeasible; primal_status is None),highs-ds,hourly,cyclic,False,1.0,1.5,0.6,0.0,0.4444444444444445,0.0,0.587,2,,,,,,,,,,,,,,False,,,,,,,,,
poland_kedzierzyn,2017,rigid,high_investment_small_cavern,2.0,47.62292598140626,3,optimal,0,Optimization terminated successfully. (HiGHS Status 7: Optimal),highs-ds,hourly,cyclic,False,1.0,1.5,0.6,0.0,0.4444444444444445,0.0,0.587,3,36791.2475706862,207.2127565719926,-0.0,527.7256108004582,6.565414878423326e-12,3.581135388230905e-12,0.0,0.0,0.0,1.7763568394002505e-15,0.0,156.64641402526453,177.55300484072126,True,2099.957053121358,-0.0,527.7256108004582,30.12132481737775,0.0,8760.0,83783.45344437004,313.29282805052907,156.64641402526453
poland_kedzierzyn,2017,rigid,high_investment_small_cavern,2.0,47.62292598140626,4,optimal,0,Optimization terminated successfully. (HiGHS Status 7: Optimal),highs-ds,hourly,cyclic,False,1.0,1.5,0.6,0.0,0.4444444444444445,0.0,0.587,4,29580.95516635906,166.60351759687458,0.0,206356.6276449574,8.526512829121202e-14,1.7905676941154525e-12,0.0,0.0,0.0,0.0,0.0,208.86188536701937,386.4148902077407,False,1688.410683011362,0.0,206356.6276449574,11778.346326766976,0.0,8760.0,111711.27125916006,417.72377073403874,208.86188536701937
poland_kedzierzyn,2018,flex_ml0p4_b24,high_investment_small_cavern,2.0,47.62292598140626,0,infeasible,2,The problem is infeasible. (HiGHS Status 8: model_status is Infeasible; primal_status is None),highs-ds,hourly,cyclic,True,0.4,1.5,0.6,24.0,0.4444444444444445,0.0,0.587,0,,,,,,,,,,,,,,False,,,,,,,,,
poland_kedzierzyn,2018,flex_ml0p4_b24,high_investment_small_cavern,2.0,47.62292598140626,1,infeasible,2,The problem is infeasible. (HiGHS Status 8: model_status is Infeasible; primal_status is None),highs-ds,hourly,cyclic,True,0.4,1.5,0.6,24.0,0.4444444444444445,0.0,0.587,1,,,,,,,,,,,,,,False,,,,,,,,,
poland_kedzierzyn,2018,flex_ml0p4_b24,high_investment_small_cavern,2.0,47.62292598140626,2,optimal,0,Optimization terminated successfully. (HiGHS Status 7: Optimal),highs-ds,hourly,cyclic,True,0.4,1.5,0.6,24.0,0.4444444444444445,0.0,0.587,2,23084.25903515883,130.01333914831343,24.000000000000156,358.095860827819,6.224354365258478e-12,1.7692514120426497e-12,1.9133139517180095e-10,1.9281287677586079e-10,8.881784197001252e-16,3.552713678800501e-15,0.0,104.43094268350968,208.86188536701937,True,1317.5946937876042,1369.863013698639,358.095860827819,20.439261462775058,24.000000000000156,8760.0,55855.63562958003,208.86188536701937,104.43094268350968
poland_kedzierzyn,2018,flex_ml0p6_b24,high_investment_small_cavern,2.0,47.62292598140626,0,infeasible,2,The problem is infeasible. (HiGHS Status 8: model_status is Infeasible; primal_status is None),highs-ds,hourly,cyclic,True,0.6,1.5,0.6,24.0,0.4444444444444445,0.0,0.587,0,,,,,,,,,,,,,,False,,,,,,,,,
poland_kedzierzyn,2018,flex_ml0p6_b24,high_investment_small_cavern,2.0,47.62292598140626,1,infeasible,2,The problem is infeasible. (HiGHS Status 8: model_status is Infeasible; primal_status is None),highs-ds,hourly,cyclic,True,0.6,1.5,0.6,24.0,0.4444444444444445,0.0,0.587,1,,,,,,,,,,,,,,False,,,,,,,,,
poland_kedzierzyn,2018,flex_ml0p6_b24,high_investment_small_cavern,2.0,47.62292598140626,2,optimal,0,Optimization terminated successfully. (HiGHS Status 7: Optimal),highs-ds,hourly,cyclic,True,0.6,1.5,0.6,24.0,0.4444444444444445,0.0,0.587,2,28417.99155804416,160.05356588325432,10.988717482402464,711.6961201872231,4.405364961712621e-12,1.8189894035458565e-12,3.442290896771283e-10,3.4560798667371273e-10,0.0,3.552713678800501e-15,0.0,104.43094268350968,159.79770435664912,True,1622.0314816235248,627.209901963611,711.6961201872231,40.6219246682205,10.988717482402464,8760.0,55855.63562958003,208.86188536701937,104.43094268350968
poland_kedzierzyn,2018,rigid,high_investment_small_cavern,2.0,47.62292598140626,0,infeasible,2,The problem is infeasible. (HiGHS Status 8: model_status is Infeasible; primal_status is None),highs-ds,hourly,cyclic,False,1.0,1.5,0.6,0.0,0.4444444444444445,0.0,0.587,0,,,,,,,,,,,,,,False,,,,,,,,,
poland_kedzierzyn,2018,rigid,high_investment_small_cavern,2.0,47.62292598140626,1,infeasible,2,The problem is infeasible. (HiGHS Status 8: model_status is Infeasible; primal_status is None),highs-ds,hourly,cyclic,False,1.0,1.5,0.6,0.0,0.4444444444444445,0.0,0.587,1,,,,,,,,,,,,,,False,,,,,,,,,
poland_kedzierzyn,2018,rigid,high_investment_small_cavern,2.0,47.62292598140626,2,infeasible,2,The problem is infeasible. (HiGHS Status 8: model_status is Infeasible; primal_status is None),highs-ds,hourly,cyclic,False,1.0,1.5,0.6,0.0,0.4444444444444445,0.0,0.587,2,,,,,,,,,,,,,,False,,,,,,,,,
poland_kedzierzyn,2018,rigid,high_investment_small_cavern,2.0,47.62292598140626,3,optimal,0,Optimization terminated successfully. (HiGHS Status 7: Optimal),highs-ds,hourly,cyclic,False,1.0,1.5,0.6,0.0,0.4444444444444445,0.0,0.587,3,31592.91614507845,177.935125194979,-0.0,527.3190257807117,6.87805368215777e-12,1.8189894035458565e-12,0.0,0.0,0.0,1.7763568394002505e-15,9.059419880941277e-14,156.64641402526453,177.55300484072126,True,1803.24863841772,-0.0,527.3190257807117,30.09811790985798,0.0,8760.0,83783.45344437004,313.29282805052907,156.64641402526453
poland_kedzierzyn,2018,rigid,high_investment_small_cavern,2.0,47.62292598140626,4,optimal,0,Optimization terminated successfully. (HiGHS Status 7: Optimal),highs-ds,hourly,cyclic,False,1.0,1.5,0.6,0.0,0.4444444444444445,0.0,0.587,4,26538.20673788953,149.4663903981594,0.0,204208.28909040944,8.526512829121202e-14,1.7905676941154525e-12,0.0,0.0,0.0,0.0,0.0,208.86188536701937,386.4148902077407,False,1514.73782750511,0.0,204208.28909040944,11655.724263151224,0.0,8760.0,111711.27125916006,417.72377073403874,208.86188536701937
poland_kedzierzyn,2019,flex_ml0p4_b24,high_investment_small_cavern,2.0,47.62292598140626,0,infeasible,2,The problem is infeasible. (HiGHS Status 8: model_status is Infeasible; primal_status is None),highs-ds,hourly,cyclic,True,0.4,1.5,0.6,24.0,0.4444444444444445,0.0,0.587,0,,,,,,,,,,,,,,False,,,,,,,,,
poland_kedzierzyn,2019,flex_ml0p4_b24,high_investment_small_cavern,2.0,47.62292598140626,1,infeasible,2,The problem is infeasible. (HiGHS Status 8: model_status is Infeasible; primal_status is None),highs-ds,hourly,cyclic,True,0.4,1.5,0.6,24.0,0.4444444444444445,0.0,0.587,1,,,,,,,,,,,,,,False,,,,,,,,,
poland_kedzierzyn,2019,flex_ml0p4_b24,high_investment_small_cavern,2.0,47.62292598140626,2,optimal,0,Optimization terminated successfully. (HiGHS Status 7: Optimal),highs-ds,hourly,cyclic,True,0.4,1.5,0.6,24.0,0.4444444444444445,0.0,0.587,2,10033.88887988244,56.51207586649188,24.000000000000085,226.1066390577473,7.44648787076585e-12,1.3571366253017916e-12,1.4392742553326343e-10,1.4551915228366852e-10,0.0,3.552713678800501e-15,0.0,104.43094268350968,208.86188536701937,True,572.7105525047053,1369.863013698635,226.1066390577473,12.905630083204754,24.000000000000085,8760.0,55855.63562958003,208.86188536701937,104.43094268350968
poland_kedzierzyn,2019,flex_ml0p6_b24,high_investment_small_cavern,2.0,47.62292598140626,0,infeasible,2,The problem is infeasible. (HiGHS Status 8: model_status is Infeasible; primal_status is None),highs-ds,hourly,cyclic,True,0.6,1.5,0.6,24.0,0.4444444444444445,0.0,0.587,0,,,,,,,,,,,,,,False,,,,,,,,,
poland_kedzierzyn,2019,flex_ml0p6_b24,high_investment_small_cavern,2.0,47.62292598140626,1,infeasible,2,The problem is infeasible. (HiGHS Status 8: model_status is Infeasible; primal_status is None),highs-ds,hourly,cyclic,True,0.6,1.5,0.6,24.0,0.4444444444444445,0.0,0.587,1,,,,,,,,,,,,,,False,,,,,,,,,
poland_kedzierzyn,2019,flex_ml0p6_b24,high_investment_small_cavern,2.0,47.62292598140626,2,optimal,0,Optimization terminated successfully. (HiGHS Status 7: Optimal),highs-ds,hourly,cyclic,True,0.6,1.5,0.6,24.0,0.4444444444444445,0.0,0.587,2,25776.64018488751,145.17715545288092,5.757944658562945,560.9924915091249,4.689582056016661e-12,1.8189894035458565e-12,1.9941470696949184e-10,2.0008883439004419e-10,0.0,8.881784197001252e-16,5.861977570020828e-14,104.43094268350968,208.86188536701937,True,1471.2694169456342,328.64980927870687,560.9924915091249,32.02011937837471,5.757944658562945,8760.0,55855.63562958003,208.86188536701937,104.43094268350968
poland_kedzierzyn,2019,rigid,high_investment_small_cavern,2.0,47.62292598140626,0,infeasible,2,The problem is infeasible. (HiGHS Status 8: model_status is Infeasible; primal_status is None),highs-ds,hourly,cyclic,False,1.0,1.5,0.6,0.0,0.4444444444444445,0.0,0.587,0,,,,,,,,,,,,,,False,,,,,,,,,
poland_kedzierzyn,2019,rigid,high_investment_small_cavern,2.0,47.62292598140626,1,infeasible,2,The problem is infeasible. (HiGHS Status 8: model_status is Infeasible; primal_status is None),highs-ds,hourly,cyclic,False,1.0,1.5,0.6,0.0,0.4444444444444445,0.0,0.587,1,,,,,,,,,,,,,,False,,,,,,,,,
poland_kedzierzyn,2019,rigid,high_investment_small_cavern,2.0,47.62292598140626,2,optimal,0,Optimization terminated successfully. (HiGHS Status 7: Optimal),highs-ds,hourly,cyclic,False,1.0,1.5,0.6,0.0,0.4444444444444445,0.0,0.587,2,45473.585009906885,256.1127312415816,-0.0,1102.5654145635006,5.2295945351943366e-12,3.637978807091713e-12,0.0,0.0,0.0,8.881784197001252e-16,8.704148513061227e-14,104.43094268350968,177.55300484072126,True,2595.524258556329,-0.0,1102.5654145635006,62.93181589974319,0.0,8760.0,55855.63562958003,208.86188536701937,104.43094268350968
poland_kedzierzyn,2020,flex_ml0p4_b24,high_investment_small_cavern,2.0,47.62292598140626,0,infeasible,2,The problem is infeasible. (HiGHS Status 8: model_status is Infeasible; primal_status is None),highs-ds,hourly,cyclic,True,0.4,1.5,0.6,24.0,0.4444444444444445,0.0,0.587,0,,,,,,,,,,,,,,False,,,,,,,,,
poland_kedzierzyn,2020,flex_ml0p4_b24,high_investment_small_cavern,2.0,47.62292598140626,1,infeasible,2,The problem is infeasible. (HiGHS Status 8: model_status is Infeasible; primal_status is None),highs-ds,hourly,cyclic,True,0.4,1.5,0.6,24.0,0.4444444444444445,0.0,0.587,1,,,,,,,,,,,,,,False,,,,,,,,,
poland_kedzierzyn,2020,flex_ml0p4_b24,high_investment_small_cavern,2.0,47.62292598140626,2,optimal,0,Optimization terminated successfully. (HiGHS Status 7: Optimal),highs-ds,hourly,cyclic,True,0.4,1.5,0.6,24.0,0.4444444444444445,0.0,0.587,2,17540.36665168517,98.78946665769035,24.00000000000026,305.4318828561955,6.59383658785373e-12,1.7763568394002505e-12,1.4202550246977808e-10,1.4551915228366852e-10,0.0,3.552713678800501e-15,0.0,104.43094268350968,208.86188536701937,True,1001.1624801190164,1369.8630136986449,305.4318828561955,17.433326647043124,24.00000000000026,8784.0,55855.63562958003,208.86188536701937,104.43094268350968
poland_kedzierzyn,2020,flex_ml0p6_b24,high_investment_small_cavern,2.0,47.62292598140626,0,infeasible,2,The problem is infeasible. (HiGHS Status 8: model_status is Infeasible; primal_status is None),highs-ds,hourly,cyclic,True,0.6,1.5,0.6,24.0,0.4444444444444445,0.0,0.587,0,,,,,,,,,,,,,,False,,,,,,,,,
poland_kedzierzyn,2020,flex_ml0p6_b24,high_investment_small_cavern,2.0,47.62292598140626,1,infeasible,2,The problem is infeasible. (HiGHS Status 8: model_status is Infeasible; primal_status is None),highs-ds,hourly,cyclic,True,0.6,1.5,0.6,24.0,0.4444444444444445,0.0,0.587,1,,,,,,,,,,,,,,False,,,,,,,,,
poland_kedzierzyn,2020,flex_ml0p6_b24,high_investment_small_cavern,2.0,47.62292598140626,2,optimal,0,Optimization terminated successfully. (HiGHS Status 7: Optimal),highs-ds,hourly,cyclic,True,0.6,1.5,0.6,24.0,0.4444444444444445,0.0,0.587,2,45022.87082093495,253.57425441109228,16.343755151468734,1280.9556452610996,4.376943252282217e-12,3.637978807091713e-12,3.0292879316107246e-10,3.0377123039215803e-10,0.0,1.7763568394002505e-15,4.973799150320701e-14,104.43094268350968,201.6741442049902,True,2569.798562838753,932.862736955978,1280.9556452610996,73.11390669298514,16.343755151468734,8784.0,55855.63562958003,208.86188536701937,104.43094268350968
poland_kedzierzyn,2020,rigid,high_investment_small_cavern,2.0,47.62292598140626,0,infeasible,2,The problem is infeasible. (HiGHS Status 8: model_status is Infeasible; primal_status is None),highs-ds,hourly,cyclic,False,1.0,1.5,0.6,0.0,0.4444444444444445,0.0,0.587,0,,,,,,,,,,,,,,False,,,,,,,,,
poland_kedzierzyn,2020,rigid,high_investment_small_cavern,2.0,47.62292598140626,1,infeasible,2,The problem is infeasible. (HiGHS Status 8: model_status is Infeasible; primal_status is None),highs-ds,hourly,cyclic,False,1.0,1.5,0.6,0.0,0.4444444444444445,0.0,0.587,1,,,,,,,,,,,,,,False,,,,,,,,,
poland_kedzierzyn,2020,rigid,high_investment_small_cavern,2.0,47.62292598140626,2,infeasible,2,The problem is infeasible. (HiGHS Status 8: model_status is Infeasible; primal_status is None),highs-ds,hourly,cyclic,False,1.0,1.5,0.6,0.0,0.4444444444444445,0.0,0.587,2,,,,,,,,,,,,,,False,,,,,,,,,
poland_kedzierzyn,2020,rigid,high_investment_small_cavern,2.0,47.62292598140626,3,optimal,0,Optimization terminated successfully. (HiGHS Status 7: Optimal),highs-ds,hourly,cyclic,False,1.0,1.5,0.6,0.0,0.4444444444444445,0.0,0.587,3,34975.65782504284,196.9871355115544,-0.0,1131.975702521107,6.508571459562518e-12,3.609557097661309e-12,0.0,0.0,0.0,3.552713678800501e-15,0.0,156.64641402526453,177.55300484072126,True,1996.3275014293852,-0.0,1131.975702521107,64.61048530371615,0.0,8784.0,83783.45344437004,313.29282805052907,156.64641402526453
poland_kedzierzyn,2020,rigid,high_investment_small_cavern,2.0,47.62292598140626,4,optimal,0,Optimization terminated successfully. (HiGHS Status 7: Optimal),highs-ds,hourly,cyclic,False,1.0,1.5,0.6,0.0,0.4444444444444445,0.0,0.587,4,21158.692919807458,119.16831787098414,0.0,204730.8579280022,8.526512829121202e-14,1.7905676941154525e-12,0.0,0.0,0.0,0.0,0.0,208.86188536701937,221.39521667169845,False,1207.687952043805,0.0,204730.8579280022,11685.5512515983,0.0,8784.0,111711.27125916006,417.72377073403874,208.86188536701937
poland_kedzierzyn,2021,flex_ml0p4_b24,high_investment_small_cavern,2.0,47.62292598140626,0,infeasible,2,The problem is infeasible. (HiGHS Status 8: model_status is Infeasible; primal_status is None),highs-ds,hourly,cyclic,True,0.4,1.5,0.6,24.0,0.4444444444444445,0.0,0.587,0,,,,,,,,,,,,,,False,,,,,,,,,
poland_kedzierzyn,2021,flex_ml0p4_b24,high_investment_small_cavern,2.0,47.62292598140626,1,infeasible,2,The problem is infeasible. (HiGHS Status 8: model_status is Infeasible; primal_status is None),highs-ds,hourly,cyclic,True,0.4,1.5,0.6,24.0,0.4444444444444445,0.0,0.587,1,,,,,,,,,,,,,,False,,,,,,,,,
poland_kedzierzyn,2021,flex_ml0p4_b24,high_investment_small_cavern,2.0,47.62292598140626,2,optimal,0,Optimization terminated successfully. (HiGHS Status 7: Optimal),highs-ds,hourly,cyclic,True,0.4,1.5,0.6,24.0,0.4444444444444445,0.0,0.587,2,29158.57840605767,164.22464059234122,23.999999999970345,579.3388912478836,6.139089236967266e-12,1.8189894035458565e-12,2.356530526270717e-10,2.364686224609613e-10,0.0,3.552713678800501e-15,6.794493856432381e-10,104.43094268350968,208.86188536701937,True,1664.3024204370818,1369.8630136969375,579.3388912478836,33.06728831323536,23.999999999970345,8760.0,55855.63562958003,208.86188536701937,104.43094268350968
poland_kedzierzyn,2021,flex_ml0p6_b24,high_investment_small_cavern,2.0,47.62292598140626,0,infeasible,2,The problem is infeasible. (HiGHS Status 8: model_status is Infeasible; primal_status is None),highs-ds,hourly,cyclic,True,0.6,1.5,0.6,24.0,0.4444444444444445,0.0,0.587,0,,,,,,,,,,,,,,False,,,,,,,,,
poland_kedzierzyn,2021,flex_ml0p6_b24,high_investment_small_cavern,2.0,47.62292598140626,1,infeasible,2,The problem is infeasible. (HiGHS Status 8: model_status is Infeasible; primal_status is None),highs-ds,hourly,cyclic,True,0.6,1.5,0.6,24.0,0.4444444444444445,0.0,0.587,1,,,,,,,,,,,,,,False,,,,,,,,,
poland_kedzierzyn,2021,flex_ml0p6_b24,high_investment_small_cavern,2.0,47.62292598140626,2,optimal,0,Optimization terminated successfully. (HiGHS Status 7: Optimal),highs-ds,hourly,cyclic,True,0.6,1.5,0.6,24.0,0.4444444444444445,0.0,0.587,2,49946.02069571799,281.30203000801606,14.98324508677419,1409.3186004131062,3.609557097661309e-12,3.637978807091713e-12,3.981863727631208e-10,3.983586793765425e-10,0.0,1.6653345369377348e-15,0.0,104.43094268350968,159.79770435664912,True,2850.8002680204336,855.2080528980702,1409.3186004131062,80.44055938430972,14.98324508677419,8760.0,55855.63562958003,208.86188536701937,104.43094268350968
poland_kedzierzyn,2021,rigid,high_investment_small_cavern,2.0,47.62292598140626,0,infeasible,2,The problem is infeasible. (HiGHS Status 8: model_status is Infeasible; primal_status is None),highs-ds,hourly,cyclic,False,1.0,1.5,0.6,0.0,0.4444444444444445,0.0,0.587,0,,,,,,,,,,,,,,False,,,,,,,,,
poland_kedzierzyn,2021,rigid,high_investment_small_cavern,2.0,47.62292598140626,1,infeasible,2,The problem is infeasible. (HiGHS Status 8: model_status is Infeasible; primal_status is None),highs-ds,hourly,cyclic,False,1.0,1.5,0.6,0.0,0.4444444444444445,0.0,0.587,1,,,,,,,,,,,,,,False,,,,,,,,,
poland_kedzierzyn,2021,rigid,high_investment_small_cavern,2.0,47.62292598140626,2,infeasible,2,The problem is infeasible. (HiGHS Status 8: model_status is Infeasible; primal_status is None),highs-ds,hourly,cyclic,False,1.0,1.5,0.6,0.0,0.4444444444444445,0.0,0.587,2,,,,,,,,,,,,,,False,,,,,,,,,
poland_kedzierzyn,2021,rigid,high_investment_small_cavern,2.0,47.62292598140626,3,optimal,0,Optimization terminated successfully. (HiGHS Status 7: Optimal),highs-ds,hourly,cyclic,False,1.0,1.5,0.6,0.0,0.4444444444444445,0.0,0.587,3,43631.07348949453,245.73548348919792,-0.0,743.2750416461947,6.508571459562518e-12,3.637978807091713e-12,0.0,0.0,0.0,1.7763568394002505e-15,0.0,156.64641402526453,177.55300484072126,True,2490.358075884391,-0.0,743.2750416461947,42.42437452318463,0.0,8760.0,83783.45344437004,313.29282805052907,156.64641402526453
poland_kedzierzyn,2021,rigid,high_investment_small_cavern,2.0,47.62292598140626,4,optimal,0,Optimization terminated successfully. (HiGHS Status 7: Optimal),highs-ds,hourly,cyclic,False,1.0,1.5,0.6,0.0,0.4444444444444445,0.0,0.587,4,28805.400437113363,162.23549955098778,0.0,207634.0181368508,8.526512829121202e-14,1.8189894035458565e-12,0.0,0.0,0.0,0.0,0.0,208.86188536701937,386.4148902077407,False,1644.1438605658311,0.0,207634.0181368508,11851.256742970934,0.0,8760.0,111711.27125916006,417.72377073403874,208.86188536701937
poland_kedzierzyn,2022,flex_ml0p4_b24,high_investment_small_cavern,2.0,47.62292598140626,0,infeasible,2,The problem is infeasible. (HiGHS Status 8: model_status is Infeasible; primal_status is None),highs-ds,hourly,cyclic,True,0.4,1.5,0.6,24.0,0.4444444444444445,0.0,0.587,0,,,,,,,,,,,,,,False,,,,,,,,,
poland_kedzierzyn,2022,flex_ml0p4_b24,high_investment_small_cavern,2.0,47.62292598140626,1,infeasible,2,The problem is infeasible. (HiGHS Status 8: model_status is Infeasible; primal_status is None),highs-ds,hourly,cyclic,True,0.4,1.5,0.6,24.0,0.4444444444444445,0.0,0.587,1,,,,,,,,,,,,,,False,,,,,,,,,
poland_kedzierzyn,2022,flex_ml0p4_b24,high_investment_small_cavern,2.0,47.62292598140626,2,optimal,0,Optimization terminated successfully. (HiGHS Status 7: Optimal),highs-ds,hourly,cyclic,True,0.4,1.5,0.6,24.0,0.4444444444444445,0.0,0.587,2,53842.06724496509,303.2450354375336,23.99999999999976,474.0630383373676,1.8332002582610582e-10,1.697486595730879e-11,1.914175484785119e-10,1.9281287677586079e-10,0.0,3.552713678800501e-15,4.991562718714704e-12,104.43094268350968,208.86188536701937,True,3073.177354164674,1369.8630136986164,474.0630383373676,27.05839259916482,23.99999999999976,8760.0,55855.63562958003,208.86188536701937,104.43094268350968
poland_kedzierzyn,2022,flex_ml0p6_b24,high_investment_small_cavern,2.0,47.62292598140626,0,infeasible,2,The problem is infeasible. (HiGHS Status 8: model_status is Infeasible; primal_status is None),highs-ds,hourly,cyclic,True,0.6,1.5,0.6,24.0,0.4444444444444445,0.0,0.587,0,,,,,,,,,,,,,,False,,,,,,,,,
poland_kedzierzyn,2022,flex_ml0p6_b24,high_investment_small_cavern,2.0,47.62292598140626,1,infeasible,2,The problem is infeasible. (HiGHS Status 8: model_status is Infeasible; primal_status is None),highs-ds,hourly,cyclic,True,0.6,1.5,0.6,24.0,0.4444444444444445,0.0,0.587,1,,,,,,,,,,,,,,False,,,,,,,,,
poland_kedzierzyn,2022,flex_ml0p6_b24,high_investment_small_cavern,2.0,47.62292598140626,2,infeasible,2,The problem is infeasible. (HiGHS Status 8: model_status is Infeasible; primal_status is None),highs-ds,hourly,cyclic,True,0.6,1.5,0.6,24.0,0.4444444444444445,0.0,0.587,2,,,,,,,,,,,,,,False,,,,,,,,,
poland_kedzierzyn,2022,flex_ml0p6_b24,high_investment_small_cavern,2.0,47.62292598140626,3,optimal,0,Optimization terminated successfully. (HiGHS Status 7: Optimal),highs-ds,hourly,cyclic,True,0.6,1.5,0.6,24.0,0.4444444444444445,0.0,0.587,3,50628.228331441496,285.14430593196056,23.999999999999783,560.5843544324705,7.048583938740194e-12,3.637978807091713e-12,3.9286440767227754e-10,3.92901711165905e-10,0.0,3.552713678800501e-15,2.2026824808563106e-12,156.64641402526453,212.0987713991084,True,2889.739060013784,1369.8630136986178,560.5843544324705,31.99682388313188,23.999999999999783,8760.0,83783.45344437004,313.29282805052907,156.64641402526453
poland_kedzierzyn,2022,flex_ml0p6_b24,high_investment_small_cavern,2.0,47.62292598140626,4,optimal,0,Optimization terminated successfully. (HiGHS Status 7: Optimal),highs-ds,hourly,cyclic,True,0.6,1.5,0.6,24.0,0.4444444444444445,0.0,0.587,4,48247.93829835459,271.7382245467302,24.0,204034.0994778785,1.1368683772161605e-13,3.637978807091713e-12,2.3256552239558914e-10,2.3283064365386963e-10,0.0,0.0,0.0,208.86188536701937,266.32950726108186,False,2753.877756755399,1369.86301369863,204034.0994778785,11645.781933668866,24.0,8760.0,111711.27125916006,417.72377073403874,208.86188536701937
poland_kedzierzyn,2022,rigid,high_investment_small_cavern,2.0,47.62292598140626,0,infeasible,2,The problem is infeasible. (HiGHS Status 8: model_status is Infeasible; primal_status is None),highs-ds,hourly,cyclic,False,1.0,1.5,0.6,0.0,0.4444444444444445,0.0,0.587,0,,,,,,,,,,,,,,False,,,,,,,,,
poland_kedzierzyn,2022,rigid,high_investment_small_cavern,2.0,47.62292598140626,1,infeasible,2,The problem is infeasible. (HiGHS Status 8: model_status is Infeasible; primal_status is None),highs-ds,hourly,cyclic,False,1.0,1.5,0.6,0.0,0.4444444444444445,0.0,0.587,1,,,,,,,,,,,,,,False,,,,,,,,,
poland_kedzierzyn,2022,rigid,high_investment_small_cavern,2.0,47.62292598140626,2,infeasible,2,The problem is infeasible. (HiGHS Status 8: model_status is Infeasible; primal_status is None),highs-ds,hourly,cyclic,False,1.0,1.5,0.6,0.0,0.4444444444444445,0.0,0.587,2,,,,,,,,,,,,,,False,,,,,,,,,
poland_kedzierzyn,2022,rigid,high_investment_small_cavern,2.0,47.62292598140626,3,optimal,0,Optimization terminated successfully. (HiGHS Status 7: Optimal),highs-ds,hourly,cyclic,False,1.0,1.5,0.6,0.0,0.4444444444444445,0.0,0.587,3,61288.80127001583,345.1859422204463,-0.0,949.4707645816762,6.764366844436154e-12,3.637978807091713e-12,0.0,0.0,0.0,3.552713678800501e-15,1.3322676295501878e-13,156.64641402526453,177.55300484072126,True,3498.21925057168,-0.0,949.4707645816762,54.19353679119157,0.0,8760.0,83783.45344437004,313.29282805052907,156.64641402526453
poland_kedzierzyn,2022,rigid,high_investment_small_cavern,2.0,47.62292598140626,4,optimal,0,Optimization terminated successfully. (HiGHS Status 7: Optimal),highs-ds,hourly,cyclic,False,1.0,1.5,0.6,0.0,0.4444444444444445,0.0,0.587,4,56949.418800202,320.7460152605698,0.0,203366.37262984336,8.526512829121202e-14,3.623767952376511e-12,0.0,0.0,0.0,0.0,0.0,208.86188536701937,208.86188536701937,False,3250.537602751256,0.0,203366.37262984336,11607.66967065316,0.0,8760.0,111711.27125916006,417.72377073403874,208.86188536701937
poland_kedzierzyn,2023,flex_ml0p4_b24,high_investment_small_cavern,2.0,47.62292598140626,0,infeasible,2,The problem is infeasible. (HiGHS Status 8: model_status is Infeasible; primal_status is None),highs-ds,hourly,cyclic,True,0.4,1.5,0.6,24.0,0.4444444444444445,0.0,0.587,0,,,,,,,,,,,,,,False,,,,,,,,,
poland_kedzierzyn,2023,flex_ml0p4_b24,high_investment_small_cavern,2.0,47.62292598140626,1,infeasible,2,The problem is infeasible. (HiGHS Status 8: model_status is Infeasible; primal_status is None),highs-ds,hourly,cyclic,True,0.4,1.5,0.6,24.0,0.4444444444444445,0.0,0.587,1,,,,,,,,,,,,,,False,,,,,,,,,
poland_kedzierzyn,2023,flex_ml0p4_b24,high_investment_small_cavern,2.0,47.62292598140626,2,optimal,0,Optimization terminated successfully. (HiGHS Status 7: Optimal),highs-ds,hourly,cyclic,True,0.4,1.5,0.6,24.0,0.4444444444444445,0.0,0.587,2,16774.59578958166,94.47655253500083,23.999999999999982,244.1633625766612,5.027800398238469e-11,2.0179413695586845e-12,2.0096679875791776e-10,2.0008883439004419e-10,0.0,3.552713678800501e-15,0.0,104.43094268350968,208.86188536701937,True,957.454097578862,1369.8630136986294,244.1633625766612,13.936264987252352,23.999999999999982,8760.0,55855.63562958003,208.86188536701937,104.43094268350968
poland_kedzierzyn,2023,flex_ml0p6_b24,high_investment_small_cavern,2.0,47.62292598140626,0,infeasible,2,The problem is infeasible. (HiGHS Status 8: model_status is Infeasible; primal_status is None),highs-ds,hourly,cyclic,True,0.6,1.5,0.6,24.0,0.4444444444444445,0.0,0.587,0,,,,,,,,,,,,,,False,,,,,,,,,
poland_kedzierzyn,2023,flex_ml0p6_b24,high_investment_small_cavern,2.0,47.62292598140626,1,infeasible,2,The problem is infeasible. (HiGHS Status 8: model_status is Infeasible; primal_status is None),highs-ds,hourly,cyclic,True,0.6,1.5,0.6,24.0,0.4444444444444445,0.0,0.587,1,,,,,,,,,,,,,,False,,,,,,,,,
poland_kedzierzyn,2023,flex_ml0p6_b24,high_investment_small_cavern,2.0,47.62292598140626,2,optimal,0,Optimization terminated successfully. (HiGHS Status 7: Optimal),highs-ds,hourly,cyclic,True,0.6,1.5,0.6,24.0,0.4444444444444445,0.0,0.587,2,32205.645012345587,181.38608829085453,6.924816099197349,1052.9061925660585,5.5706550483591855e-12,1.8189894035458565e-12,3.03916447563779e-10,3.055902197957039e-10,0.0,3.552713678800501e-15,0.0,104.43094268350968,208.86188536701937,True,1838.2217472799996,395.2520604564697,1052.9061925660585,60.09738542043712,6.924816099197349,8760.0,55855.63562958003,208.86188536701937,104.43094268350968
poland_kedzierzyn,2023,rigid,high_investment_small_cavern,2.0,47.62292598140626,0,infeasible,2,The problem is infeasible. (HiGHS Status 8: model_status is Infeasible; primal_status is None),highs-ds,hourly,cyclic,False,1.0,1.5,0.6,0.0,0.4444444444444445,0.0,0.587,0,,,,,,,,,,,,,,False,,,,,,,,,
poland_kedzierzyn,2023,rigid,high_investment_small_cavern,2.0,47.62292598140626,1,infeasible,2,The problem is infeasible. (HiGHS Status 8: model_status is Infeasible; primal_status is None),highs-ds,hourly,cyclic,False,1.0,1.5,0.6,0.0,0.4444444444444445,0.0,0.587,1,,,,,,,,,,,,,,False,,,,,,,,,
poland_kedzierzyn,2023,rigid,high_investment_small_cavern,2.0,47.62292598140626,2,infeasible,2,The problem is infeasible. (HiGHS Status 8: model_status is Infeasible; primal_status is None),highs-ds,hourly,cyclic,False,1.0,1.5,0.6,0.0,0.4444444444444445,0.0,0.587,2,,,,,,,,,,,,,,False,,,,,,,,,
poland_kedzierzyn,2023,rigid,high_investment_small_cavern,2.0,47.62292598140626,3,optimal,0,Optimization terminated successfully. (HiGHS Status 7: Optimal),highs-ds,hourly,cyclic,False,1.0,1.5,0.6,0.0,0.4444444444444445,0.0,0.587,3,23579.34336939049,132.80171400389978,-0.0,631.6087400908699,6.508571459562518e-12,1.8189894035458565e-12,0.0,0.0,0.0,3.552713678800501e-15,0.0,156.64641402526453,177.55300484072126,True,1345.8529320428363,-0.0,631.6087400908699,36.05072717413641,0.0,8760.0,83783.45344437004,313.29282805052907,156.64641402526453
poland_kedzierzyn,2023,rigid,high_investment_small_cavern,2.0,47.62292598140626,4,optimal,0,Optimization terminated successfully. (HiGHS Status 7: Optimal),highs-ds,hourly,cyclic,False,1.0,1.5,0.6,0.0,0.4444444444444445,0.0,0.587,4,20818.39319590999,117.25170866348162,0.0,204934.0791426216,8.526512829121202e-14,1.7621459846850485e-12,0.0,0.0,0.0,0.0,0.0,208.86188536701937,386.4148902077407,False,1188.2644518213465,0.0,204934.0791426216,11697.15063599438,0.0,8760.0,111711.27125916006,417.72377073403874,208.86188536701937
poland_police,2015,flex_ml0p4_b24,high_investment_small_cavern,2.0,36.008926778909704,0,infeasible,2,The problem is infeasible. (HiGHS Status 8: model_status is Infeasible; primal_status is None),highs-ds,hourly,cyclic,True,0.4,1.5,0.6,24.0,0.4444444444444445,0.0,0.587,0,,,,,,,,,,,,,,False,,,,,,,,,
poland_police,2015,flex_ml0p4_b24,high_investment_small_cavern,2.0,36.008926778909704,1,optimal,0,Optimization terminated successfully. (HiGHS Status 7: Optimal),highs-ds,hourly,cyclic,True,0.4,1.5,0.6,24.0,0.4444444444444445,0.0,0.587,1,36643.330585433694,206.379670219074,23.99999999999984,428.0150507775149,5.1727511163335285e-12,6.693312570860144e-12,2.3536728122053322e-14,0.0,0.0,3.552713678800501e-15,5.904610134166433e-12,69.05658538673956,138.1131707734791,True,2091.514302821558,1369.863013698621,428.0150507775149,24.430082806935783,23.99999999999984,8760.0,36935.40795542184,138.1131707734791,69.05658538673956
poland_police,2015,flex_ml0p6_b24,high_investment_small_cavern,2.0,36.008926778909704,0,infeasible,2,The problem is infeasible. (HiGHS Status 8: model_status is Infeasible; primal_status is None),highs-ds,hourly,cyclic,True,0.6,1.5,0.6,24.0,0.4444444444444445,0.0,0.587,0,,,,,,,,,,,,,,False,,,,,,,,,
poland_police,2015,flex_ml0p6_b24,high_investment_small_cavern,2.0,36.008926778909704,1,infeasible,2,The problem is infeasible. (HiGHS Status 8: model_status is Infeasible; primal_status is None),highs-ds,hourly,cyclic,True,0.6,1.5,0.6,24.0,0.4444444444444445,0.0,0.587,1,,,,,,,,,,,,,,False,,,,,,,,,
poland_police,2015,flex_ml0p6_b24,high_investment_small_cavern,2.0,36.008926778909704,2,optimal,0,Optimization terminated successfully. (HiGHS Status 7: Optimal),highs-ds,hourly,cyclic,True,0.6,1.5,0.6,24.0,0.4444444444444445,0.0,0.587,2,30664.78466016123,172.70777640552976,24.0,468.936914068456,4.575895218295045e-12,1.8189894035458565e-12,2.146629540789036e-10,2.1464074961841104e-10,0.0,1.7763568394002505e-15,0.0,138.1131707734791,162.75048362949647,True,1750.2730970411662,1369.8630136986296,468.936914068456,26.76580559751461,24.0,8760.0,73870.81591084368,276.2263415469582,138.1131707734791
poland_police,2015,rigid,high_investment_small_cavern,2.0,36.008926778909704,0,infeasible,2,The problem is infeasible. (HiGHS Status 8: model_status is Infeasible; primal_status is None),highs-ds,hourly,cyclic,False,1.0,1.5,0.6,0.0,0.4444444444444445,0.0,0.587,0,,,,,,,,,,,,,,False,,,,,,,,,
poland_police,2015,rigid,high_investment_small_cavern,2.0,36.008926778909704,1,infeasible,2,The problem is infeasible. (HiGHS Status 8: model_status is Infeasible; primal_status is None),highs-ds,hourly,cyclic,False,1.0,1.5,0.6,0.0,0.4444444444444445,0.0,0.587,1,,,,,,,,,,,,,,False,,,,,,,,,
poland_police,2015,rigid,high_investment_small_cavern,2.0,36.008926778909704,2,optimal,0,Optimization terminated successfully. (HiGHS Status 7: Optimal),highs-ds,hourly,cyclic,False,1.0,1.5,0.6,0.0,0.4444444444444445,0.0,0.587,2,45554.89332874931,256.5706695283224,-0.0,575.8536163356263,6.16751094639767e-12,3.637978807091713e-12,0.0,0.0,0.0,3.552713678800501e-15,0.0,138.1131707734791,177.55300484072126,True,2600.1651443350065,-0.0,575.8536163356263,32.86835709678232,0.0,8760.0,73870.81591084368,276.2263415469582,138.1131707734791
poland_police,2016,flex_ml0p4_b24,high_investment_small_cavern,2.0,36.008926778909704,0,infeasible,2,The problem is infeasible. (HiGHS Status 8: model_status is Infeasible; primal_status is None),highs-ds,hourly,cyclic,True,0.4,1.5,0.6,24.0,0.4444444444444445,0.0,0.587,0,,,,,,,,,,,,,,False,,,,,,,,,
poland_police,2016,flex_ml0p4_b24,high_investment_small_cavern,2.0,36.008926778909704,1,infeasible,2,The problem is infeasible. (HiGHS Status 8: model_status is Infeasible; primal_status is None),highs-ds,hourly,cyclic,True,0.4,1.5,0.6,24.0,0.4444444444444445,0.0,0.587,1,,,,,,,,,,,,,,False,,,,,,,,,
poland_police,2016,flex_ml0p4_b24,high_investment_small_cavern,2.0,36.008926778909704,2,optimal,0,Optimization terminated successfully. (HiGHS Status 7: Optimal),highs-ds,hourly,cyclic,True,0.4,1.5,0.6,24.0,0.4444444444444445,0.0,0.587,2,24579.88606826345,138.43689150917783,23.999999999999712,426.2890453301789,2.347633198951371e-11,1.6711965145077556e-11,2.3240165347715447e-10,2.3283064365386963e-10,0.0,3.552713678800501e-15,0.0,138.1131707734791,266.32950726108186,True,1402.9615335766812,1369.8630136986137,426.2890453301789,24.33156651427962,23.999999999999712,8784.0,73870.81591084368,276.2263415469582,138.1131707734791
poland_police,2016,flex_ml0p6_b24,high_investment_small_cavern,2.0,36.008926778909704,0,infeasible,2,The problem is infeasible. (HiGHS Status 8: model_status is Infeasible; primal_status is None),highs-ds,hourly,cyclic,True,0.6,1.5,0.6,24.0,0.4444444444444445,0.0,0.587,0,,,,,,,,,,,,,,False,,,,,,,,,
poland_police,2016,flex_ml0p6_b24,high_investment_small_cavern,2.0,36.008926778909704,1,infeasible,2,The problem is infeasible. (HiGHS Status 8: model_status is Infeasible; primal_status is None),highs-ds,hourly,cyclic,True,0.6,1.5,0.6,24.0,0.4444444444444445,0.0,0.587,1,,,,,,,,,,,,,,False,,,,,,,,,
poland_police,2016,flex_ml0p6_b24,high_investment_small_cavern,2.0,36.008926778909704,2,optimal,0,Optimization terminated successfully. (HiGHS Status 7: Optimal),highs-ds,hourly,cyclic,True,0.6,1.5,0.6,24.0,0.4444444444444445,0.0,0.587,2,27288.959111829005,153.69471857887905,22.826473535376657,501.9537461347534,7.048583938740194e-12,1.8189894035458565e-12,5.450049300748102e-10,5.456968210637566e-10,0.0,3.552713678800501e-15,1.1368683772161605e-13,138.1131707734791,159.79770435664912,True,1557.5889904011988,1302.880909553462,501.9537461347534,28.65032797572793,22.826473535376657,8784.0,73870.81591084368,276.2263415469582,138.1131707734791
poland_police,2016,rigid,high_investment_small_cavern,2.0,36.008926778909704,0,infeasible,2,The problem is infeasible. (HiGHS Status 8: model_status is Infeasible; primal_status is None),highs-ds,hourly,cyclic,False,1.0,1.5,0.6,0.0,0.4444444444444445,0.0,0.587,0,,,,,,,,,,,,,,False,,,,,,,,,
poland_police,2016,rigid,high_investment_small_cavern,2.0,36.008926778909704,1,infeasible,2,The problem is infeasible. (HiGHS Status 8: model_status is Infeasible; primal_status is None),highs-ds,hourly,cyclic,False,1.0,1.5,0.6,0.0,0.4444444444444445,0.0,0.587,1,,,,,,,,,,,,,,False,,,,,,,,,
poland_police,2016,rigid,high_investment_small_cavern,2.0,36.008926778909704,2,infeasible,2,The problem is infeasible. (HiGHS Status 8: model_status is Infeasible; primal_status is None),highs-ds,hourly,cyclic,False,1.0,1.5,0.6,0.0,0.4444444444444445,0.0,0.587,2,,,,,,,,,,,,,,False,,,,,,,,,
poland_police,2016,rigid,high_investment_small_cavern,2.0,36.008926778909704,3,optimal,0,Optimization terminated successfully. (HiGHS Status 7: Optimal),highs-ds,hourly,cyclic,False,1.0,1.5,0.6,0.0,0.4444444444444445,0.0,0.587,3,30956.62923428996,174.35148034842015,-0.0,557.3813167162327,6.73594513500575e-12,1.8189894035458565e-12,0.0,0.0,0.0,3.552713678800501e-15,0.0,207.16975616021867,384.72276100094,True,1766.9308923681483,-0.0,557.3813167162327,31.814002095675384,0.0,8784.0,110806.22386626551,414.3395123204373,207.16975616021867
poland_police,2016,rigid,high_investment_small_cavern,2.0,36.008926778909704,4,optimal,0,Optimization terminated successfully. (HiGHS Status 7: Optimal),highs-ds,hourly,cyclic,False,1.0,1.5,0.6,0.0,0.4444444444444445,0.0,0.587,4,25102.81638569636,141.382098310392,0.0,211350.06320417696,5.684341886080804e-14,1.8189894035458565e-12,0.0,0.0,0.0,0.0,0.0,276.2263415469582,276.2263415469582,False,1432.8091544347235,0.0,211350.06320417696,12063.359771927908,0.0,8784.0,147741.63182168736,552.4526830939164,276.2263415469582
poland_police,2017,flex_ml0p4_b24,high_investment_small_cavern,2.0,36.008926778909704,0,infeasible,2,The problem is infeasible. (HiGHS Status 8: model_status is Infeasible; primal_status is None),highs-ds,hourly,cyclic,True,0.4,1.5,0.6,24.0,0.4444444444444445,0.0,0.587,0,,,,,,,,,,,,,,False,,,,,,,,,
poland_police,2017,flex_ml0p4_b24,high_investment_small_cavern,2.0,36.008926778909704,1,infeasible,2,The problem is infeasible. (HiGHS Status 8: model_status is Infeasible; primal_status is None),highs-ds,hourly,cyclic,True,0.4,1.5,0.6,24.0,0.4444444444444445,0.0,0.587,1,,,,,,,,,,,,,,False,,,,,,,,,
poland_police,2017,flex_ml0p4_b24,high_investment_small_cavern,2.0,36.008926778909704,2,optimal,0,Optimization terminated successfully. (HiGHS Status 7: Optimal),highs-ds,hourly,cyclic,True,0.4,1.5,0.6,24.0,0.4444444444444445,0.0,0.587,2,42917.77902326419,241.7181227755889,24.00000000000052,416.9581445938969,7.787548383930698e-12,3.623767952376511e-12,1.0878609124631564e-10,1.0913936421275139e-10,0.0,3.552713678800501e-15,0.0,138.1131707734791,266.32950726108186,True,2449.6449214191894,1369.8630136986596,416.9581445938969,23.79898085581604,24.00000000000052,8760.0,73870.81591084368,276.2263415469582,138.1131707734791
poland_police,2017,flex_ml0p6_b24,high_investment_small_cavern,2.0,36.008926778909704,0,infeasible,2,The problem is infeasible. (HiGHS Status 8: model_status is Infeasible; primal_status is None),highs-ds,hourly,cyclic,True,0.6,1.5,0.6,24.0,0.4444444444444445,0.0,0.587,0,,,,,,,,,,,,,,False,,,,,,,,,
poland_police,2017,flex_ml0p6_b24,high_investment_small_cavern,2.0,36.008926778909704,1,infeasible,2,The problem is infeasible. (HiGHS Status 8: model_status is Infeasible; primal_status is None),highs-ds,hourly,cyclic,True,0.6,1.5,0.6,24.0,0.4444444444444445,0.0,0.587,1,,,,,,,,,,,,,,False,,,,,,,,,
poland_police,2017,flex_ml0p6_b24,high_investment_small_cavern,2.0,36.008926778909704,2,optimal,0,Optimization terminated successfully. (HiGHS Status 7: Optimal),highs-ds,hourly,cyclic,True,0.6,1.5,0.6,24.0,0.4444444444444445,0.0,0.587,2,43552.7319225894,245.2942543082251,23.99999999999993,465.9807396253632,4.547473508864641e-12,3.637978807091713e-12,3.056186415051343e-10,3.055902197957039e-10,0.0,3.552713678800501e-15,0.0,138.1131707734791,177.55300484072126,True,2485.886525261952,1369.863013698626,465.9807396253632,26.597074179529866,23.99999999999993,8760.0,73870.81591084368,276.2263415469582,138.1131707734791
poland_police,2017,rigid,high_investment_small_cavern,2.0,36.008926778909704,0,infeasible,2,The problem is infeasible. (HiGHS Status 8: model_status is Infeasible; primal_status is None),highs-ds,hourly,cyclic,False,1.0,1.5,0.6,0.0,0.4444444444444445,0.0,0.587,0,,,,,,,,,,,,,,False,,,,,,,,,
poland_police,2017,rigid,high_investment_small_cavern,2.0,36.008926778909704,1,infeasible,2,The problem is infeasible. (HiGHS Status 8: model_status is Infeasible; primal_status is None),highs-ds,hourly,cyclic,False,1.0,1.5,0.6,0.0,0.4444444444444445,0.0,0.587,1,,,,,,,,,,,,,,False,,,,,,,,,
poland_police,2017,rigid,high_investment_small_cavern,2.0,36.008926778909704,2,optimal,0,Optimization terminated successfully. (HiGHS Status 7: Optimal),highs-ds,hourly,cyclic,False,1.0,1.5,0.6,0.0,0.4444444444444445,0.0,0.587,2,54251.9834510951,305.5537330937503,-0.0,503.4772962374884,6.565414878423326e-12,3.637978807091713e-12,0.0,0.0,0.0,8.881784197001252e-16,0.0,138.1131707734791,177.55300484072126,True,3096.574397893556,-0.0,503.4772962374884,28.73728859803016,0.0,8760.0,73870.81591084368,276.2263415469582,138.1131707734791
poland_police,2018,flex_ml0p4_b24,high_investment_small_cavern,2.0,36.008926778909704,0,infeasible,2,The problem is infeasible. (HiGHS Status 8: model_status is Infeasible; primal_status is None),highs-ds,hourly,cyclic,True,0.4,1.5,0.6,24.0,0.4444444444444445,0.0,0.587,0,,,,,,,,,,,,,,False,,,,,,,,,
poland_police,2018,flex_ml0p4_b24,high_investment_small_cavern,2.0,36.008926778909704,1,optimal,0,Optimization terminated successfully. (HiGHS Status 7: Optimal),highs-ds,hourly,cyclic,True,0.4,1.5,0.6,24.0,0.4444444444444445,0.0,0.587,1,32301.927267222607,181.9283615965831,23.99999999999067,1015.4694289568432,4.831690603168681e-12,2.9407587476271146e-12,2.415410094158688e-10,2.4374458007514477e-10,0.0,3.552713678800501e-15,0.0,69.05658538673956,138.1131707734791,True,1843.71730977298,1369.8630136980976,1015.4694289568432,57.960583844568674,23.99999999999067,8760.0,36935.40795542184,138.1131707734791,69.05658538673956
poland_police,2018,flex_ml0p6_b24,high_investment_small_cavern,2.0,36.008926778909704,0,infeasible,2,The problem is infeasible. (HiGHS Status 8: model_status is Infeasible; primal_status is None),highs-ds,hourly,cyclic,True,0.6,1.5,0.6,24.0,0.4444444444444445,0.0,0.587,0,,,,,,,,,,,,,,False,,,,,,,,,
poland_police,2018,flex_ml0p6_b24,high_investment_small_cavern,2.0,36.008926778909704,1,infeasible,2,The problem is infeasible. (HiGHS Status 8: model_status is Infeasible; primal_status is None),highs-ds,hourly,cyclic,True,0.6,1.5,0.6,24.0,0.4444444444444445,0.0,0.587,1,,,,,,,,,,,,,,False,,,,,,,,,
poland_police,2018,flex_ml0p6_b24,high_investment_small_cavern,2.0,36.008926778909704,2,optimal,0,Optimization terminated successfully. (HiGHS Status 7: Optimal),highs-ds,hourly,cyclic,True,0.6,1.5,0.6,24.0,0.4444444444444445,0.0,0.587,2,19974.060457866824,112.49632455268836,21.529275494539306,584.3730251128135,4.547473508864641e-12,1.7905676941154525e-12,4.286269117415032e-10,4.292814992368221e-10,0.0,3.552713678800501e-15,1.6697754290362354e-13,138.1131707734791,189.56378888051148,True,1140.0719439421705,1228.8399254874032,584.3730251128135,33.354624721051,21.529275494539306,8760.0,73870.81591084368,276.2263415469582,138.1131707734791
poland_police,2018,rigid,high_investment_small_cavern,2.0,36.008926778909704,0,infeasible,2,The problem is infeasible. (HiGHS Status 8: model_status is Infeasible; primal_status is None),highs-ds,hourly,cyclic,False,1.0,1.5,0.6,0.0,0.4444444444444445,0.0,0.587,0,,,,,,,,,,,,,,False,,,,,,,,,
poland_police,2018,rigid,high_investment_small_cavern,2.0,36.008926778909704,1,infeasible,2,The problem is infeasible. (HiGHS Status 8: model_status is Infeasible; primal_status is None),highs-ds,hourly,cyclic,False,1.0,1.5,0.6,0.0,0.4444444444444445,0.0,0.587,1,,,,,,,,,,,,,,False,,,,,,,,,
poland_police,2018,rigid,high_investment_small_cavern,2.0,36.008926778909704,2,optimal,0,Optimization terminated successfully. (HiGHS Status 7: Optimal),highs-ds,hourly,cyclic,False,1.0,1.5,0.6,0.0,0.4444444444444445,0.0,0.587,2,43708.67097999214,246.1725219418404,-0.0,1296.2760915542494,6.565414878423326e-12,3.623767952376511e-12,0.0,0.0,0.0,1.7763568394002505e-15,0.0,138.11317077348212,177.55300484072126,True,2494.787156392245,-0.0,1296.2760915542494,73.98836139008273,0.0,8760.0,73870.81591084368,276.2263415469582,138.1131707734791
poland_police,2019,flex_ml0p4_b24,high_investment_small_cavern,2.0,36.008926778909704,0,infeasible,2,The problem is infeasible. (HiGHS Status 8: model_status is Infeasible; primal_status is None),highs-ds,hourly,cyclic,True,0.4,1.5,0.6,24.0,0.4444444444444445,0.0,0.587,0,,,,,,,,,,,,,,False,,,,,,,,,
poland_police,2019,flex_ml0p4_b24,high_investment_small_cavern,2.0,36.008926778909704,1,optimal,0,Optimization terminated successfully. (HiGHS Status 7: Optimal),highs-ds,hourly,cyclic,True,0.4,1.5,0.6,24.0,0.4444444444444445,0.0,0.587,1,23517.75538322854,132.45484301617864,24.00000000000092,299.6414106390137,5.1159076974727205e-12,1.8047785488306545e-12,1.709743457922741e-14,1.8189894035458565e-12,0.0,3.552713678800501e-15,0.0,69.05658538673956,138.1131707734791,True,1342.3376360290265,1369.8630136986826,299.6414106390137,17.102820241952838,24.00000000000092,8760.0,36935.40795542184,138.1131707734791,69.05658538673956
poland_police,2019,flex_ml0p6_b24,high_investment_small_cavern,2.0,36.008926778909704,0,infeasible,2,The problem is infeasible. (HiGHS Status 8: model_status is Infeasible; primal_status is None),highs-ds,hourly,cyclic,True,0.6,1.5,0.6,24.0,0.4444444444444445,0.0,0.587,0,,,,,,,,,,,,,,False,,,,,,,,,
poland_police,2019,flex_ml0p6_b24,high_investment_small_cavern,2.0,36.008926778909704,1,infeasible,2,The problem is infeasible. (HiGHS Status 8: model_status is Infeasible; primal_status is None),highs-ds,hourly,cyclic,True,0.6,1.5,0.6,24.0,0.4444444444444445,0.0,0.587,1,,,,,,,,,,,,,,False,,,,,,,,,
poland_police,2019,flex_ml0p6_b24,high_investment_small_cavern,2.0,36.008926778909704,2,optimal,0,Optimization terminated successfully. (HiGHS Status 7: Optimal),highs-ds,hourly,cyclic,True,0.6,1.5,0.6,24.0,0.4444444444444445,0.0,0.587,2,22398.76990533675,126.1525814526776,24.000000000000025,287.4217702340097,4.575895218295045e-12,1.8189894035458565e-12,2.935514054058785e-10,2.9467628337442875e-10,0.0,1.7763568394002505e-15,0.0,138.1131707734791,203.35618110993963,True,1278.468601902783,1369.8630136986314,287.4217702340097,16.40535218230649,24.000000000000025,8760.0,73870.81591084368,276.2263415469582,138.1131707734791
poland_police,2019,rigid,high_investment_small_cavern,2.0,36.008926778909704,0,infeasible,2,The problem is infeasible. (HiGHS Status 8: model_status is Infeasible; primal_status is None),highs-ds,hourly,cyclic,False,1.0,1.5,0.6,0.0,0.4444444444444445,0.0,0.587,0,,,,,,,,,,,,,,False,,,,,,,,,
poland_police,2019,rigid,high_investment_small_cavern,2.0,36.008926778909704,1,infeasible,2,The problem is infeasible. (HiGHS Status 8: model_status is Infeasible; primal_status is None),highs-ds,hourly,cyclic,False,1.0,1.5,0.6,0.0,0.4444444444444445,0.0,0.587,1,,,,,,,,,,,,,,False,,,,,,,,,
poland_police,2019,rigid,high_investment_small_cavern,2.0,36.008926778909704,2,optimal,0,Optimization terminated successfully. (HiGHS Status 7: Optimal),highs-ds,hourly,cyclic,False,1.0,1.5,0.6,0.0,0.4444444444444445,0.0,0.587,2,29638.4849938986,166.92753254436104,-0.0,986.9805584468746,6.73594513500575e-12,1.8189894035458565e-12,0.0,0.0,0.0,3.552713678800501e-15,0.0,138.1131707734791,177.55300484072126,True,1691.694348966815,-0.0,986.9805584468746,56.33450676066636,0.0,8760.0,73870.81591084368,276.2263415469582,138.1131707734791
poland_police,2020,flex_ml0p4_b24,high_investment_small_cavern,2.0,36.008926778909704,0,infeasible,2,The problem is infeasible. (HiGHS Status 8: model_status is Infeasible; primal_status is None),highs-ds,hourly,cyclic,True,0.4,1.5,0.6,24.0,0.4444444444444445,0.0,0.587,0,,,,,,,,,,,,,,False,,,,,,,,,
poland_police,2020,flex_ml0p4_b24,high_investment_small_cavern,2.0,36.008926778909704,1,optimal,0,Optimization terminated successfully. (HiGHS Status 7: Optimal),highs-ds,hourly,cyclic,True,0.4,1.5,0.6,24.0,0.4444444444444445,0.0,0.587,1,28979.79777632945,163.21772646048186,24.00000000000084,451.7198254677449,3.163336259603966e-11,5.608669084722351e-11,1.6434276162158312e-10,1.6552803572267294e-10,0.0,3.552713678800501e-15,0.0,69.05658538673956,138.1131707734791,True,1654.0980465941468,1369.863013698678,451.7198254677449,25.783095060944344,24.00000000000084,8784.0,36935.40795542184,138.1131707734791,69.05658538673956
poland_police,2020,flex_ml0p6_b24,high_investment_small_cavern,2.0,36.008926778909704,0,infeasible,2,The problem is infeasible. (HiGHS Status 8: model_status is Infeasible; primal_status is None),highs-ds,hourly,cyclic,True,0.6,1.5,0.6,24.0,0.4444444444444445,0.0,0.587,0,,,,,,,,,,,,,,False,,,,,,,,,
poland_police,2020,flex_ml0p6_b24,high_investment_small_cavern,2.0,36.008926778909704,1,infeasible,2,The problem is infeasible. (HiGHS Status 8: model_status is Infeasible; primal_status is None),highs-ds,hourly,cyclic,True,0.6,1.5,0.6,24.0,0.4444444444444445,0.0,0.587,1,,,,,,,,,,,,,,False,,,,,,,,,
poland_police,2020,flex_ml0p6_b24,high_investment_small_cavern,2.0,36.008926778909704,2,optimal,0,Optimization terminated successfully. (HiGHS Status 7: Optimal),highs-ds,hourly,cyclic,True,0.6,1.5,0.6,24.0,0.4444444444444445,0.0,0.587,2,20411.330348680487,114.95908146973365,23.999999999999968,436.0474721393099,4.121147867408581e-12,1.1176837233506376e-11,3.5760372441018247e-10,3.601599019020796e-10,0.0,1.5543122344752197e-15,0.0,138.1131707734791,242.2022404156305,True,1165.0302710434069,1369.8630136986285,436.0474721393099,24.888554345851023,23.99999999999997,8784.0,73870.81591084368,276.2263415469582,138.1131707734791
poland_police,2020,rigid,high_investment_small_cavern,2.0,36.008926778909704,0,infeasible,2,The problem is infeasible. (HiGHS Status 8: model_status is Infeasible; primal_status is None),highs-ds,hourly,cyclic,False,1.0,1.5,0.6,0.0,0.4444444444444445,0.0,0.587,0,,,,,,,,,,,,,,False,,,,,,,,,
poland_police,2020,rigid,high_investment_small_cavern,2.0,36.008926778909704,1,infeasible,2,The problem is infeasible. (HiGHS Status 8: model_status is Infeasible; primal_status is None),highs-ds,hourly,cyclic,False,1.0,1.5,0.6,0.0,0.4444444444444445,0.0,0.587,1,,,,,,,,,,,,,,False,,,,,,,,,
poland_police,2020,rigid,high_investment_small_cavern,2.0,36.008926778909704,2,optimal,0,Optimization terminated successfully. (HiGHS Status 7: Optimal),highs-ds,hourly,cyclic,False,1.0,1.5,0.6,0.0,0.4444444444444445,0.0,0.587,2,40080.483764156845,225.7381326782508,-0.0,1324.148550410553,5.7696070143720135e-12,3.630873379734112e-12,0.0,0.0,0.0,3.552713678800501e-15,0.0,138.1131707734894,177.55300484072126,True,2287.698844986121,-0.0,1324.148550410553,75.57925516041969,0.0,8784.0,73870.81591084368,276.2263415469582,138.1131707734791
poland_police,2021,flex_ml0p4_b24,high_investment_small_cavern,2.0,36.008926778909704,0,infeasible,2,The problem is infeasible. (HiGHS Status 8: model_status is Infeasible; primal_status is None),highs-ds,hourly,cyclic,True,0.4,1.5,0.6,24.0,0.4444444444444445,0.0,0.587,0,,,,,,,,,,,,,,False,,,,,,,,,
poland_police,2021,flex_ml0p4_b24,high_investment_small_cavern,2.0,36.008926778909704,1,infeasible,2,The problem is infeasible. (HiGHS Status 8: model_status is Infeasible; primal_status is None),highs-ds,hourly,cyclic,True,0.4,1.5,0.6,24.0,0.4444444444444445,0.0,0.587,1,,,,,,,,,,,,,,False,,,,,,,,,
poland_police,2021,flex_ml0p4_b24,high_investment_small_cavern,2.0,36.008926778909704,2,optimal,0,Optimization terminated successfully. (HiGHS Status 7: Optimal),highs-ds,hourly,cyclic,True,0.4,1.5,0.6,24.0,0.4444444444444445,0.0,0.587,2,34052.15516557216,191.7858568269209,23.999999999949782,727.8694697494304,8.185452315956354e-12,2.7654323275783096e-11,2.0707702219624477e-10,2.0736479200422764e-10,0.0,3.552713678800501e-15,1.4061356523598079e-09,138.1131707734791,266.32950726108186,True,1943.6161624185024,1369.8630136957638,727.8694697494304,41.54506105875745,23.999999999949782,8760.0,73870.81591084368,276.2263415469582,138.1131707734791
poland_police,2021,flex_ml0p6_b24,high_investment_small_cavern,2.0,36.008926778909704,0,infeasible,2,The problem is infeasible. (HiGHS Status 8: model_status is Infeasible; primal_status is None),highs-ds,hourly,cyclic,True,0.6,1.5,0.6,24.0,0.4444444444444445,0.0,0.587,0,,,,,,,,,,,,,,False,,,,,,,,,
poland_police,2021,flex_ml0p6_b24,high_investment_small_cavern,2.0,36.008926778909704,1,infeasible,2,The problem is infeasible. (HiGHS Status 8: model_status is Infeasible; primal_status is None),highs-ds,hourly,cyclic,True,0.6,1.5,0.6,24.0,0.4444444444444445,0.0,0.587,1,,,,,,,,,,,,,,False,,,,,,,,,
poland_police,2021,flex_ml0p6_b24,high_investment_small_cavern,2.0,36.008926778909704,2,optimal,0,Optimization terminated successfully. (HiGHS Status 7: Optimal),highs-ds,hourly,cyclic,True,0.6,1.5,0.6,24.0,0.4444444444444445,0.0,0.587,2,37844.65353854525,213.1456664025192,24.000000000251863,880.6170572085105,4.035882739117369e-12,3.581135388230905e-12,4.943401243906465e-10,4.94765117764473e-10,0.0,1.9984014443252818e-15,0.0,138.1131707734791,159.79770435664912,True,2160.0829645288386,1369.8630137130058,880.6170572085105,50.26353066258621,24.000000000251863,8760.0,73870.81591084368,276.2263415469582,138.1131707734791
poland_police,2021,rigid,high_investment_small_cavern,2.0,36.008926778909704,0,infeasible,2,The problem is infeasible. (HiGHS Status 8: model_status is Infeasible; primal_status is None),highs-ds,hourly,cyclic,False,1.0,1.5,0.6,0.0,0.4444444444444445,0.0,0.587,0,,,,,,,,,,,,,,False,,,,,,,,,
poland_police,2021,rigid,high_investment_small_cavern,2.0,36.008926778909704,1,infeasible,2,The problem is infeasible. (HiGHS Status 8: model_status is Infeasible; primal_status is None),highs-ds,hourly,cyclic,False,1.0,1.5,0.6,0.0,0.4444444444444445,0.0,0.587,1,,,,,,,,,,,,,,False,,,,,,,,,
poland_police,2021,rigid,high_investment_small_cavern,2.0,36.008926778909704,2,infeasible,2,The problem is infeasible. (HiGHS Status 8: model_status is Infeasible; primal_status is None),highs-ds,hourly,cyclic,False,1.0,1.5,0.6,0.0,0.4444444444444445,0.0,0.587,2,,,,,,,,,,,,,,False,,,,,,,,,
poland_police,2021,rigid,high_investment_small_cavern,2.0,36.008926778909704,3,optimal,0,Optimization terminated successfully. (HiGHS Status 7: Optimal),highs-ds,hourly,cyclic,False,1.0,1.5,0.6,0.0,0.4444444444444445,0.0,0.587,3,41356.72240348883,232.9260630682595,-0.0,998.95007834797,6.991740519879386e-12,3.623767952376511e-12,0.0,0.0,0.0,3.552713678800501e-15,0.0,207.16975616021867,384.72276100094,True,2360.543516180869,-0.0,998.95007834797,57.01769853584304,0.0,8760.0,110806.22386626551,414.3395123204373,207.16975616021867
poland_police,2021,rigid,high_investment_small_cavern,2.0,36.008926778909704,4,optimal,0,Optimization terminated successfully. (HiGHS Status 7: Optimal),highs-ds,hourly,cyclic,False,1.0,1.5,0.6,0.0,0.4444444444444445,0.0,0.587,4,35296.01620485282,198.79143265705963,0.0,211756.5056334157,5.684341886080804e-14,3.623767952376511e-12,0.0,0.0,0.0,0.0,0.0,276.2263415469582,453.7793463876795,False,2014.6127970806403,0.0,211756.5056334157,12086.558540720078,0.0,8760.0,147741.63182168736,552.4526830939164,276.2263415469582
poland_police,2022,flex_ml0p4_b24,high_investment_small_cavern,2.0,36.008926778909704,0,infeasible,2,The problem is infeasible. (HiGHS Status 8: model_status is Infeasible; primal_status is None),highs-ds,hourly,cyclic,True,0.4,1.5,0.6,24.0,0.4444444444444445,0.0,0.587,0,,,,,,,,,,,,,,False,,,,,,,,,
poland_police,2022,flex_ml0p4_b24,high_investment_small_cavern,2.0,36.008926778909704,1,infeasible,2,The problem is infeasible. (HiGHS Status 8: model_status is Infeasible; primal_status is None),highs-ds,hourly,cyclic,True,0.4,1.5,0.6,24.0,0.4444444444444445,0.0,0.587,1,,,,,,,,,,,,,,False,,,,,,,,,
poland_police,2022,flex_ml0p4_b24,high_investment_small_cavern,2.0,36.008926778909704,2,optimal,0,Optimization terminated successfully. (HiGHS Status 7: Optimal),highs-ds,hourly,cyclic,True,0.4,1.5,0.6,24.0,0.4444444444444445,0.0,0.587,2,63032.287112919,355.0054653789939,24.000000000000263,496.451120611931,4.188507318758639e-10,5.2205351153133954e-11,1.0954703810739376e-10,1.0913936421275139e-10,0.0,3.552713678800501e-15,3.2436275887448573e-12,138.1131707734791,266.32950726108186,True,3597.7332827008563,1369.863013698645,496.451120611931,28.33625117648008,24.000000000000263,8760.0,73870.81591084368,276.2263415469582,138.1131707734791
poland_police,2022,flex_ml0p6_b24,high_investment_small_cavern,2.0,36.008926778909704,0,infeasible,2,The problem is infeasible. (HiGHS Status 8: model_status is Infeasible; primal_status is None),highs-ds,hourly,cyclic,True,0.6,1.5,0.6,24.0,0.4444444444444445,0.0,0.587,0,,,,,,,,,,,,,,False,,,,,,,,,
poland_police,2022,flex_ml0p6_b24,high_investment_small_cavern,2.0,36.008926778909704,1,infeasible,2,The problem is infeasible. (HiGHS Status 8: model_status is Infeasible; primal_status is None),highs-ds,hourly,cyclic,True,0.6,1.5,0.6,24.0,0.4444444444444445,0.0,0.587,1,,,,,,,,,,,,,,False,,,,,,,,,
poland_police,2022,flex_ml0p6_b24,high_investment_small_cavern,2.0,36.008926778909704,2,optimal,0,Optimization terminated successfully. (HiGHS Status 7: Optimal),highs-ds,hourly,cyclic,True,0.6,1.5,0.6,24.0,0.4444444444444445,0.0,0.587,2,64094.9758875117,360.9906570998888,24.000000000000146,539.3872984927167,5.2864379540551446e-12,3.637978807091713e-12,3.771578604983006e-10,3.7834979593753815e-10,0.0,3.3306690738754696e-15,0.0,138.1131707734791,193.1148329504511,True,3658.389034675325,1369.8630136986385,539.3872984927167,30.78694626099981,24.000000000000288,8760.0,73870.81591084368,276.2263415469582,138.1131707734791
poland_police,2022,rigid,high_investment_small_cavern,2.0,36.008926778909704,0,infeasible,2,The problem is infeasible. (HiGHS Status 8: model_status is Infeasible; primal_status is None),highs-ds,hourly,cyclic,False,1.0,1.5,0.6,0.0,0.4444444444444445,0.0,0.587,0,,,,,,,,,,,,,,False,,,,,,,,,
poland_police,2022,rigid,high_investment_small_cavern,2.0,36.008926778909704,1,infeasible,2,The problem is infeasible. (HiGHS Status 8: model_status is Infeasible; primal_status is None),highs-ds,hourly,cyclic,False,1.0,1.5,0.6,0.0,0.4444444444444445,0.0,0.587,1,,,,,,,,,,,,,,False,,,,,,,,,
poland_police,2022,rigid,high_investment_small_cavern,2.0,36.008926778909704,2,infeasible,2,The problem is infeasible. (HiGHS Status 8: model_status is Infeasible; primal_status is None),highs-ds,hourly,cyclic,False,1.0,1.5,0.6,0.0,0.4444444444444445,0.0,0.587,2,,,,,,,,,,,,,,False,,,,,,,,,
poland_police,2022,rigid,high_investment_small_cavern,2.0,36.008926778909704,3,optimal,0,Optimization terminated successfully. (HiGHS Status 7: Optimal),highs-ds,hourly,cyclic,False,1.0,1.5,0.6,0.0,0.4444444444444445,0.0,0.587,3,68571.49244143239,386.20293980913647,-0.0,655.9369182405766,7.048583938740194e-12,7.133849067031406e-12,0.0,0.0,0.0,3.552713678800501e-15,3.659295089164516e-13,207.16975616021867,384.72276100094,True,3913.897970401392,-0.0,655.9369182405766,37.43932181738451,0.0,8760.0,110806.22386626551,414.3395123204373,207.16975616021867
poland_police,2022,rigid,high_investment_small_cavern,2.0,36.008926778909704,4,optimal,0,Optimization terminated successfully. (HiGHS Status 7: Optimal),highs-ds,hourly,cyclic,False,1.0,1.5,0.6,0.0,0.4444444444444445,0.0,0.587,4,65682.98736713773,369.93452983834567,0.0,204905.0475405331,5.684341886080804e-14,4.149569576838985e-12,0.0,0.0,0.0,0.0,0.0,276.2263415469582,453.7793463876795,False,3749.028959311514,0.0,204905.0475405331,11695.493581080656,0.0,8760.0,147741.63182168736,552.4526830939164,276.2263415469582
poland_police,2023,flex_ml0p4_b24,high_investment_small_cavern,2.0,36.008926778909704,0,infeasible,2,The problem is infeasible. (HiGHS Status 8: model_status is Infeasible; primal_status is None),highs-ds,hourly,cyclic,True,0.4,1.5,0.6,24.0,0.4444444444444445,0.0,0.587,0,,,,,,,,,,,,,,False,,,,,,,,,
poland_police,2023,flex_ml0p4_b24,high_investment_small_cavern,2.0,36.008926778909704,1,optimal,0,Optimization terminated successfully. (HiGHS Status 7: Optimal),highs-ds,hourly,cyclic,True,0.4,1.5,0.6,24.0,0.4444444444444445,0.0,0.587,1,18737.407050694823,105.53134297841775,24.000000000000263,742.5072107803534,5.6274984672199935e-12,1.8189894035458565e-11,3.907985046680551e-14,0.0,0.0,3.552713678800501e-15,0.0,69.05658538673956,138.1131707734791,True,1069.4867038067823,1369.863013698645,742.5072107803534,42.380548560522456,24.000000000000263,8760.0,36935.40795542184,138.1131707734791,69.05658538673956
poland_police,2023,flex_ml0p6_b24,high_investment_small_cavern,2.0,36.008926778909704,0,infeasible,2,The problem is infeasible. (HiGHS Status 8: model_status is Infeasible; primal_status is None),highs-ds,hourly,cyclic,True,0.6,1.5,0.6,24.0,0.4444444444444445,0.0,0.587,0,,,,,,,,,,,,,,False,,,,,,,,,
poland_police,2023,flex_ml0p6_b24,high_investment_small_cavern,2.0,36.008926778909704,1,infeasible,2,The problem is infeasible. (HiGHS Status 8: model_status is Infeasible; primal_status is None),highs-ds,hourly,cyclic,True,0.6,1.5,0.6,24.0,0.4444444444444445,0.0,0.587,1,,,,,,,,,,,,,,False,,,,,,,,,
poland_police,2023,flex_ml0p6_b24,high_investment_small_cavern,2.0,36.008926778909704,2,optimal,0,Optimization terminated successfully. (HiGHS Status 7: Optimal),highs-ds,hourly,cyclic,True,0.6,1.5,0.6,24.0,0.4444444444444445,0.0,0.587,2,17106.49099691379,96.3458264886006,23.99999999999975,507.17343094090336,6.252776074688882e-12,2.714273250603583e-12,3.12872838748035e-10,3.1286617740988726e-10,0.0,3.552713678800501e-15,1.0516032489249485e-12,138.1131707734791,174.24354503658128,True,976.3978879517005,1369.863013698616,507.17343094090336,28.94825519069083,23.99999999999975,8760.0,73870.81591084368,276.2263415469582,138.1131707734791
poland_police,2023,rigid,high_investment_small_cavern,2.0,36.008926778909704,0,infeasible,2,The problem is infeasible. (HiGHS Status 8: model_status is Infeasible; primal_status is None),highs-ds,hourly,cyclic,False,1.0,1.5,0.6,0.0,0.4444444444444445,0.0,0.587,0,,,,,,,,,,,,,,False,,,,,,,,,
poland_police,2023,rigid,high_investment_small_cavern,2.0,36.008926778909704,1,infeasible,2,The problem is infeasible. (HiGHS Status 8: model_status is Infeasible; primal_status is None),highs-ds,hourly,cyclic,False,1.0,1.5,0.6,0.0,0.4444444444444445,0.0,0.587,1,,,,,,,,,,,,,,False,,,,,,,,,
poland_police,2023,rigid,high_investment_small_cavern,2.0,36.008926778909704,2,optimal,0,Optimization terminated successfully. (HiGHS Status 7: Optimal),highs-ds,hourly,cyclic,False,1.0,1.5,0.6,0.0,0.4444444444444445,0.0,0.587,2,30451.513580629777,171.50660788842822,-0.0,1104.4294526657184,6.565414878423326e-12,1.8189894035458565e-12,0.0,0.0,0.0,1.6653345369377348e-15,3.5527136788005016e-14,138.1131707734791,177.55300484072126,True,1738.1000902185945,-0.0,1104.4294526657184,63.03821076859124,0.0,8760.0,73870.81591084368,276.2263415469582,138.1131707734791
poland_pulawy,2015,flex_ml0p4_b24,high_investment_small_cavern,2.0,73.5184666080091,0,infeasible,2,The problem is infeasible. (HiGHS Status 8: model_status is Infeasible; primal_status is None),highs-ds,hourly,cyclic,True,0.4,1.5,0.6,24.0,0.4444444444444445,0.0,0.587,0,,,,,,,,,,,,,,False,,,,,,,,,
poland_pulawy,2015,flex_ml0p4_b24,high_investment_small_cavern,2.0,73.5184666080091,1,infeasible,2,The problem is infeasible. (HiGHS Status 8: model_status is Infeasible; primal_status is None),highs-ds,hourly,cyclic,True,0.4,1.5,0.6,24.0,0.4444444444444445,0.0,0.587,1,,,,,,,,,,,,,,False,,,,,,,,,
poland_pulawy,2015,flex_ml0p4_b24,high_investment_small_cavern,2.0,73.5184666080091,2,optimal,0,Optimization terminated successfully. (HiGHS Status 7: Optimal),highs-ds,hourly,cyclic,True,0.4,1.5,0.6,24.0,0.4444444444444445,0.0,0.587,2,27161.803893437933,152.9785650082586,24.00000000000003,382.9979982591303,2.1998403099132705e-11,3.481837040908431e-11,1.3547518662448963e-10,1.3460521586239338e-10,0.0,3.552713678800501e-15,0.0,67.647045470933,135.294090941866,True,1550.331272456503,1369.8630136986317,382.9979982591303,21.860616338991456,24.00000000000003,8760.0,36181.505463310445,135.294090941866,67.647045470933
poland_pulawy,2015,flex_ml0p6_b24,high_investment_small_cavern,2.0,73.5184666080091,0,infeasible,2,The problem is infeasible. (HiGHS Status 8: model_status is Infeasible; primal_status is None),highs-ds,hourly,cyclic,True,0.6,1.5,0.6,24.0,0.4444444444444445,0.0,0.587,0,,,,,,,,,,,,,,False,,,,,,,,,
poland_pulawy,2015,flex_ml0p6_b24,high_investment_small_cavern,2.0,73.5184666080091,1,infeasible,2,The problem is infeasible. (HiGHS Status 8: model_status is Infeasible; primal_status is None),highs-ds,hourly,cyclic,True,0.6,1.5,0.6,24.0,0.4444444444444445,0.0,0.587,1,,,,,,,,,,,,,,False,,,,,,,,,
poland_pulawy,2015,flex_ml0p6_b24,high_investment_small_cavern,2.0,73.5184666080091,2,infeasible,2,The problem is infeasible. (HiGHS Status 8: model_status is Infeasible; primal_status is None),highs-ds,hourly,cyclic,True,0.6,1.5,0.6,24.0,0.4444444444444445,0.0,0.587,2,,,,,,,,,,,,,,False,,,,,,,,,
poland_pulawy,2015,flex_ml0p6_b24,high_investment_small_cavern,2.0,73.5184666080091,3,optimal,0,Optimization terminated successfully. (HiGHS Status 7: Optimal),highs-ds,hourly,cyclic,True,0.6,1.5,0.6,24.0,0.4444444444444445,0.0,0.587,3,30587.91657159549,172.27484603279575,23.24054274364894,466.9502292080164,4.490630090003833e-12,1.7409718111593975e-10,2.6273561104517285e-10,2.6193447411060333e-10,0.0,8.881784197001252e-16,0.0,101.47056820639948,202.94113641279893,True,1745.88564906367,1326.5149967836153,466.9502292080164,26.652410342923307,23.24054274364894,8760.0,54272.25819496567,202.94113641279893,101.47056820639948
poland_pulawy,2015,flex_ml0p6_b24,high_investment_small_cavern,2.0,73.5184666080091,4,optimal,0,Optimization terminated successfully. (HiGHS Status 7: Optimal),highs-ds,hourly,cyclic,True,0.6,1.5,0.6,24.0,0.4444444444444445,0.0,0.587,4,24150.926620796803,136.02094001429066,24.0,201072.876064853,1.1368683772161605e-13,1.7905676941154525e-12,2.2253465736810083e-10,2.219167072325945e-10,0.0,0.0,0.0,135.294090941866,270.588181883732,False,1378.4775468491323,1369.86301369863,201072.876064853,11476.762332468776,23.300000000000065,8760.0,72363.01092662089,270.588181883732,135.294090941866
poland_pulawy,2015,rigid,high_investment_small_cavern,2.0,73.5184666080091,0,infeasible,2,The problem is infeasible. (HiGHS Status 8: model_status is Infeasible; primal_status is None),highs-ds,hourly,cyclic,False,1.0,1.5,0.6,0.0,0.4444444444444445,0.0,0.587,0,,,,,,,,,,,,,,False,,,,,,,,,
poland_pulawy,2015,rigid,high_investment_small_cavern,2.0,73.5184666080091,1,infeasible,2,The problem is infeasible. (HiGHS Status 8: model_status is Infeasible; primal_status is None),highs-ds,hourly,cyclic,False,1.0,1.5,0.6,0.0,0.4444444444444445,0.0,0.587,1,,,,,,,,,,,,,,False,,,,,,,,,
poland_pulawy,2015,rigid,high_investment_small_cavern,2.0,73.5184666080091,2,infeasible,2,The problem is infeasible. (HiGHS Status 8: model_status is Infeasible; primal_status is None),highs-ds,hourly,cyclic,False,1.0,1.5,0.6,0.0,0.4444444444444445,0.0,0.587,2,,,,,,,,,,,,,,False,,,,,,,,,
poland_pulawy,2015,rigid,high_investment_small_cavern,2.0,73.5184666080091,3,infeasible,2,The problem is infeasible. (HiGHS Status 8: model_status is Infeasible; primal_status is None),highs-ds,hourly,cyclic,False,1.0,1.5,0.6,0.0,0.4444444444444445,0.0,0.587,3,,,,,,,,,,,,,,False,,,,,,,,,
poland_pulawy,2015,rigid,high_investment_small_cavern,2.0,73.5184666080091,4,optimal,0,Optimization terminated successfully. (HiGHS Status 7: Optimal),highs-ds,hourly,cyclic,False,1.0,1.5,0.6,0.0,0.4444444444444445,0.0,0.587,4,35746.10591378068,201.32639234040388,-0.0,541.0805467838995,5.9969806898152456e-12,3.538502824085299e-12,0.0,0.0,0.0,3.552713678800501e-15,0.0,135.294090941866,177.55300484072126,True,2040.3028489600847,-0.0,541.0805467838995,30.883592852962305,0.0,8760.0,72363.01092662089,270.588181883732,135.294090941866
poland_pulawy,2016,flex_ml0p4_b24,high_investment_small_cavern,2.0,73.5184666080091,0,infeasible,2,The problem is infeasible. (HiGHS Status 8: model_status is Infeasible; primal_status is None),highs-ds,hourly,cyclic,True,0.4,1.5,0.6,24.0,0.4444444444444445,0.0,0.587,0,,,,,,,,,,,,,,False,,,,,,,,,
poland_pulawy,2016,flex_ml0p4_b24,high_investment_small_cavern,2.0,73.5184666080091,1,infeasible,2,The problem is infeasible. (HiGHS Status 8: model_status is Infeasible; primal_status is None),highs-ds,hourly,cyclic,True,0.4,1.5,0.6,24.0,0.4444444444444445,0.0,0.587,1,,,,,,,,,,,,,,False,,,,,,,,,
poland_pulawy,2016,flex_ml0p4_b24,high_investment_small_cavern,2.0,73.5184666080091,2,optimal,0,Optimization terminated successfully. (HiGHS Status 7: Optimal),highs-ds,hourly,cyclic,True,0.4,1.5,0.6,24.0,0.4444444444444445,0.0,0.587,2,29139.526797013776,164.11733962573138,23.99999999998932,527.6072116337327,5.5706550483591855e-12,4.7883474962873145e-11,2.2011259481757858e-10,2.219167072325945e-10,0.0,3.552713678800501e-15,0.0,67.647045470933,135.294090941866,True,1663.214999829553,1369.8630136980205,527.6072116337327,30.114566874071503,23.99999999998932,8784.0,36181.505463310445,135.294090941866,67.647045470933
poland_pulawy,2016,flex_ml0p6_b24,high_investment_small_cavern,2.0,73.5184666080091,0,infeasible,2,The problem is infeasible. (HiGHS Status 8: model_status is Infeasible; primal_status is None),highs-ds,hourly,cyclic,True,0.6,1.5,0.6,24.0,0.4444444444444445,0.0,0.587,0,,,,,,,,,,,,,,False,,,,,,,,,
poland_pulawy,2016,flex_ml0p6_b24,high_investment_small_cavern,2.0,73.5184666080091,1,infeasible,2,The problem is infeasible. (HiGHS Status 8: model_status is Infeasible; primal_status is None),highs-ds,hourly,cyclic,True,0.6,1.5,0.6,24.0,0.4444444444444445,0.0,0.587,1,,,,,,,,,,,,,,False,,,,,,,,,
poland_pulawy,2016,flex_ml0p6_b24,high_investment_small_cavern,2.0,73.5184666080091,2,infeasible,2,The problem is infeasible. (HiGHS Status 8: model_status is Infeasible; primal_status is None),highs-ds,hourly,cyclic,True,0.6,1.5,0.6,24.0,0.4444444444444445,0.0,0.587,2,,,,,,,,,,,,,,False,,,,,,,,,
poland_pulawy,2016,flex_ml0p6_b24,high_investment_small_cavern,2.0,73.5184666080091,3,optimal,0,Optimization terminated successfully. (HiGHS Status 7: Optimal),highs-ds,hourly,cyclic,True,0.6,1.5,0.6,24.0,0.4444444444444445,0.0,0.587,3,35780.218614811456,201.51851919886724,5.711289718021204,1875.6156995262493,5.9685589803848416e-12,3.609557097661309e-12,3.7804781527484005e-10,3.7834979593753815e-10,0.0,3.552713678800501e-15,0.0,101.47056820639948,202.94113641279893,True,2042.249920936727,325.98685605143856,1875.6156995262493,107.05569061222884,5.711289718021204,8784.0,54272.25819496567,202.94113641279893,101.47056820639948
poland_pulawy,2016,flex_ml0p6_b24,high_investment_small_cavern,2.0,73.5184666080091,4,optimal,0,Optimization terminated successfully. (HiGHS Status 7: Optimal),highs-ds,hourly,cyclic,True,0.6,1.5,0.6,24.0,0.4444444444444445,0.0,0.587,4,20289.549231673715,114.27319548815862,24.0,210304.92552899147,8.526512829121202e-14,1.8189894035458565e-12,4.0573189252768316e-10,4.0745362639427185e-10,0.0,0.0,0.0,135.294090941866,270.588181883732,False,1158.0792940453032,1369.86301369863,210304.92552899147,12003.70579503376,22.733165670951813,8784.0,72363.01092662089,270.588181883732,135.294090941866
poland_pulawy,2016,rigid,high_investment_small_cavern,2.0,73.5184666080091,0,infeasible,2,The problem is infeasible. (HiGHS Status 8: model_status is Infeasible; primal_status is None),highs-ds,hourly,cyclic,False,1.0,1.5,0.6,0.0,0.4444444444444445,0.0,0.587,0,,,,,,,,,,,,,,False,,,,,,,,,
poland_pulawy,2016,rigid,high_investment_small_cavern,2.0,73.5184666080091,1,infeasible,2,The problem is infeasible. (HiGHS Status 8: model_status is Infeasible; primal_status is None),highs-ds,hourly,cyclic,False,1.0,1.5,0.6,0.0,0.4444444444444445,0.0,0.587,1,,,,,,,,,,,,,,False,,,,,,,,,
poland_pulawy,2016,rigid,high_investment_small_cavern,2.0,73.5184666080091,2,infeasible,2,The problem is infeasible. (HiGHS Status 8: model_status is Infeasible; primal_status is None),highs-ds,hourly,cyclic,False,1.0,1.5,0.6,0.0,0.4444444444444445,0.0,0.587,2,,,,,,,,,,,,,,False,,,,,,,,,
poland_pulawy,2016,rigid,high_investment_small_cavern,2.0,73.5184666080091,3,infeasible,2,The problem is infeasible. (HiGHS Status 8: model_status is Infeasible; primal_status is None),highs-ds,hourly,cyclic,False,1.0,1.5,0.6,0.0,0.4444444444444445,0.0,0.587,3,,,,,,,,,,,,,,False,,,,,,,,,
poland_pulawy,2016,rigid,high_investment_small_cavern,2.0,73.5184666080091,4,optimal,0,Optimization terminated successfully. (HiGHS Status 7: Optimal),highs-ds,hourly,cyclic,False,1.0,1.5,0.6,0.0,0.4444444444444445,0.0,0.587,4,37258.83878642086,209.8462868586477,-0.0,1758.2145130296417,6.195932655828074e-12,3.637978807091713e-12,0.0,0.0,0.0,1.1102230246251563e-15,0.0,135.294090941866,177.55300484072126,True,2126.6460494532453,-0.0,1758.2145130296417,100.3547096478106,0.0,8784.0,72363.01092662089,270.588181883732,135.294090941866
poland_pulawy,2017,flex_ml0p4_b24,high_investment_small_cavern,2.0,73.5184666080091,0,infeasible,2,The problem is infeasible. (HiGHS Status 8: model_status is Infeasible; primal_status is None),highs-ds,hourly,cyclic,True,0.4,1.5,0.6,24.0,0.4444444444444445,0.0,0.587,0,,,,,,,,,,,,,,False,,,,,,,,,
poland_pulawy,2017,flex_ml0p4_b24,high_investment_small_cavern,2.0,73.5184666080091,1,infeasible,2,The problem is infeasible. (HiGHS Status 8: model_status is Infeasible; primal_status is None),highs-ds,hourly,cyclic,True,0.4,1.5,0.6,24.0,0.4444444444444445,0.0,0.587,1,,,,,,,,,,,,,,False,,,,,,,,,
poland_pulawy,2017,flex_ml0p4_b24,high_investment_small_cavern,2.0,73.5184666080091,2,optimal,0,Optimization terminated successfully. (HiGHS Status 7: Optimal),highs-ds,hourly,cyclic,True,0.4,1.5,0.6,24.0,0.4444444444444445,0.0,0.587,2,30393.169297555225,171.1780058288523,24.000000000000444,302.3966772473876,5.400124791776762e-12,3.382183422218077e-12,5.3226312246579255e-11,5.4569682106375694e-11,0.0,3.552713678800501e-15,0.0,67.647045470933,135.294090941866,True,1734.76993707507,1369.8630136986555,302.3966772473876,17.260084317773263,24.000000000000444,8760.0,36181.505463310445,135.294090941866,67.647045470933
poland_pulawy,2017,flex_ml0p6_b24,high_investment_small_cavern,2.0,73.5184666080091,0,infeasible,2,The problem is infeasible. (HiGHS Status 8: model_status is Infeasible; primal_status is None),highs-ds,hourly,cyclic,True,0.6,1.5,0.6,24.0,0.4444444444444445,0.0,0.587,0,,,,,,,,,,,,,,False,,,,,,,,,
poland_pulawy,2017,flex_ml0p6_b24,high_investment_small_cavern,2.0,73.5184666080091,1,infeasible,2,The problem is infeasible. (HiGHS Status 8: model_status is Infeasible; primal_status is None),highs-ds,hourly,cyclic,True,0.6,1.5,0.6,24.0,0.4444444444444445,0.0,0.587,1,,,,,,,,,,,,,,False,,,,,,,,,
poland_pulawy,2017,flex_ml0p6_b24,high_investment_small_cavern,2.0,73.5184666080091,2,infeasible,2,The problem is infeasible. (HiGHS Status 8: model_status is Infeasible; primal_status is None),highs-ds,hourly,cyclic,True,0.6,1.5,0.6,24.0,0.4444444444444445,0.0,0.587,2,,,,,,,,,,,,,,False,,,,,,,,,
poland_pulawy,2017,flex_ml0p6_b24,high_investment_small_cavern,2.0,73.5184666080091,3,optimal,0,Optimization terminated successfully. (HiGHS Status 7: Optimal),highs-ds,hourly,cyclic,True,0.6,1.5,0.6,24.0,0.4444444444444445,0.0,0.587,3,28751.787560823228,161.93354534673068,23.78429003561621,366.9211997500393,4.632738637155853e-12,1.8189894035458565e-12,3.0640467940656885e-10,3.074092091992497e-10,0.0,3.552713678800501e-15,0.0,101.47056820639956,159.79770435664912,True,1641.083764887171,1357.5508011196466,366.9211997500393,20.942990853312743,23.78429003561621,8760.0,54272.25819496567,202.94113641279895,101.47056820639948
poland_pulawy,2017,flex_ml0p6_b24,high_investment_small_cavern,2.0,73.5184666080091,4,optimal,0,Optimization terminated successfully. (HiGHS Status 7: Optimal),highs-ds,hourly,cyclic,True,0.6,1.5,0.6,24.0,0.4444444444444445,0.0,0.587,4,27163.41202834891,152.98762221859656,24.0,205224.39516350644,8.526512829121202e-14,1.8189894035458565e-12,2.5504887091187806e-10,2.5465851649641985e-10,0.0,0.0,0.0,135.294090941866,270.588181883732,False,1550.4230609788192,1369.86301369863,205224.39516350644,11713.721185131646,24.0,8760.0,72363.01092662089,270.588181883732,135.294090941866
poland_pulawy,2017,rigid,high_investment_small_cavern,2.0,73.5184666080091,0,infeasible,2,The problem is infeasible. (HiGHS Status 8: model_status is Infeasible; primal_status is None),highs-ds,hourly,cyclic,False,1.0,1.5,0.6,0.0,0.4444444444444445,0.0,0.587,0,,,,,,,,,,,,,,False,,,,,,,,,
poland_pulawy,2017,rigid,high_investment_small_cavern,2.0,73.5184666080091,1,infeasible,2,The problem is infeasible. (HiGHS Status 8: model_status is Infeasible; primal_status is None),highs-ds,hourly,cyclic,False,1.0,1.5,0.6,0.0,0.4444444444444445,0.0,0.587,1,,,,,,,,,,,,,,False,,,,,,,,,
poland_pulawy,2017,rigid,high_investment_small_cavern,2.0,73.5184666080091,2,infeasible,2,The problem is infeasible. (HiGHS Status 8: model_status is Infeasible; primal_status is None),highs-ds,hourly,cyclic,False,1.0,1.5,0.6,0.0,0.4444444444444445,0.0,0.587,2,,,,,,,,,,,,,,False,,,,,,,,,
poland_pulawy,2017,rigid,high_investment_small_cavern,2.0,73.5184666080091,3,optimal,0,Optimization terminated successfully. (HiGHS Status 7: Optimal),highs-ds,hourly,cyclic,False,1.0,1.5,0.6,0.0,0.4444444444444445,0.0,0.587,3,43290.37684713511,243.8166387889065,-0.0,2202.0689972845103,5.2864379540551446e-12,3.637978807091713e-12,0.0,0.0,0.0,8.881784197001252e-16,0.0,101.47056820639948,177.55300484072126,True,2470.911920498579,-0.0,2202.0689972845103,125.68886970802,0.0,8760.0,54272.25819496567,202.94113641279895,101.47056820639948
poland_pulawy,2017,rigid,high_investment_small_cavern,2.0,73.5184666080091,4,optimal,0,Optimization terminated successfully. (HiGHS Status 7: Optimal),highs-ds,hourly,cyclic,False,1.0,1.5,0.6,0.0,0.4444444444444445,0.0,0.587,4,35778.27546753881,201.50757515838544,0.0,204817.95273426763,5.684341886080803e-14,3.637978807091713e-12,0.0,0.0,0.0,0.0,0.0,135.294090941866,270.588181883732,False,2042.13901070427,0.0,204817.95273426763,11690.522416339478,0.0,8760.0,72363.01092662089,270.588181883732,135.294090941866
poland_pulawy,2018,flex_ml0p4_b24,high_investment_small_cavern,2.0,73.5184666080091,0,infeasible,2,The problem is infeasible. (HiGHS Status 8: model_status is Infeasible; primal_status is None),highs-ds,hourly,cyclic,True,0.4,1.5,0.6,24.0,0.4444444444444445,0.0,0.587,0,,,,,,,,,,,,,,False,,,,,,,,,
poland_pulawy,2018,flex_ml0p4_b24,high_investment_small_cavern,2.0,73.5184666080091,1,infeasible,2,The problem is infeasible. (HiGHS Status 8: model_status is Infeasible; primal_status is None),highs-ds,hourly,cyclic,True,0.4,1.5,0.6,24.0,0.4444444444444445,0.0,0.587,1,,,,,,,,,,,,,,False,,,,,,,,,
poland_pulawy,2018,flex_ml0p4_b24,high_investment_small_cavern,2.0,73.5184666080091,2,optimal,0,Optimization terminated successfully. (HiGHS Status 7: Optimal),highs-ds,hourly,cyclic,True,0.4,1.5,0.6,24.0,0.4444444444444445,0.0,0.587,2,34107.847764489146,192.0995242805748,24.000000000000828,891.6624726093521,3.2002844818634907e-10,9.688960744824726e-11,2.4332680315097827e-10,2.4374458007514477e-10,0.0,3.552713678800501e-15,0.0,67.647045470933,135.294090941866,True,1946.7949637265492,1369.8630136986774,891.6624726093521,50.89397674710914,24.000000000000828,8760.0,36181.505463310445,135.294090941866,67.647045470933
poland_pulawy,2018,flex_ml0p6_b24,high_investment_small_cavern,2.0,73.5184666080091,0,infeasible,2,The problem is infeasible. (HiGHS Status 8: model_status is Infeasible; primal_status is None),highs-ds,hourly,cyclic,True,0.6,1.5,0.6,24.0,0.4444444444444445,0.0,0.587,0,,,,,,,,,,,,,,False,,,,,,,,,
poland_pulawy,2018,flex_ml0p6_b24,high_investment_small_cavern,2.0,73.5184666080091,1,infeasible,2,The problem is infeasible. (HiGHS Status 8: model_status is Infeasible; primal_status is None),highs-ds,hourly,cyclic,True,0.6,1.5,0.6,24.0,0.4444444444444445,0.0,0.587,1,,,,,,,,,,,,,,False,,,,,,,,,
poland_pulawy,2018,flex_ml0p6_b24,high_investment_small_cavern,2.0,73.5184666080091,2,infeasible,2,The problem is infeasible. (HiGHS Status 8: model_status is Infeasible; primal_status is None),highs-ds,hourly,cyclic,True,0.6,1.5,0.6,24.0,0.4444444444444445,0.0,0.587,2,,,,,,,,,,,,,,False,,,,,,,,,
poland_pulawy,2018,flex_ml0p6_b24,high_investment_small_cavern,2.0,73.5184666080091,3,optimal,0,Optimization terminated successfully. (HiGHS Status 7: Optimal),highs-ds,hourly,cyclic,True,0.6,1.5,0.6,24.0,0.4444444444444445,0.0,0.587,3,43638.581614871866,245.77777015950272,20.071704329394688,1555.1691975479043,3.268496584496461e-12,3.637978807091713e-12,4.0930325795329736e-10,4.1109160520136356e-10,0.0,3.219646771412954e-15,1.2434497875801753e-13,101.47056820639948,159.79770435664912,True,2490.786621853417,1145.6452242805187,1555.1691975479043,88.76536515684386,20.071704329394688,8760.0,54272.25819496567,202.94113641279895,101.47056820639948
poland_pulawy,2018,flex_ml0p6_b24,high_investment_small_cavern,2.0,73.5184666080091,4,optimal,0,Optimization terminated successfully. (HiGHS Status 7: Optimal),highs-ds,hourly,cyclic,True,0.6,1.5,0.6,24.0,0.4444444444444445,0.0,0.587,4,30093.227689602936,169.48869841205382,24.0,208795.28222039025,8.526512829121202e-14,1.8189894035458565e-12,3.8583403139114125e-10,3.8562575355172157e-10,0.0,0.0,0.0,135.294090941866,270.588181883732,False,1717.6499822832725,1369.86301369863,208795.28222039025,11917.53893951999,22.861447018159605,8760.0,72363.01092662089,270.588181883732,135.294090941866
poland_pulawy,2018,rigid,high_investment_small_cavern,2.0,73.5184666080091,0,infeasible,2,The problem is infeasible. (HiGHS Status 8: model_status is Infeasible; primal_status is None),highs-ds,hourly,cyclic,False,1.0,1.5,0.6,0.0,0.4444444444444445,0.0,0.587,0,,,,,,,,,,,,,,False,,,,,,,,,
poland_pulawy,2018,rigid,high_investment_small_cavern,2.0,73.5184666080091,1,infeasible,2,The problem is infeasible. (HiGHS Status 8: model_status is Infeasible; primal_status is None),highs-ds,hourly,cyclic,False,1.0,1.5,0.6,0.0,0.4444444444444445,0.0,0.587,1,,,,,,,,,,,,,,False,,,,,,,,,
poland_pulawy,2018,rigid,high_investment_small_cavern,2.0,73.5184666080091,2,infeasible,2,The problem is infeasible. (HiGHS Status 8: model_status is Infeasible; primal_status is None),highs-ds,hourly,cyclic,False,1.0,1.5,0.6,0.0,0.4444444444444445,0.0,0.587,2,,,,,,,,,,,,,,False,,,,,,,,,
poland_pulawy,2018,rigid,high_investment_small_cavern,2.0,73.5184666080091,3,infeasible,2,The problem is infeasible. (HiGHS Status 8: model_status is Infeasible; primal_status is None),highs-ds,hourly,cyclic,False,1.0,1.5,0.6,0.0,0.4444444444444445,0.0,0.587,3,,,,,,,,,,,,,,False,,,,,,,,,
poland_pulawy,2018,rigid,high_investment_small_cavern,2.0,73.5184666080091,4,optimal,0,Optimization terminated successfully. (HiGHS Status 7: Optimal),highs-ds,hourly,cyclic,False,1.0,1.5,0.6,0.0,0.4444444444444445,0.0,0.587,4,45532.516634269086,256.44464127833413,-0.0,1875.794595222884,5.7980287238024175e-12,3.637978807091713e-12,0.0,0.0,0.0,1.5543122344752194e-15,0.0,135.294090941866,177.55300484072126,True,2598.8879357459527,-0.0,1875.794595222884,107.06590155381758,0.0,8760.0,72363.01092662089,270.588181883732,135.294090941866
poland_pulawy,2019,flex_ml0p4_b24,high_investment_small_cavern,2.0,73.5184666080091,0,infeasible,2,The problem is infeasible. (HiGHS Status 8: model_status is Infeasible; primal_status is None),highs-ds,hourly,cyclic,True,0.4,1.5,0.6,24.0,0.4444444444444445,0.0,0.587,0,,,,,,,,,,,,,,False,,,,,,,,,
poland_pulawy,2019,flex_ml0p4_b24,high_investment_small_cavern,2.0,73.5184666080091,1,infeasible,2,The problem is infeasible. (HiGHS Status 8: model_status is Infeasible; primal_status is None),highs-ds,hourly,cyclic,True,0.4,1.5,0.6,24.0,0.4444444444444445,0.0,0.587,1,,,,,,,,,,,,,,False,,,,,,,,,
poland_pulawy,2019,flex_ml0p4_b24,high_investment_small_cavern,2.0,73.5184666080091,2,optimal,0,Optimization terminated successfully. (HiGHS Status 7: Optimal),highs-ds,hourly,cyclic,True,0.4,1.5,0.6,24.0,0.4444444444444445,0.0,0.587,2,13928.17577371262,78.44517070385415,24.000000000000096,202.94479359793235,5.5138116294983774e-12,9.094947017729282e-13,1.5906342909488558e-10,1.6007106751203534e-10,0.0,3.552713678800501e-15,2.273736754432321e-13,67.647045470933,135.294090941866,True,794.9872016959259,1369.8630136986355,202.94479359793235,11.583606940521252,24.000000000000096,8760.0,36181.505463310445,135.294090941866,67.647045470933
poland_pulawy,2019,flex_ml0p6_b24,high_investment_small_cavern,2.0,73.5184666080091,0,infeasible,2,The problem is infeasible. (HiGHS Status 8: model_status is Infeasible; primal_status is None),highs-ds,hourly,cyclic,True,0.6,1.5,0.6,24.0,0.4444444444444445,0.0,0.587,0,,,,,,,,,,,,,,False,,,,,,,,,
poland_pulawy,2019,flex_ml0p6_b24,high_investment_small_cavern,2.0,73.5184666080091,1,infeasible,2,The problem is infeasible. (HiGHS Status 8: model_status is Infeasible; primal_status is None),highs-ds,hourly,cyclic,True,0.6,1.5,0.6,24.0,0.4444444444444445,0.0,0.587,1,,,,,,,,,,,,,,False,,,,,,,,,
poland_pulawy,2019,flex_ml0p6_b24,high_investment_small_cavern,2.0,73.5184666080091,2,infeasible,2,The problem is infeasible. (HiGHS Status 8: model_status is Infeasible; primal_status is None),highs-ds,hourly,cyclic,True,0.6,1.5,0.6,24.0,0.4444444444444445,0.0,0.587,2,,,,,,,,,,,,,,False,,,,,,,,,
poland_pulawy,2019,flex_ml0p6_b24,high_investment_small_cavern,2.0,73.5184666080091,3,optimal,0,Optimization terminated successfully. (HiGHS Status 7: Optimal),highs-ds,hourly,cyclic,True,0.6,1.5,0.6,24.0,0.4444444444444445,0.0,0.587,3,16457.193773961753,92.68890599021474,6.401759412131596,580.2572536990291,5.3148596634855486e-12,1.5631940186722204e-12,2.0398882583094744e-10,2.0372681319713595e-10,0.0,2.997602166487923e-15,4.458655666894629e-13,101.47056820639948,202.94113641279895,True,939.3375441758992,365.3972267198399,580.2572536990291,33.11970626136011,6.401759412131596,8760.0,54272.25819496567,202.94113641279895,101.47056820639948
poland_pulawy,2019,flex_ml0p6_b24,high_investment_small_cavern,2.0,73.5184666080091,4,optimal,0,Optimization terminated successfully. (HiGHS Status 7: Optimal),highs-ds,hourly,cyclic,True,0.6,1.5,0.6,24.0,0.4444444444444445,0.0,0.587,4,14032.672941943323,79.03371139526314,24.0,204266.3522945864,8.526512829121202e-14,9.094947017729282e-13,1.208673161556817e-10,1.200533006340265e-10,0.0,0.0,0.0,135.294090941866,270.588181883732,False,800.9516519374043,1369.86301369863,204266.3522945864,11659.038372978675,15.884515241112414,8760.0,72363.01092662089,270.588181883732,135.294090941866
poland_pulawy,2019,rigid,high_investment_small_cavern,2.0,73.5184666080091,0,infeasible,2,The problem is infeasible. (HiGHS Status 8: model_status is Infeasible; primal_status is None),highs-ds,hourly,cyclic,False,1.0,1.5,0.6,0.0,0.4444444444444445,0.0,0.587,0,,,,,,,,,,,,,,False,,,,,,,,,
poland_pulawy,2019,rigid,high_investment_small_cavern,2.0,73.5184666080091,1,infeasible,2,The problem is infeasible. (HiGHS Status 8: model_status is Infeasible; primal_status is None),highs-ds,hourly,cyclic,False,1.0,1.5,0.6,0.0,0.4444444444444445,0.0,0.587,1,,,,,,,,,,,,,,False,,,,,,,,,
poland_pulawy,2019,rigid,high_investment_small_cavern,2.0,73.5184666080091,2,infeasible,2,The problem is infeasible. (HiGHS Status 8: model_status is Infeasible; primal_status is None),highs-ds,hourly,cyclic,False,1.0,1.5,0.6,0.0,0.4444444444444445,0.0,0.587,2,,,,,,,,,,,,,,False,,,,,,,,,
poland_pulawy,2019,rigid,high_investment_small_cavern,2.0,73.5184666080091,3,optimal,0,Optimization terminated successfully. (HiGHS Status 7: Optimal),highs-ds,hourly,cyclic,False,1.0,1.5,0.6,0.0,0.4444444444444445,0.0,0.587,3,38300.05177943218,215.71052437997477,-0.0,1394.35547232558,5.2864379540551446e-12,3.637978807091713e-12,0.0,0.0,0.0,8.881784197001252e-16,0.0,101.47056820639948,177.55300484072126,True,2186.076014807773,-0.0,1394.35547232558,79.58649956196233,0.0,8760.0,54272.25819496567,202.94113641279895,101.47056820639948
poland_pulawy,2019,rigid,high_investment_small_cavern,2.0,73.5184666080091,4,optimal,0,Optimization terminated successfully. (HiGHS Status 7: Optimal),highs-ds,hourly,cyclic,False,1.0,1.5,0.6,0.0,0.4444444444444445,0.0,0.587,4,18912.27027842335,106.51619382836758,0.0,203482.49903819727,2.8421709430404014e-14,1.7621459846850485e-12,0.0,0.0,0.0,0.0,0.0,135.294090941866,270.588181883732,False,1079.4674816451684,0.0,203482.49903819727,11614.297890308064,0.0,8760.0,72363.01092662089,270.588181883732,135.294090941866
poland_pulawy,2020,flex_ml0p4_b24,high_investment_small_cavern,2.0,73.5184666080091,0,infeasible,2,The problem is infeasible. (HiGHS Status 8: model_status is Infeasible; primal_status is None),highs-ds,hourly,cyclic,True,0.4,1.5,0.6,24.0,0.4444444444444445,0.0,0.587,0,,,,,,,,,,,,,,False,,,,,,,,,
poland_pulawy,2020,flex_ml0p4_b24,high_investment_small_cavern,2.0,73.5184666080091,1,infeasible,2,The problem is infeasible. (HiGHS Status 8: model_status is Infeasible; primal_status is None),highs-ds,hourly,cyclic,True,0.4,1.5,0.6,24.0,0.4444444444444445,0.0,0.587,1,,,,,,,,,,,,,,False,,,,,,,,,
poland_pulawy,2020,flex_ml0p4_b24,high_investment_small_cavern,2.0,73.5184666080091,2,infeasible,2,The problem is infeasible. (HiGHS Status 8: model_status is Infeasible; primal_status is None),highs-ds,hourly,cyclic,True,0.4,1.5,0.6,24.0,0.4444444444444445,0.0,0.587,2,,,,,,,,,,,,,,False,,,,,,,,,
poland_pulawy,2020,flex_ml0p4_b24,high_investment_small_cavern,2.0,73.5184666080091,3,optimal,0,Optimization terminated successfully. (HiGHS Status 7: Optimal),highs-ds,hourly,cyclic,True,0.4,1.5,0.6,24.0,0.4444444444444445,0.0,0.587,3,38731.06199482001,218.13802604785403,23.99999999999851,489.7100870150281,5.400124791776762e-12,3.552713678800501e-12,2.1112933623612662e-10,2.1282176021486518e-10,0.0,3.552713678800501e-15,2.3376856006507296e-12,101.47056820639948,202.94113641279895,True,2210.6770544988594,1369.8630136985453,489.7100870150281,27.951488984876036,23.99999999999851,8784.0,54272.25819496567,202.94113641279895,101.47056820639948
poland_pulawy,2020,flex_ml0p4_b24,high_investment_small_cavern,2.0,73.5184666080091,4,optimal,0,Optimization terminated successfully. (HiGHS Status 7: Optimal),highs-ds,hourly,cyclic,True,0.4,1.5,0.6,24.0,0.4444444444444445,0.0,0.587,4,35099.23494314498,197.6831367885421,24.0,206182.4380324265,1.1368683772161605e-13,3.524291969370097e-12,1.7335888280456402e-10,1.7462298274040222e-10,0.0,0.0,0.0,135.294090941866,266.32950726108186,False,2003.3809899055352,1369.86301369863,206182.4380324265,11768.403997284617,24.0,8784.0,72363.01092662089,270.588181883732,135.294090941866
poland_pulawy,2020,flex_ml0p6_b24,high_investment_small_cavern,2.0,73.5184666080091,0,infeasible,2,The problem is infeasible. (HiGHS Status 8: model_status is Infeasible; primal_status is None),highs-ds,hourly,cyclic,True,0.6,1.5,0.6,24.0,0.4444444444444445,0.0,0.587,0,,,,,,,,,,,,,,False,,,,,,,,,
poland_pulawy,2020,flex_ml0p6_b24,high_investment_small_cavern,2.0,73.5184666080091,1,infeasible,2,The problem is infeasible. (HiGHS Status 8: model_status is Infeasible; primal_status is None),highs-ds,hourly,cyclic,True,0.6,1.5,0.6,24.0,0.4444444444444445,0.0,0.587,1,,,,,,,,,,,,,,False,,,,,,,,,
poland_pulawy,2020,flex_ml0p6_b24,high_investment_small_cavern,2.0,73.5184666080091,2,infeasible,2,The problem is infeasible. (HiGHS Status 8: model_status is Infeasible; primal_status is None),highs-ds,hourly,cyclic,True,0.6,1.5,0.6,24.0,0.4444444444444445,0.0,0.587,2,,,,,,,,,,,,,,False,,,,,,,,,
poland_pulawy,2020,flex_ml0p6_b24,high_investment_small_cavern,2.0,73.5184666080091,3,infeasible,2,The problem is infeasible. (HiGHS Status 8: model_status is Infeasible; primal_status is None),highs-ds,hourly,cyclic,True,0.6,1.5,0.6,24.0,0.4444444444444445,0.0,0.587,3,,,,,,,,,,,,,,False,,,,,,,,,
poland_pulawy,2020,flex_ml0p6_b24,high_investment_small_cavern,2.0,73.5184666080091,4,optimal,0,Optimization terminated successfully. (HiGHS Status 7: Optimal),highs-ds,hourly,cyclic,True,0.6,1.5,0.6,24.0,0.4444444444444445,0.0,0.587,4,36413.54601536463,205.0854957257997,23.9999999999997,551.7550706771231,5.3432813729159526e-12,3.606004383982509e-12,3.8619774045400845e-10,3.892637323588133e-10,0.0,3.552713678800501e-15,3.451461338954687e-12,135.294090941866,165.30392241936624,True,2078.398745169214,1369.863013698613,551.7550706771231,31.49286933088602,23.9999999999997,8784.0,72363.01092662089,270.588181883732,135.294090941866
poland_pulawy,2020,rigid,high_investment_small_cavern,2.0,73.5184666080091,0,infeasible,2,The problem is infeasible. (HiGHS Status 8: model_status is Infeasible; primal_status is None),highs-ds,hourly,cyclic,False,1.0,1.5,0.6,0.0,0.4444444444444445,0.0,0.587,0,,,,,,,,,,,,,,False,,,,,,,,,
poland_pulawy,2020,rigid,high_investment_small_cavern,2.0,73.5184666080091,1,infeasible,2,The problem is infeasible. (HiGHS Status 8: model_status is Infeasible; primal_status is None),highs-ds,hourly,cyclic,False,1.0,1.5,0.6,0.0,0.4444444444444445,0.0,0.587,1,,,,,,,,,,,,,,False,,,,,,,,,
poland_pulawy,2020,rigid,high_investment_small_cavern,2.0,73.5184666080091,2,infeasible,2,The problem is infeasible. (HiGHS Status 8: model_status is Infeasible; primal_status is None),highs-ds,hourly,cyclic,False,1.0,1.5,0.6,0.0,0.4444444444444445,0.0,0.587,2,,,,,,,,,,,,,,False,,,,,,,,,
poland_pulawy,2020,rigid,high_investment_small_cavern,2.0,73.5184666080091,3,infeasible,2,The problem is infeasible. (HiGHS Status 8: model_status is Infeasible; primal_status is None),highs-ds,hourly,cyclic,False,1.0,1.5,0.6,0.0,0.4444444444444445,0.0,0.587,3,,,,,,,,,,,,,,False,,,,,,,,,
poland_pulawy,2020,rigid,high_investment_small_cavern,2.0,73.5184666080091,4,optimal,0,Optimization terminated successfully. (HiGHS Status 7: Optimal),highs-ds,hourly,cyclic,False,1.0,1.5,0.6,0.0,0.4444444444444445,0.0,0.587,4,65204.84743997522,367.2415879329613,-0.0,1381.8149065234002,5.1727511163335285e-12,3.637978807091713e-12,0.0,0.0,0.0,3.552713678800501e-15,0.0,135.294090941866,177.55300484072126,True,3721.7378675784944,-0.0,1381.8149065234002,78.87071384265982,0.0,8784.0,72363.01092662089,270.588181883732,135.294090941866
poland_pulawy,2021,flex_ml0p4_b24,high_investment_small_cavern,2.0,73.5184666080091,0,infeasible,2,The problem is infeasible. (HiGHS Status 8: model_status is Infeasible; primal_status is None),highs-ds,hourly,cyclic,True,0.4,1.5,0.6,24.0,0.4444444444444445,0.0,0.587,0,,,,,,,,,,,,,,False,,,,,,,,,
poland_pulawy,2021,flex_ml0p4_b24,high_investment_small_cavern,2.0,73.5184666080091,1,infeasible,2,The problem is infeasible. (HiGHS Status 8: model_status is Infeasible; primal_status is None),highs-ds,hourly,cyclic,True,0.4,1.5,0.6,24.0,0.4444444444444445,0.0,0.587,1,,,,,,,,,,,,,,False,,,,,,,,,
poland_pulawy,2021,flex_ml0p4_b24,high_investment_small_cavern,2.0,73.5184666080091,2,optimal,0,Optimization terminated successfully. (HiGHS Status 7: Optimal),highs-ds,hourly,cyclic,True,0.4,1.5,0.6,24.0,0.4444444444444445,0.0,0.587,2,35453.10342405228,199.6761668767952,23.99999999998476,620.2722568413121,7.8017592386459e-12,8.116174399219743e-11,1.7543666519515002e-10,1.782609615474939e-10,0.0,3.552713678800501e-15,8.867395706602109e-11,67.647045470933,135.294090941866,True,2023.5789625600617,1369.8630136977604,620.2722568413121,35.40366762792877,23.99999999998476,8760.0,36181.505463310445,135.294090941866,67.647045470933
poland_pulawy,2021,flex_ml0p6_b24,high_investment_small_cavern,2.0,73.5184666080091,0,infeasible,2,The problem is infeasible. (HiGHS Status 8: model_status is Infeasible; primal_status is None),highs-ds,hourly,cyclic,True,0.6,1.5,0.6,24.0,0.4444444444444445,0.0,0.587,0,,,,,,,,,,,,,,False,,,,,,,,,
poland_pulawy,2021,flex_ml0p6_b24,high_investment_small_cavern,2.0,73.5184666080091,1,infeasible,2,The problem is infeasible. (HiGHS Status 8: model_status is Infeasible; primal_status is None),highs-ds,hourly,cyclic,True,0.6,1.5,0.6,24.0,0.4444444444444445,0.0,0.587,1,,,,,,,,,,,,,,False,,,,,,,,,
poland_pulawy,2021,flex_ml0p6_b24,high_investment_small_cavern,2.0,73.5184666080091,2,infeasible,2,The problem is infeasible. (HiGHS Status 8: model_status is Infeasible; primal_status is None),highs-ds,hourly,cyclic,True,0.6,1.5,0.6,24.0,0.4444444444444445,0.0,0.587,2,,,,,,,,,,,,,,False,,,,,,,,,
poland_pulawy,2021,flex_ml0p6_b24,high_investment_small_cavern,2.0,73.5184666080091,3,optimal,0,Optimization terminated successfully. (HiGHS Status 7: Optimal),highs-ds,hourly,cyclic,True,0.6,1.5,0.6,24.0,0.4444444444444445,0.0,0.587,3,34059.81424738472,191.8289937021285,22.60448526554024,1171.1286950430265,4.263256414560601e-12,3.581135388230905e-12,3.6601477404474276e-10,3.67435859516263e-10,0.0,3.552713678800501e-15,1.0658141036401504e-14,101.47056820639948,159.79770435664912,True,1944.0533246224156,1290.2103462066348,1171.1286950430265,66.84524515085766,22.60448526554024,8760.0,54272.25819496567,202.94113641279895,101.47056820639948
poland_pulawy,2021,flex_ml0p6_b24,high_investment_small_cavern,2.0,73.5184666080091,4,optimal,0,Optimization terminated successfully. (HiGHS Status 7: Optimal),highs-ds,hourly,cyclic,True,0.6,1.5,0.6,24.0,0.4444444444444445,0.0,0.587,4,24638.780306315748,138.7685909817107,24.0,210217.830722726,8.526512829121202e-14,1.8189894035458565e-12,3.2575542263657553e-10,3.2741809263825417e-10,0.0,0.0,0.0,135.294090941866,270.588181883732,False,1406.3230768445062,1369.86301369863,210217.830722726,11998.73463029258,24.0,8760.0,72363.01092662089,270.588181883732,135.294090941866
poland_pulawy,2021,rigid,high_investment_small_cavern,2.0,73.5184666080091,0,infeasible,2,The problem is infeasible. (HiGHS Status 8: model_status is Infeasible; primal_status is None),highs-ds,hourly,cyclic,False,1.0,1.5,0.6,0.0,0.4444444444444445,0.0,0.587,0,,,,,,,,,,,,,,False,,,,,,,,,
poland_pulawy,2021,rigid,high_investment_small_cavern,2.0,73.5184666080091,1,infeasible,2,The problem is infeasible. (HiGHS Status 8: model_status is Infeasible; primal_status is None),highs-ds,hourly,cyclic,False,1.0,1.5,0.6,0.0,0.4444444444444445,0.0,0.587,1,,,,,,,,,,,,,,False,,,,,,,,,
poland_pulawy,2021,rigid,high_investment_small_cavern,2.0,73.5184666080091,2,infeasible,2,The problem is infeasible. (HiGHS Status 8: model_status is Infeasible; primal_status is None),highs-ds,hourly,cyclic,False,1.0,1.5,0.6,0.0,0.4444444444444445,0.0,0.587,2,,,,,,,,,,,,,,False,,,,,,,,,
poland_pulawy,2021,rigid,high_investment_small_cavern,2.0,73.5184666080091,3,infeasible,2,The problem is infeasible. (HiGHS Status 8: model_status is Infeasible; primal_status is None),highs-ds,hourly,cyclic,False,1.0,1.5,0.6,0.0,0.4444444444444445,0.0,0.587,3,,,,,,,,,,,,,,False,,,,,,,,,
poland_pulawy,2021,rigid,high_investment_small_cavern,2.0,73.5184666080091,4,optimal,0,Optimization terminated successfully. (HiGHS Status 7: Optimal),highs-ds,hourly,cyclic,False,1.0,1.5,0.6,0.0,0.4444444444444445,0.0,0.587,4,42596.97096169207,239.91129296800605,-0.0,922.040108290154,6.679101716144942e-12,3.623767952376511e-12,0.0,0.0,0.0,3.552713678800501e-15,1.8829382497642652e-13,135.294090941866,177.55300484072126,True,2431.333959000689,-0.0,922.040108290154,52.627860062223405,0.0,8760.0,72363.01092662089,270.588181883732,135.294090941866
poland_pulawy,2022,flex_ml0p4_b24,high_investment_small_cavern,2.0,73.5184666080091,0,infeasible,2,The problem is infeasible. (HiGHS Status 8: model_status is Infeasible; primal_status is None),highs-ds,hourly,cyclic,True,0.4,1.5,0.6,24.0,0.4444444444444445,0.0,0.587,0,,,,,,,,,,,,,,False,,,,,,,,,
poland_pulawy,2022,flex_ml0p4_b24,high_investment_small_cavern,2.0,73.5184666080091,1,infeasible,2,The problem is infeasible. (HiGHS Status 8: model_status is Infeasible; primal_status is None),highs-ds,hourly,cyclic,True,0.4,1.5,0.6,24.0,0.4444444444444445,0.0,0.587,1,,,,,,,,,,,,,,False,,,,,,,,,
poland_pulawy,2022,flex_ml0p4_b24,high_investment_small_cavern,2.0,73.5184666080091,2,infeasible,2,The problem is infeasible. (HiGHS Status 8: model_status is Infeasible; primal_status is None),highs-ds,hourly,cyclic,True,0.4,1.5,0.6,24.0,0.4444444444444445,0.0,0.587,2,,,,,,,,,,,,,,False,,,,,,,,,
poland_pulawy,2022,flex_ml0p4_b24,high_investment_small_cavern,2.0,73.5184666080091,3,infeasible,2,The problem is infeasible. (HiGHS Status 8: model_status is Infeasible; primal_status is None),highs-ds,hourly,cyclic,True,0.4,1.5,0.6,24.0,0.4444444444444445,0.0,0.587,3,,,,,,,,,,,,,,False,,,,,,,,,
poland_pulawy,2022,flex_ml0p4_b24,high_investment_small_cavern,2.0,73.5184666080091,4,optimal,0,Optimization terminated successfully. (HiGHS Status 7: Optimal),highs-ds,hourly,cyclic,True,0.4,1.5,0.6,24.0,0.4444444444444445,0.0,0.587,4,56953.915351203344,320.7713403797103,24.00000000000161,669.2753145599409,5.057643193140392e-10,1.049329512170516e-10,1.6862333751532788e-10,1.7098500393331048e-10,0.0,3.552713678800501e-15,0.0,135.294090941866,266.32950726108186,True,3250.79425520567,1369.863013698722,669.2753145599409,38.2006458082158,24.00000000000161,8760.0,72363.01092662089,270.588181883732,135.294090941866
poland_pulawy,2022,flex_ml0p6_b24,high_investment_small_cavern,2.0,73.5184666080091,0,infeasible,2,The problem is infeasible. (HiGHS Status 8: model_status is Infeasible; primal_status is None),highs-ds,hourly,cyclic,True,0.6,1.5,0.6,24.0,0.4444444444444445,0.0,0.587,0,,,,,,,,,,,,,,False,,,,,,,,,
poland_pulawy,2022,flex_ml0p6_b24,high_investment_small_cavern,2.0,73.5184666080091,1,infeasible,2,The problem is infeasible. (HiGHS Status 8: model_status is Infeasible; primal_status is None),highs-ds,hourly,cyclic,True,0.6,1.5,0.6,24.0,0.4444444444444445,0.0,0.587,1,,,,,,,,,,,,,,False,,,,,,,,,
poland_pulawy,2022,flex_ml0p6_b24,high_investment_small_cavern,2.0,73.5184666080091,2,infeasible,2,The problem is infeasible. (HiGHS Status 8: model_status is Infeasible; primal_status is None),highs-ds,hourly,cyclic,True,0.6,1.5,0.6,24.0,0.4444444444444445,0.0,0.587,2,,,,,,,,,,,,,,False,,,,,,,,,
poland_pulawy,2022,flex_ml0p6_b24,high_investment_small_cavern,2.0,73.5184666080091,3,infeasible,2,The problem is infeasible. (HiGHS Status 8: model_status is Infeasible; primal_status is None),highs-ds,hourly,cyclic,True,0.6,1.5,0.6,24.0,0.4444444444444445,0.0,0.587,3,,,,,,,,,,,,,,False,,,,,,,,,
poland_pulawy,2022,flex_ml0p6_b24,high_investment_small_cavern,2.0,73.5184666080091,4,optimal,0,Optimization terminated successfully. (HiGHS Status 7: Optimal),highs-ds,hourly,cyclic,True,0.6,1.5,0.6,24.0,0.4444444444444445,0.0,0.587,4,57196.95165866092,322.1401502608812,24.000000000001336,731.0791384519416,5.2864379540551446e-12,3.637978807091713e-12,4.1632874925312535e-10,4.165485734120011e-10,0.0,3.219646771412954e-15,0.0,135.294090941866,264.3316580289739,True,3264.666190562838,1369.8630136987065,731.0791384519416,41.72826132716562,24.000000000001336,8760.0,72363.01092662089,270.588181883732,135.294090941866
poland_pulawy,2022,rigid,high_investment_small_cavern,2.0,73.5184666080091,0,infeasible,2,The problem is infeasible. (HiGHS Status 8: model_status is Infeasible; primal_status is None),highs-ds,hourly,cyclic,False,1.0,1.5,0.6,0.0,0.4444444444444445,0.0,0.587,0,,,,,,,,,,,,,,False,,,,,,,,,
poland_pulawy,2022,rigid,high_investment_small_cavern,2.0,73.5184666080091,1,infeasible,2,The problem is infeasible. (HiGHS Status 8: model_status is Infeasible; primal_status is None),highs-ds,hourly,cyclic,False,1.0,1.5,0.6,0.0,0.4444444444444445,0.0,0.587,1,,,,,,,,,,,,,,False,,,,,,,,,
poland_pulawy,2022,rigid,high_investment_small_cavern,2.0,73.5184666080091,2,infeasible,2,The problem is infeasible. (HiGHS Status 8: model_status is Infeasible; primal_status is None),highs-ds,hourly,cyclic,False,1.0,1.5,0.6,0.0,0.4444444444444445,0.0,0.587,2,,,,,,,,,,,,,,False,,,,,,,,,
poland_pulawy,2022,rigid,high_investment_small_cavern,2.0,73.5184666080091,4,infeasible,2,The problem is infeasible. (HiGHS Status 8: model_status is Infeasible; primal_status is None),highs-ds,hourly,cyclic,False,1.0,1.5,0.6,0.0,0.4444444444444445,0.0,0.587,4,,,,,,,,,,,,,,False,,,,,,,,,
poland_pulawy,2022,rigid,high_investment_small_cavern,2.0,73.5184666080091,5,optimal,0,Optimization terminated successfully. (HiGHS Status 7: Optimal),highs-ds,hourly,cyclic,False,1.0,1.5,0.6,0.0,0.4444444444444445,0.0,0.587,5,67824.86967998304,381.9978701054774,-0.0,1068.531718916821,6.59383658785373e-12,7.275957614183426e-12,0.0,0.0,0.0,3.552713678800501e-15,3.3750779948604764e-13,169.11761367733249,177.55300484072126,True,3871.282515980767,-0.0,1068.531718916821,60.98925336283226,0.0,8760.0,90453.76365827612,338.23522735466497,169.11761367733249
poland_pulawy,2022,rigid,high_investment_small_cavern,2.0,73.5184666080091,6,optimal,0,Optimization terminated successfully. (HiGHS Status 7: Optimal),highs-ds,hourly,cyclic,False,1.0,1.5,0.6,0.0,0.4444444444444445,0.0,0.587,6,63507.39149538929,357.68131072949353,0.0,205224.39516350644,5.684341886080803e-14,3.637978807091713e-12,0.0,0.0,0.0,0.0,0.0,202.94113641279895,202.94113641279895,False,3624.8511127505294,0.0,205224.39516350644,11713.721185131646,0.0,8760.0,108544.51638993132,405.882272825598,202.94113641279895
poland_pulawy,2022,rigid,high_investment_small_cavern,2.0,73.5184666080091,8,optimal,0,Optimization terminated successfully. (HiGHS Status 7: Optimal),highs-ds,hourly,cyclic,False,1.0,1.5,0.6,0.0,0.4444444444444445,0.0,0.587,8,57355.97943498531,323.03581393307337,0.0,205282.4583676834,5.684341886080803e-14,3.637978807091713e-12,0.0,0.0,0.0,0.0,0.0,270.588181883732,448.1411867244532,False,3273.743118435235,0.0,205282.4583676834,11717.035294959098,0.0,8760.0,144726.02185324178,541.176363767464,270.588181883732
poland_pulawy,2023,flex_ml0p4_b24,high_investment_small_cavern,2.0,73.5184666080091,0,infeasible,2,The problem is infeasible. (HiGHS Status 8: model_status is Infeasible; primal_status is None),highs-ds,hourly,cyclic,True,0.4,1.5,0.6,24.0,0.4444444444444445,0.0,0.587,0,,,,,,,,,,,,,,False,,,,,,,,,
poland_pulawy,2023,flex_ml0p4_b24,high_investment_small_cavern,2.0,73.5184666080091,1,infeasible,2,The problem is infeasible. (HiGHS Status 8: model_status is Infeasible; primal_status is None),highs-ds,hourly,cyclic,True,0.4,1.5,0.6,24.0,0.4444444444444445,0.0,0.587,1,,,,,,,,,,,,,,False,,,,,,,,,
poland_pulawy,2023,flex_ml0p4_b24,high_investment_small_cavern,2.0,73.5184666080091,2,optimal,0,Optimization terminated successfully. (HiGHS Status 7: Optimal),highs-ds,hourly,cyclic,True,0.4,1.5,0.6,24.0,0.4444444444444445,0.0,0.587,2,24301.0267911212,136.86632232961134,24.000000000000515,223.1861867474964,5.1443294069031245e-12,3.0127011996228248e-12,1.8380585942168184e-10,1.8371792975813148e-10,0.0,3.552713678800501e-15,0.0,67.647045470933,135.294090941866,True,1387.044908169018,1369.8630136986596,223.1861867474964,12.738937599742943,24.000000000000515,8760.0,36181.505463310445,135.294090941866,67.647045470933
poland_pulawy,2023,flex_ml0p6_b24,high_investment_small_cavern,2.0,73.5184666080091,0,infeasible,2,The problem is infeasible. (HiGHS Status 8: model_status is Infeasible; primal_status is None),highs-ds,hourly,cyclic,True,0.6,1.5,0.6,24.0,0.4444444444444445,0.0,0.587,0,,,,,,,,,,,,,,False,,,,,,,,,
poland_pulawy,2023,flex_ml0p6_b24,high_investment_small_cavern,2.0,73.5184666080091,1,infeasible,2,The problem is infeasible. (HiGHS Status 8: model_status is Infeasible; primal_status is None),highs-ds,hourly,cyclic,True,0.6,1.5,0.6,24.0,0.4444444444444445,0.0,0.587,1,,,,,,,,,,,,,,False,,,,,,,,,
poland_pulawy,2023,flex_ml0p6_b24,high_investment_small_cavern,2.0,73.5184666080091,2,infeasible,2,The problem is infeasible. (HiGHS Status 8: model_status is Infeasible; primal_status is None),highs-ds,hourly,cyclic,True,0.6,1.5,0.6,24.0,0.4444444444444445,0.0,0.587,2,,,,,,,,,,,,,,False,,,,,,,,,
poland_pulawy,2023,flex_ml0p6_b24,high_investment_small_cavern,2.0,73.5184666080091,3,optimal,0,Optimization terminated successfully. (HiGHS Status 7: Optimal),highs-ds,hourly,cyclic,True,0.6,1.5,0.6,24.0,0.4444444444444445,0.0,0.587,3,34377.46508573409,193.6180416466245,3.696472302240695,1201.106508492357,4.263256414560601e-12,3.623767952376511e-12,2.5974711270748685e-10,2.601154847070575e-10,0.0,2.886579864025407e-15,3.5527136788005016e-14,101.47056820639948,202.94113641279895,True,1962.184080235964,210.98586200003967,1201.106508492357,68.55630756234915,3.696472302240695,8760.0,54272.25819496567,202.94113641279895,101.47056820639948
poland_pulawy,2023,flex_ml0p6_b24,high_investment_small_cavern,2.0,73.5184666080091,4,optimal,0,Optimization terminated successfully. (HiGHS Status 7: Optimal),highs-ds,hourly,cyclic,True,0.6,1.5,0.6,24.0,0.4444444444444445,0.0,0.587,4,24276.348210351603,136.72732957760618,24.0,207779.1761472932,8.526512829121202e-14,1.8189894035458565e-12,3.3687053146991275e-10,3.3651303965598345e-10,0.0,0.0,0.0,135.294090941866,270.588181883732,False,1385.636313376233,1369.86301369863,207779.1761472932,11859.542017539565,24.0,8760.0,72363.01092662089,270.588181883732,135.294090941866
poland_pulawy,2023,rigid,high_investment_small_cavern,2.0,73.5184666080091,0,infeasible,2,The problem is infeasible. (HiGHS Status 8: model_status is Infeasible; primal_status is None),highs-ds,hourly,cyclic,False,1.0,1.5,0.6,0.0,0.4444444444444445,0.0,0.587,0,,,,,,,,,,,,,,False,,,,,,,,,
poland_pulawy,2023,rigid,high_investment_small_cavern,2.0,73.5184666080091,1,infeasible,2,The problem is infeasible. (HiGHS Status 8: model_status is Infeasible; primal_status is None),highs-ds,hourly,cyclic,False,1.0,1.5,0.6,0.0,0.4444444444444445,0.0,0.587,1,,,,,,,,,,,,,,False,,,,,,,,,
poland_pulawy,2023,rigid,high_investment_small_cavern,2.0,73.5184666080091,2,infeasible,2,The problem is infeasible. (HiGHS Status 8: model_status is Infeasible; primal_status is None),highs-ds,hourly,cyclic,False,1.0,1.5,0.6,0.0,0.4444444444444445,0.0,0.587,2,,,,,,,,,,,,,,False,,,,,,,,,
poland_pulawy,2023,rigid,high_investment_small_cavern,2.0,73.5184666080091,3,infeasible,2,The problem is infeasible. (HiGHS Status 8: model_status is Infeasible; primal_status is None),highs-ds,hourly,cyclic,False,1.0,1.5,0.6,0.0,0.4444444444444445,0.0,0.587,3,,,,,,,,,,,,,,False,,,,,,,,,
poland_pulawy,2023,rigid,high_investment_small_cavern,2.0,73.5184666080091,4,optimal,0,Optimization terminated successfully. (HiGHS Status 7: Optimal),highs-ds,hourly,cyclic,False,1.0,1.5,0.6,0.0,0.4444444444444445,0.0,0.587,4,33800.505081522744,190.36853311406588,-0.0,1154.5204962183714,6.565414878423326e-12,3.353761712787673e-12,0.0,0.0,0.0,3.552713678800501e-15,0.0,135.294090941866,177.55300484072126,True,1929.2525731462752,-0.0,1154.5204962183714,65.897288596939,0.0,8760.0,72363.01092662089,270.588181883732,135.294090941866
poland_tarnow,2015,flex_ml0p4_b24,high_investment_small_cavern,2.0,17.334202419093764,0,infeasible,2,The problem is infeasible. (HiGHS Status 8: model_status is Infeasible; primal_status is None),highs-ds,hourly,cyclic,True,0.4,1.5,0.6,24.0,0.4444444444444445,0.0,0.587,0,,,,,,,,,,,,,,False,,,,,,,,,
poland_tarnow,2015,flex_ml0p4_b24,high_investment_small_cavern,2.0,17.334202419093764,1,optimal,0,Optimization terminated successfully. (HiGHS Status 7: Optimal),highs-ds,hourly,cyclic,True,0.4,1.5,0.6,24.0,0.4444444444444445,0.0,0.587,1,23616.106934340427,133.0087708486032,23.99999999999992,251.57829122972072,8.412825991399586e-12,9.272582701669307e-12,1.8313395244717867e-10,1.8371792975813148e-10,0.0,3.552713678800501e-15,1.0622613899613498e-12,143.4535876916703,266.32950726108186,True,1347.9513090376956,1369.8630136986255,251.57829122972072,14.359491508545704,23.99999999999992,8760.0,76727.17604537336,286.9071753833406,143.4535876916703
poland_tarnow,2015,flex_ml0p6_b24,high_investment_small_cavern,2.0,17.334202419093764,0,infeasible,2,The problem is infeasible. (HiGHS Status 8: model_status is Infeasible; primal_status is None),highs-ds,hourly,cyclic,True,0.6,1.5,0.6,24.0,0.4444444444444445,0.0,0.587,0,,,,,,,,,,,,,,False,,,,,,,,,
poland_tarnow,2015,flex_ml0p6_b24,high_investment_small_cavern,2.0,17.334202419093764,1,optimal,0,Optimization terminated successfully. (HiGHS Status 7: Optimal),highs-ds,hourly,cyclic,True,0.6,1.5,0.6,24.0,0.4444444444444445,0.0,0.587,1,23801.59777209119,134.0534776837095,23.08124148797878,337.64263474352447,4.433786671143025e-12,1.8189894035458565e-12,4.0420933267171217e-10,4.0381564758718014e-10,0.0,3.552713678800501e-15,0.0,143.4535876916703,159.79770435664912,True,1358.5386856216433,1317.4224593595193,337.64263474352447,19.27183988262125,23.08124148797878,8760.0,76727.17604537336,286.9071753833406,143.4535876916703
poland_tarnow,2015,rigid,high_investment_small_cavern,2.0,17.334202419093764,0,infeasible,2,The problem is infeasible. (HiGHS Status 8: model_status is Infeasible; primal_status is None),highs-ds,hourly,cyclic,False,1.0,1.5,0.6,0.0,0.4444444444444445,0.0,0.587,0,,,,,,,,,,,,,,False,,,,,,,,,
poland_tarnow,2015,rigid,high_investment_small_cavern,2.0,17.334202419093764,1,optimal,0,Optimization terminated successfully. (HiGHS Status 7: Optimal),highs-ds,hourly,cyclic,False,1.0,1.5,0.6,0.0,0.4444444444444445,0.0,0.587,1,30923.81908034804,174.16668959271675,-0.0,716.6593742005863,6.59383658785373e-12,1.811883976188256e-12,0.0,0.0,0.0,3.552713678800501e-15,5.861977570020829e-14,143.4535876916703,177.55300484072126,True,1765.0581666865316,-0.0,716.6593742005863,40.90521542240789,0.0,8760.0,76727.17604537336,286.9071753833406,143.4535876916703
poland_tarnow,2016,flex_ml0p4_b24,high_investment_small_cavern,2.0,17.334202419093764,0,infeasible,2,The problem is infeasible. (HiGHS Status 8: model_status is Infeasible; primal_status is None),highs-ds,hourly,cyclic,True,0.4,1.5,0.6,24.0,0.4444444444444445,0.0,0.587,0,,,,,,,,,,,,,,False,,,,,,,,,
poland_tarnow,2016,flex_ml0p4_b24,high_investment_small_cavern,2.0,17.334202419093764,1,optimal,0,Optimization terminated successfully. (HiGHS Status 7: Optimal),highs-ds,hourly,cyclic,True,0.4,1.5,0.6,24.0,0.4444444444444445,0.0,0.587,1,13969.337029238348,78.67699587382326,24.000000000000064,271.5580347517056,3.7118752516107634e-11,5.9117155615240335e-12,2.4446933366562007e-10,2.4556356947869057e-10,0.0,3.552713678800501e-15,0.0,143.4535876916703,266.32950726108186,True,797.3365884268463,1369.8630136986335,271.5580347517056,15.499887828293696,24.000000000000064,8784.0,76727.17604537336,286.9071753833406,143.4535876916703
poland_tarnow,2016,flex_ml0p6_b24,high_investment_small_cavern,2.0,17.334202419093764,0,infeasible,2,The problem is infeasible. (HiGHS Status 8: model_status is Infeasible; primal_status is None),highs-ds,hourly,cyclic,True,0.6,1.5,0.6,24.0,0.4444444444444445,0.0,0.587,0,,,,,,,,,,,,,,False,,,,,,,,,
poland_tarnow,2016,flex_ml0p6_b24,high_investment_small_cavern,2.0,17.334202419093764,1,optimal,0,Optimization terminated successfully. (HiGHS Status 7: Optimal),highs-ds,hourly,cyclic,True,0.6,1.5,0.6,24.0,0.4444444444444445,0.0,0.587,1,16057.03266861446,90.43515024157917,13.293155695669196,767.1363783881019,7.077005648170598e-12,9.094947017729282e-13,5.15373077547565e-10,5.165929906070231e-10,0.0,3.552713678800501e-15,0.0,143.45358769167115,256.90410833816594,True,916.4972984368984,758.7417634514381,767.1363783881019,43.78632296735741,13.293155695669196,8784.0,76727.17604537336,286.9071753833406,143.4535876916703
poland_tarnow,2016,rigid,high_investment_small_cavern,2.0,17.334202419093764,0,infeasible,2,The problem is infeasible. (HiGHS Status 8: model_status is Infeasible; primal_status is None),highs-ds,hourly,cyclic,False,1.0,1.5,0.6,0.0,0.4444444444444445,0.0,0.587,0,,,,,,,,,,,,,,False,,,,,,,,,
poland_tarnow,2016,rigid,high_investment_small_cavern,2.0,17.334202419093764,1,optimal,0,Optimization terminated successfully. (HiGHS Status 7: Optimal),highs-ds,hourly,cyclic,False,1.0,1.5,0.6,0.0,0.4444444444444445,0.0,0.587,1,46185.98567313543,260.1250579485705,-0.0,1964.3542090837927,5.9401372709544376e-12,3.637978807091713e-12,0.0,0.0,0.0,3.552713678800501e-15,0.0,143.4535876916703,177.55300484072126,True,2636.1863968684606,-0.0,1964.3542090837927,112.12067403446304,0.0,8784.0,76727.17604537336,286.9071753833406,143.4535876916703
poland_tarnow,2017,flex_ml0p4_b24,high_investment_small_cavern,2.0,17.334202419093764,0,infeasible,2,The problem is infeasible. (HiGHS Status 8: model_status is Infeasible; primal_status is None),highs-ds,hourly,cyclic,True,0.4,1.5,0.6,24.0,0.4444444444444445,0.0,0.587,0,,,,,,,,,,,,,,False,,,,,,,,,
poland_tarnow,2017,flex_ml0p4_b24,high_investment_small_cavern,2.0,17.334202419093764,1,optimal,0,Optimization terminated successfully. (HiGHS Status 7: Optimal),highs-ds,hourly,cyclic,True,0.4,1.5,0.6,24.0,0.4444444444444445,0.0,0.587,1,31290.046210530265,176.22932508858327,24.00000000000041,427.6874829811978,4.220623850414995e-11,2.8279600883251987e-12,1.2244072422618046e-10,1.2369127944111824e-10,0.0,3.552713678800501e-15,0.0,143.4535876916703,266.32950726108186,True,1785.961541696933,1369.8630136986535,427.6874829811978,24.411386014908548,24.00000000000041,8760.0,76727.17604537336,286.9071753833406,143.4535876916703
poland_tarnow,2017,flex_ml0p6_b24,high_investment_small_cavern,2.0,17.334202419093764,0,infeasible,2,The problem is infeasible. (HiGHS Status 8: model_status is Infeasible; primal_status is None),highs-ds,hourly,cyclic,True,0.6,1.5,0.6,24.0,0.4444444444444445,0.0,0.587,0,,,,,,,,,,,,,,False,,,,,,,,,
poland_tarnow,2017,flex_ml0p6_b24,high_investment_small_cavern,2.0,17.334202419093764,1,optimal,0,Optimization terminated successfully. (HiGHS Status 7: Optimal),highs-ds,hourly,cyclic,True,0.6,1.5,0.6,24.0,0.4444444444444445,0.0,0.587,1,34126.88856091011,192.20676434918445,17.72977805529188,497.5196081159132,5.9401372709544376e-12,1.5077716852829326e-11,3.1124924859682324e-10,3.110471880063414e-10,0.0,3.552713678800501e-15,0.0,143.4535876916703,159.79770435664912,True,1947.881767175235,1011.9736332929156,497.5196081159132,28.39723790615943,17.72977805529189,8760.0,76727.17604537336,286.9071753833406,143.4535876916703
poland_tarnow,2017,rigid,high_investment_small_cavern,2.0,17.334202419093764,0,infeasible,2,The problem is infeasible. (HiGHS Status 8: model_status is Infeasible; primal_status is None),highs-ds,hourly,cyclic,False,1.0,1.5,0.6,0.0,0.4444444444444445,0.0,0.587,0,,,,,,,,,,,,,,False,,,,,,,,,
poland_tarnow,2017,rigid,high_investment_small_cavern,2.0,17.334202419093764,1,optimal,0,Optimization terminated successfully. (HiGHS Status 7: Optimal),highs-ds,hourly,cyclic,False,1.0,1.5,0.6,0.0,0.4444444444444445,0.0,0.587,1,46847.24756319101,263.8493648993246,-0.0,565.8509177445707,6.0822458181064576e-12,3.609557097661309e-12,0.0,0.0,0.0,3.552713678800501e-15,0.0,143.4535876916703,177.55300484072126,True,2673.9296554332773,-0.0,565.8509177445707,32.29742681190472,0.0,8760.0,76727.17604537336,286.9071753833406,143.4535876916703
poland_tarnow,2018,flex_ml0p4_b24,high_investment_small_cavern,2.0,17.334202419093764,0,infeasible,2,The problem is infeasible. (HiGHS Status 8: model_status is Infeasible; primal_status is None),highs-ds,hourly,cyclic,True,0.4,1.5,0.6,24.0,0.4444444444444445,0.0,0.587,0,,,,,,,,,,,,,,False,,,,,,,,,
poland_tarnow,2018,flex_ml0p4_b24,high_investment_small_cavern,2.0,17.334202419093764,1,optimal,0,Optimization terminated successfully. (HiGHS Status 7: Optimal),highs-ds,hourly,cyclic,True,0.4,1.5,0.6,24.0,0.4444444444444445,0.0,0.587,1,32727.89093550267,184.3274405007232,24.00000000000032,350.32156485700995,7.787548383930698e-12,4.206412995699793e-12,1.981437236509009e-10,2.0008883439004419e-10,0.0,3.552713678800501e-15,0.0,143.4535876916703,266.32950726108186,True,1868.030304537824,1369.8630136986485,350.32156485700995,19.99552310827682,24.00000000000032,8760.0,76727.17604537336,286.9071753833406,143.4535876916703
poland_tarnow,2018,flex_ml0p6_b24,high_investment_small_cavern,2.0,17.334202419093764,0,infeasible,2,The problem is infeasible. (HiGHS Status 8: model_status is Infeasible; primal_status is None),highs-ds,hourly,cyclic,True,0.6,1.5,0.6,24.0,0.4444444444444445,0.0,0.587,0,,,,,,,,,,,,,,False,,,,,,,,,
poland_tarnow,2018,flex_ml0p6_b24,high_investment_small_cavern,2.0,17.334202419093764,1,optimal,0,Optimization terminated successfully. (HiGHS Status 7: Optimal),highs-ds,hourly,cyclic,True,0.6,1.5,0.6,24.0,0.4444444444444445,0.0,0.587,1,32727.89093550277,184.3274405007238,23.99999999999991,453.7289746064726,4.718003765447065e-12,6.3806737671257e-12,4.13616696448571e-10,4.1291059460490937e-10,0.0,1.3322676295501878e-15,4.369837824924616e-13,143.4535876916703,170.27713593656492,True,1868.0303045378296,1369.863013698625,453.7289746064726,25.89777252320049,23.99999999999991,8760.0,76727.17604537336,286.9071753833406,143.4535876916703
poland_tarnow,2018,rigid,high_investment_small_cavern,2.0,17.334202419093764,0,infeasible,2,The problem is infeasible. (HiGHS Status 8: model_status is Infeasible; primal_status is None),highs-ds,hourly,cyclic,False,1.0,1.5,0.6,0.0,0.4444444444444445,0.0,0.587,0,,,,,,,,,,,,,,False,,,,,,,,,
poland_tarnow,2018,rigid,high_investment_small_cavern,2.0,17.334202419093764,1,optimal,0,Optimization terminated successfully. (HiGHS Status 7: Optimal),highs-ds,hourly,cyclic,False,1.0,1.5,0.6,0.0,0.4444444444444445,0.0,0.587,1,43687.15986769848,246.0513687554273,-0.0,842.5694311019122,6.423306331271306e-12,3.637978807091713e-12,0.0,0.0,0.0,3.552713678800501e-15,0.0,143.4535876916707,177.55300484072126,True,2493.559353179137,-0.0,842.5694311019122,48.091862505816906,0.0,8760.0,76727.17604537336,286.9071753833406,143.4535876916703
poland_tarnow,2019,flex_ml0p4_b24,high_investment_small_cavern,2.0,17.334202419093764,0,infeasible,2,The problem is infeasible. (HiGHS Status 8: model_status is Infeasible; primal_status is None),highs-ds,hourly,cyclic,True,0.4,1.5,0.6,24.0,0.4444444444444445,0.0,0.587,0,,,,,,,,,,,,,,False,,,,,,,,,
poland_tarnow,2019,flex_ml0p4_b24,high_investment_small_cavern,2.0,17.334202419093764,1,optimal,0,Optimization terminated successfully. (HiGHS Status 7: Optimal),highs-ds,hourly,cyclic,True,0.4,1.5,0.6,24.0,0.4444444444444445,0.0,0.587,1,11617.552487715997,65.4314608650968,24.00000000000012,208.32227637786804,8.58335624798201e-12,3.609557097661309e-12,1.262261406509424e-10,1.2732925824820995e-10,0.0,3.552713678800501e-15,0.0,143.4535876916703,266.32950726108186,True,663.1023109426937,1369.8630136986371,208.32227637786804,11.89054088914772,24.00000000000012,8760.0,76727.17604537336,286.9071753833406,143.4535876916703
poland_tarnow,2019,flex_ml0p6_b24,high_investment_small_cavern,2.0,17.334202419093764,0,infeasible,2,The problem is infeasible. (HiGHS Status 8: model_status is Infeasible; primal_status is None),highs-ds,hourly,cyclic,True,0.6,1.5,0.6,24.0,0.4444444444444445,0.0,0.587,0,,,,,,,,,,,,,,False,,,,,,,,,
poland_tarnow,2019,flex_ml0p6_b24,high_investment_small_cavern,2.0,17.334202419093764,1,optimal,0,Optimization terminated successfully. (HiGHS Status 7: Optimal),highs-ds,hourly,cyclic,True,0.6,1.5,0.6,24.0,0.4444444444444445,0.0,0.587,1,14629.126066312056,82.39300753842781,14.441077023388347,279.63617425054974,5.002220859751105e-12,5.101696842757519e-12,2.9941693568957817e-10,3.0013325158506627e-10,0.0,3.552713678800501e-15,0.0,143.4535876916703,166.03620045801108,True,834.9957800406424,824.2623871797003,279.63617425054974,15.960968849917222,14.441077023388347,8760.0,76727.17604537336,286.9071753833406,143.4535876916703
poland_tarnow,2019,rigid,high_investment_small_cavern,2.0,17.334202419093764,0,infeasible,2,The problem is infeasible. (HiGHS Status 8: model_status is Infeasible; primal_status is None),highs-ds,hourly,cyclic,False,1.0,1.5,0.6,0.0,0.4444444444444445,0.0,0.587,0,,,,,,,,,,,,,,False,,,,,,,,,
poland_tarnow,2019,rigid,high_investment_small_cavern,2.0,17.334202419093764,1,optimal,0,Optimization terminated successfully. (HiGHS Status 7: Optimal),highs-ds,hourly,cyclic,False,1.0,1.5,0.6,0.0,0.4444444444444445,0.0,0.587,1,24281.90193363504,136.75860881891455,-0.0,649.2604256093363,5.9401372709544376e-12,1.8189894035458565e-12,0.0,0.0,0.0,3.552713678800501e-15,4.423128530106624e-13,143.4535876916703,177.55300484072126,True,1385.9533067143286,-0.0,649.2604256093363,37.05824347085253,0.0,8760.0,76727.17604537336,286.9071753833406,143.4535876916703
poland_tarnow,2020,flex_ml0p4_b24,high_investment_small_cavern,2.0,17.334202419093764,0,infeasible,2,The problem is infeasible. (HiGHS Status 8: model_status is Infeasible; primal_status is None),highs-ds,hourly,cyclic,True,0.4,1.5,0.6,24.0,0.4444444444444445,0.0,0.587,0,,,,,,,,,,,,,,False,,,,,,,,,
poland_tarnow,2020,flex_ml0p4_b24,high_investment_small_cavern,2.0,17.334202419093764,1,optimal,0,Optimization terminated successfully. (HiGHS Status 7: Optimal),highs-ds,hourly,cyclic,True,0.4,1.5,0.6,24.0,0.4444444444444445,0.0,0.587,1,33338.03176769603,187.7638274700156,24.000000000000483,587.5070430002058,3.1718627724330866e-11,1.3301360013429075e-11,1.7558421383512268e-10,1.782609615474939e-10,0.0,3.552713678800501e-15,0.0,143.4535876916703,266.32950726108186,True,1902.855694503198,1369.8630136986578,587.5070430002058,33.533507020559696,24.000000000000483,8784.0,76727.17604537336,286.9071753833406,143.4535876916703
poland_tarnow,2020,flex_ml0p6_b24,high_investment_small_cavern,2.0,17.334202419093764,0,infeasible,2,The problem is infeasible. (HiGHS Status 8: model_status is Infeasible; primal_status is None),highs-ds,hourly,cyclic,True,0.6,1.5,0.6,24.0,0.4444444444444445,0.0,0.587,0,,,,,,,,,,,,,,False,,,,,,,,,
poland_tarnow,2020,flex_ml0p6_b24,high_investment_small_cavern,2.0,17.334202419093764,1,optimal,0,Optimization terminated successfully. (HiGHS Status 7: Optimal),highs-ds,hourly,cyclic,True,0.6,1.5,0.6,24.0,0.4444444444444445,0.0,0.587,1,34574.922572209165,194.73014609482692,23.99999999999996,855.7486634249283,4.916955731459893e-12,3.623767952376511e-12,4.023466004809961e-10,4.0381564758718014e-10,0.0,3.552713678800501e-15,0.0,143.4535876916703,181.6782053455429,True,1973.454484715135,1369.8630136986278,855.7486634249283,48.844101793660286,23.99999999999996,8784.0,76727.17604537336,286.9071753833406,143.4535876916703
poland_tarnow,2020,rigid,high_investment_small_cavern,2.0,17.334202419093764,0,infeasible,2,The problem is infeasible. (HiGHS Status 8: model_status is Infeasible; primal_status is None),highs-ds,hourly,cyclic,False,1.0,1.5,0.6,0.0,0.4444444444444445,0.0,0.587,0,,,,,,,,,,,,,,False,,,,,,,,,
poland_tarnow,2020,rigid,high_investment_small_cavern,2.0,17.334202419093764,1,optimal,0,Optimization terminated successfully. (HiGHS Status 7: Optimal),highs-ds,hourly,cyclic,False,1.0,1.5,0.6,0.0,0.4444444444444445,0.0,0.587,1,75923.8347590626,427.6122210782754,-0.0,1634.6870199586417,5.9401372709544376e-12,7.275957614183426e-12,0.0,0.0,0.0,3.552713678800501e-15,0.0,143.4535876916703,177.55300484072126,True,4333.552212275263,-0.0,1634.6870199586417,93.3040536506074,0.0,8784.0,76727.17604537336,286.9071753833406,143.4535876916703
poland_tarnow,2021,flex_ml0p4_b24,high_investment_small_cavern,2.0,17.334202419093764,0,infeasible,2,The problem is infeasible. (HiGHS Status 8: model_status is Infeasible; primal_status is None),highs-ds,hourly,cyclic,True,0.4,1.5,0.6,24.0,0.4444444444444445,0.0,0.587,0,,,,,,,,,,,,,,False,,,,,,,,,
poland_tarnow,2021,flex_ml0p4_b24,high_investment_small_cavern,2.0,17.334202419093764,1,optimal,0,Optimization terminated successfully. (HiGHS Status 7: Optimal),highs-ds,hourly,cyclic,True,0.4,1.5,0.6,24.0,0.4444444444444445,0.0,0.587,1,23839.999810895075,134.2697626113475,23.99999999999991,236.3764544125297,7.617018127348274e-12,1.8047785488306545e-12,1.6667911495460428e-10,1.673470251262188e-10,0.0,3.552713678800501e-15,7.638334409421077e-13,143.4535876916703,266.32950726108186,True,1360.730582813646,1369.863013698625,236.3764544125297,13.491806758706034,23.99999999999991,8760.0,76727.17604537336,286.9071753833406,143.4535876916703
poland_tarnow,2021,flex_ml0p6_b24,high_investment_small_cavern,2.0,17.334202419093764,0,infeasible,2,The problem is infeasible. (HiGHS Status 8: model_status is Infeasible; primal_status is None),highs-ds,hourly,cyclic,True,0.6,1.5,0.6,24.0,0.4444444444444445,0.0,0.587,0,,,,,,,,,,,,,,False,,,,,,,,,
poland_tarnow,2021,flex_ml0p6_b24,high_investment_small_cavern,2.0,17.334202419093764,1,optimal,0,Optimization terminated successfully. (HiGHS Status 7: Optimal),highs-ds,hourly,cyclic,True,0.6,1.5,0.6,24.0,0.4444444444444445,0.0,0.587,1,24044.875499684687,135.42364727228804,22.846115339059523,320.20313922254354,5.059064278611913e-12,4.916955731459893e-12,3.799573988771953e-10,3.819877747446298e-10,0.0,3.552713678800501e-15,0.0,143.4535876916703,188.6898158753442,True,1372.4244006669342,1304.0020170696075,320.20313922254354,18.27643488713148,22.846115339059523,8760.0,76727.17604537336,286.9071753833406,143.4535876916703
poland_tarnow,2021,rigid,high_investment_small_cavern,2.0,17.334202419093764,0,infeasible,2,The problem is infeasible. (HiGHS Status 8: model_status is Infeasible; primal_status is None),highs-ds,hourly,cyclic,False,1.0,1.5,0.6,0.0,0.4444444444444445,0.0,0.587,0,,,,,,,,,,,,,,False,,,,,,,,,
poland_tarnow,2021,rigid,high_investment_small_cavern,2.0,17.334202419093764,1,optimal,0,Optimization terminated successfully. (HiGHS Status 7: Optimal),highs-ds,hourly,cyclic,False,1.0,1.5,0.6,0.0,0.4444444444444445,0.0,0.587,1,32040.90468910164,180.45825086342413,-0.0,679.7354598126329,6.0538241086760536e-12,1.8189894035458565e-12,0.0,0.0,0.0,3.552713678800501e-15,0.0,143.4535876916703,177.55300484072126,True,1828.8187607934724,-0.0,679.7354598126329,38.797686062364896,0.0,8760.0,76727.17604537336,286.9071753833406,143.4535876916703
poland_tarnow,2022,flex_ml0p4_b24,high_investment_small_cavern,2.0,17.334202419093764,0,infeasible,2,The problem is infeasible. (HiGHS Status 8: model_status is Infeasible; primal_status is None),highs-ds,hourly,cyclic,True,0.4,1.5,0.6,24.0,0.4444444444444445,0.0,0.587,0,,,,,,,,,,,,,,False,,,,,,,,,
poland_tarnow,2022,flex_ml0p4_b24,high_investment_small_cavern,2.0,17.334202419093764,1,optimal,0,Optimization terminated successfully. (HiGHS Status 7: Optimal),highs-ds,hourly,cyclic,True,0.4,1.5,0.6,24.0,0.4444444444444445,0.0,0.587,1,42157.8382813961,237.4380445952741,23.99999999999993,461.768145365592,1.7422507880837657e-11,1.7180923350679222e-11,1.24790844324707e-10,1.255102688446641e-10,0.0,3.552713678800501e-15,3.1370461783808427e-12,143.4535876916703,266.32950726108186,True,2406.269308298864,1369.863013698626,461.768145365592,26.35662930168904,23.99999999999993,8760.0,76727.17604537336,286.9071753833406,143.4535876916703
poland_tarnow,2022,flex_ml0p6_b24,high_investment_small_cavern,2.0,17.334202419093764,0,infeasible,2,The problem is infeasible. (HiGHS Status 8: model_status is Infeasible; primal_status is None),highs-ds,hourly,cyclic,True,0.6,1.5,0.6,24.0,0.4444444444444445,0.0,0.587,0,,,,,,,,,,,,,,False,,,,,,,,,
poland_tarnow,2022,flex_ml0p6_b24,high_investment_small_cavern,2.0,17.334202419093764,1,optimal,0,Optimization terminated successfully. (HiGHS Status 7: Optimal),highs-ds,hourly,cyclic,True,0.6,1.5,0.6,24.0,0.4444444444444445,0.0,0.587,1,42157.838281396136,237.43804459527436,23.999999999999904,540.3878711738054,7.389644451905042e-12,9.976020010071808e-12,3.673537030124408e-10,3.67435859516263e-10,0.0,3.552713678800501e-15,1.708855279503041e-12,143.4535876916703,159.79770435664912,True,2406.2693082988662,1369.8630136986246,540.3878711738054,30.84405657384734,23.999999999999904,8760.0,76727.17604537336,286.9071753833406,143.4535876916703
poland_tarnow,2022,rigid,high_investment_small_cavern,2.0,17.334202419093764,0,infeasible,2,The problem is infeasible. (HiGHS Status 8: model_status is Infeasible; primal_status is None),highs-ds,hourly,cyclic,False,1.0,1.5,0.6,0.0,0.4444444444444445,0.0,0.587,0,,,,,,,,,,,,,,False,,,,,,,,,
poland_tarnow,2022,rigid,high_investment_small_cavern,2.0,17.334202419093764,1,optimal,0,Optimization terminated successfully. (HiGHS Status 7: Optimal),highs-ds,hourly,cyclic,False,1.0,1.5,0.6,0.0,0.4444444444444445,0.0,0.587,1,66846.49254473322,376.4875317356622,-0.0,1361.7243300928235,5.7127635955112055e-12,7.02016222930979e-12,0.0,0.0,0.0,3.552713678800501e-15,0.0,143.4535876916703,177.55300484072126,True,3815.4390721879695,-0.0,1361.7243300928235,77.7239914436543,0.0,8760.0,76727.17604537336,286.9071753833406,143.4535876916703
poland_tarnow,2023,flex_ml0p4_b24,high_investment_small_cavern,2.0,17.334202419093764,0,infeasible,2,The problem is infeasible. (HiGHS Status 8: model_status is Infeasible; primal_status is None),highs-ds,hourly,cyclic,True,0.4,1.5,0.6,24.0,0.4444444444444445,0.0,0.587,0,,,,,,,,,,,,,,False,,,,,,,,,
poland_tarnow,2023,flex_ml0p4_b24,high_investment_small_cavern,2.0,17.334202419093764,1,optimal,0,Optimization terminated successfully. (HiGHS Status 7: Optimal),highs-ds,hourly,cyclic,True,0.4,1.5,0.6,24.0,0.4444444444444445,0.0,0.587,1,20936.197803331317,117.91519846207446,24.00000000000004,258.73106932466385,6.866684998385608e-11,3.709033080667723e-12,1.7364021331900403e-10,1.7462298274040222e-10,0.0,3.552713678800501e-15,3.730349362740526e-13,143.4535876916703,266.32950726108186,True,1194.9884590942531,1369.8630136986324,258.73106932466385,14.767755098439716,24.00000000000004,8760.0,76727.17604537336,286.9071753833406,143.4535876916703
poland_tarnow,2023,flex_ml0p6_b24,high_investment_small_cavern,2.0,17.334202419093764,0,infeasible,2,The problem is infeasible. (HiGHS Status 8: model_status is Infeasible; primal_status is None),highs-ds,hourly,cyclic,True,0.6,1.5,0.6,24.0,0.4444444444444445,0.0,0.587,0,,,,,,,,,,,,,,False,,,,,,,,,
poland_tarnow,2023,flex_ml0p6_b24,high_investment_small_cavern,2.0,17.334202419093764,1,optimal,0,Optimization terminated successfully. (HiGHS Status 7: Optimal),highs-ds,hourly,cyclic,True,0.6,1.5,0.6,24.0,0.4444444444444445,0.0,0.587,1,21251.56380538415,119.69137793217548,22.22382052989916,421.58061995384617,6.87805368215777e-12,4.0223824271379265e-11,3.7765701677017205e-10,3.7834979593753815e-10,0.0,3.552713678800501e-15,0.0,143.4535876916703,159.79770435664912,True,1212.9888016771774,1268.4829069577147,421.58061995384617,24.062820773621358,22.22382052989916,8760.0,76727.17604537336,286.9071753833406,143.4535876916703
poland_tarnow,2023,rigid,high_investment_small_cavern,2.0,17.334202419093764,0,infeasible,2,The problem is infeasible. (HiGHS Status 8: model_status is Infeasible; primal_status is None),highs-ds,hourly,cyclic,False,1.0,1.5,0.6,0.0,0.4444444444444445,0.0,0.587,0,,,,,,,,,,,,,,False,,,,,,,,,
poland_tarnow,2023,rigid,high_investment_small_cavern,2.0,17.334202419093764,1,optimal,0,Optimization terminated successfully. (HiGHS Status 7: Optimal),highs-ds,hourly,cyclic,False,1.0,1.5,0.6,0.0,0.4444444444444445,0.0,0.587,1,32713.056464609326,184.24389096628053,-0.0,1125.2226694303697,6.423306331271306e-12,1.8189894035458565e-12,0.0,0.0,0.0,3.552713678800501e-15,7.460698725481053e-14,143.4535876916703,177.55300484072126,True,1867.183588162633,-0.0,1125.2226694303697,64.22503820949599,0.0,8760.0,76727.17604537336,286.9071753833406,143.4535876916703
poland_wloclawek,2015,flex_ml0p4_b24,high_investment_small_cavern,2.0,33.978534314257125,0,infeasible,2,The problem is infeasible. (HiGHS Status 8: model_status is Infeasible; primal_status is None),highs-ds,hourly,cyclic,True,0.4,1.5,0.6,24.0,0.4444444444444445,0.0,0.587,0,,,,,,,,,,,,,,False,,,,,,,,,
poland_wloclawek,2015,flex_ml0p4_b24,high_investment_small_cavern,2.0,33.978534314257125,1,optimal,0,Optimization terminated successfully. (HiGHS Status 7: Optimal),highs-ds,hourly,cyclic,True,0.4,1.5,0.6,24.0,0.4444444444444445,0.0,0.587,1,19872.279283936947,111.92308066970712,24.000000000000007,385.26134465781104,5.3432813729159526e-12,5.4143356464919634e-12,2.0872192862952943e-14,0.0,0.0,3.552713678800501e-15,0.0,73.18307210647548,146.36614421295096,True,1134.262516206447,1369.8630136986303,385.26134465781104,21.98980277727232,24.000000000000007,8760.0,39142.48885237774,146.36614421295096,73.18307210647548
poland_wloclawek,2015,flex_ml0p6_b24,high_investment_small_cavern,2.0,33.978534314257125,0,infeasible,2,The problem is infeasible. (HiGHS Status 8: model_status is Infeasible; primal_status is None),highs-ds,hourly,cyclic,True,0.6,1.5,0.6,24.0,0.4444444444444445,0.0,0.587,0,,,,,,,,,,,,,,False,,,,,,,,,
poland_wloclawek,2015,flex_ml0p6_b24,high_investment_small_cavern,2.0,33.978534314257125,1,infeasible,2,The problem is infeasible. (HiGHS Status 8: model_status is Infeasible; primal_status is None),highs-ds,hourly,cyclic,True,0.6,1.5,0.6,24.0,0.4444444444444445,0.0,0.587,1,,,,,,,,,,,,,,False,,,,,,,,,
poland_wloclawek,2015,flex_ml0p6_b24,high_investment_small_cavern,2.0,33.978534314257125,2,optimal,0,Optimization terminated successfully. (HiGHS Status 7: Optimal),highs-ds,hourly,cyclic,True,0.6,1.5,0.6,24.0,0.4444444444444445,0.0,0.587,2,19654.37355686142,110.69580925703237,24.000000000000007,296.644767098219,5.002220859751105e-12,1.4082957022765186e-11,2.462001713610107e-10,2.4556356947869057e-10,0.0,3.552713678800501e-15,4.085620730620576e-14,146.36614421295096,159.79770435664912,True,1121.8249747067025,1369.8630136986303,296.644767098219,16.93177894396227,24.000000000000007,8760.0,78284.97770475548,292.7322884259019,146.36614421295096
poland_wloclawek,2015,rigid,high_investment_small_cavern,2.0,33.978534314257125,0,infeasible,2,The problem is infeasible. (HiGHS Status 8: model_status is Infeasible; primal_status is None),highs-ds,hourly,cyclic,False,1.0,1.5,0.6,0.0,0.4444444444444445,0.0,0.587,0,,,,,,,,,,,,,,False,,,,,,,,,
poland_wloclawek,2015,rigid,high_investment_small_cavern,2.0,33.978534314257125,1,infeasible,2,The problem is infeasible. (HiGHS Status 8: model_status is Infeasible; primal_status is None),highs-ds,hourly,cyclic,False,1.0,1.5,0.6,0.0,0.4444444444444445,0.0,0.587,1,,,,,,,,,,,,,,False,,,,,,,,,
poland_wloclawek,2015,rigid,high_investment_small_cavern,2.0,33.978534314257125,2,optimal,0,Optimization terminated successfully. (HiGHS Status 7: Optimal),highs-ds,hourly,cyclic,False,1.0,1.5,0.6,0.0,0.4444444444444445,0.0,0.587,2,26440.688659544317,148.91715678517326,-0.0,551.4037864594737,6.30961949354969e-12,1.8189894035458565e-12,0.0,0.0,0.0,3.552713678800501e-15,0.0,146.36614421295096,177.55300484072126,True,1509.1717271429402,-0.0,551.4037864594737,31.472818861842107,0.0,8760.0,78284.97770475548,292.7322884259019,146.36614421295096
poland_wloclawek,2016,flex_ml0p4_b24,high_investment_small_cavern,2.0,33.978534314257125,0,infeasible,2,The problem is infeasible. (HiGHS Status 8: model_status is Infeasible; primal_status is None),highs-ds,hourly,cyclic,True,0.4,1.5,0.6,24.0,0.4444444444444445,0.0,0.587,0,,,,,,,,,,,,,,False,,,,,,,,,
poland_wloclawek,2016,flex_ml0p4_b24,high_investment_small_cavern,2.0,33.978534314257125,1,optimal,0,Optimization terminated successfully. (HiGHS Status 7: Optimal),highs-ds,hourly,cyclic,True,0.4,1.5,0.6,24.0,0.4444444444444445,0.0,0.587,1,20911.091221321112,117.77379515531136,23.99999999997944,919.5661702773932,2.4726887204451486e-11,3.2727598409110215e-11,1.5099033134902132e-14,0.0,0.0,3.552713678800501e-15,2.108816232748722e-09,73.18307210647548,146.36614421295096,True,1193.5554350069128,1369.8630136974566,919.5661702773932,52.48665355464572,23.99999999997944,8784.0,39142.48885237774,146.36614421295096,73.18307210647548
poland_wloclawek,2016,flex_ml0p6_b24,high_investment_small_cavern,2.0,33.978534314257125,0,infeasible,2,The problem is infeasible. (HiGHS Status 8: model_status is Infeasible; primal_status is None),highs-ds,hourly,cyclic,True,0.6,1.5,0.6,24.0,0.4444444444444445,0.0,0.587,0,,,,,,,,,,,,,,False,,,,,,,,,
poland_wloclawek,2016,flex_ml0p6_b24,high_investment_small_cavern,2.0,33.978534314257125,1,infeasible,2,The problem is infeasible. (HiGHS Status 8: model_status is Infeasible; primal_status is None),highs-ds,hourly,cyclic,True,0.6,1.5,0.6,24.0,0.4444444444444445,0.0,0.587,1,,,,,,,,,,,,,,False,,,,,,,,,
poland_wloclawek,2016,flex_ml0p6_b24,high_investment_small_cavern,2.0,33.978534314257125,2,optimal,0,Optimization terminated successfully. (HiGHS Status 7: Optimal),highs-ds,hourly,cyclic,True,0.6,1.5,0.6,24.0,0.4444444444444445,0.0,0.587,2,18597.10292930192,104.7411331956052,19.97816566636751,404.8853470817722,5.9401372709544376e-12,2.7569058147491887e-12,4.680802412337924e-10,4.69299266114831e-10,0.0,1.4432899320127037e-15,1.7763568394002505e-14,146.36614421295096,186.45249507335927,True,1061.4784776998813,1140.3062594958624,404.8853470817722,23.109894239827184,19.97816566636751,8784.0,78284.97770475548,292.7322884259019,146.36614421295096
poland_wloclawek,2016,rigid,high_investment_small_cavern,2.0,33.978534314257125,0,infeasible,2,The problem is infeasible. (HiGHS Status 8: model_status is Infeasible; primal_status is None),highs-ds,hourly,cyclic,False,1.0,1.5,0.6,0.0,0.4444444444444445,0.0,0.587,0,,,,,,,,,,,,,,False,,,,,,,,,
poland_wloclawek,2016,rigid,high_investment_small_cavern,2.0,33.978534314257125,1,infeasible,2,The problem is infeasible. (HiGHS Status 8: model_status is Infeasible; primal_status is None),highs-ds,hourly,cyclic,False,1.0,1.5,0.6,0.0,0.4444444444444445,0.0,0.587,1,,,,,,,,,,,,,,False,,,,,,,,,
poland_wloclawek,2016,rigid,high_investment_small_cavern,2.0,33.978534314257125,2,optimal,0,Optimization terminated successfully. (HiGHS Status 7: Optimal),highs-ds,hourly,cyclic,False,1.0,1.5,0.6,0.0,0.4444444444444445,0.0,0.587,2,29692.007528716906,167.22897793452117,-0.0,1185.7302750450708,5.3432813729159526e-12,1.8189894035458565e-12,0.0,0.0,0.0,3.552713678800501e-15,8.526512829121202e-14,146.36614421295096,177.55300484072126,True,1694.749288168773,-0.0,1185.7302750450708,67.6786686669561,0.0,8784.0,78284.97770475548,292.7322884259019,146.36614421295096
poland_wloclawek,2017,flex_ml0p4_b24,high_investment_small_cavern,2.0,33.978534314257125,0,infeasible,2,The problem is infeasible. (HiGHS Status 8: model_status is Infeasible; primal_status is None),highs-ds,hourly,cyclic,True,0.4,1.5,0.6,24.0,0.4444444444444445,0.0,0.587,0,,,,,,,,,,,,,,False,,,,,,,,,
poland_wloclawek,2017,flex_ml0p4_b24,high_investment_small_cavern,2.0,33.978534314257125,1,infeasible,2,The problem is infeasible. (HiGHS Status 8: model_status is Infeasible; primal_status is None),highs-ds,hourly,cyclic,True,0.4,1.5,0.6,24.0,0.4444444444444445,0.0,0.587,1,,,,,,,,,,,,,,False,,,,,,,,,
poland_wloclawek,2017,flex_ml0p4_b24,high_investment_small_cavern,2.0,33.978534314257125,2,optimal,0,Optimization terminated successfully. (HiGHS Status 7: Optimal),highs-ds,hourly,cyclic,True,0.4,1.5,0.6,24.0,0.4444444444444445,0.0,0.587,2,37363.65553213445,210.43662744909628,23.99999999999992,374.793222729824,8.01492205937393e-12,3.538502824085299e-12,5.2408966055850215e-11,5.275069270282984e-11,4.440892098500626e-16,3.552713678800501e-15,4.440892098500626e-13,146.36614421295096,266.32950726108186,True,2132.628740418633,1369.8630136986255,374.793222729824,21.39230723343745,23.99999999999992,8760.0,78284.97770475548,292.7322884259019,146.36614421295096
poland_wloclawek,2017,flex_ml0p6_b24,high_investment_small_cavern,2.0,33.978534314257125,0,infeasible,2,The problem is infeasible. (HiGHS Status 8: model_status is Infeasible; primal_status is None),highs-ds,hourly,cyclic,True,0.6,1.5,0.6,24.0,0.4444444444444445,0.0,0.587,0,,,,,,,,,,,,,,False,,,,,,,,,
poland_wloclawek,2017,flex_ml0p6_b24,high_investment_small_cavern,2.0,33.978534314257125,1,infeasible,2,The problem is infeasible. (HiGHS Status 8: model_status is Infeasible; primal_status is None),highs-ds,hourly,cyclic,True,0.6,1.5,0.6,24.0,0.4444444444444445,0.0,0.587,1,,,,,,,,,,,,,,False,,,,,,,,,
poland_wloclawek,2017,flex_ml0p6_b24,high_investment_small_cavern,2.0,33.978534314257125,2,optimal,0,Optimization terminated successfully. (HiGHS Status 7: Optimal),highs-ds,hourly,cyclic,True,0.6,1.5,0.6,24.0,0.4444444444444445,0.0,0.587,2,38874.60687376661,218.9464881692097,24.00000000000003,455.4906894601953,6.0538241086760536e-12,3.623767952376511e-12,3.028508555047438e-10,3.0377123039215803e-10,0.0,2.664535259100376e-15,0.0,146.36614421295096,195.1331134438967,True,2218.870255351975,1369.8630136986317,455.4906894601953,25.99832702398375,24.00000000000003,8760.0,78284.97770475548,292.7322884259019,146.36614421295096
poland_wloclawek,2017,rigid,high_investment_small_cavern,2.0,33.978534314257125,0,infeasible,2,The problem is infeasible. (HiGHS Status 8: model_status is Infeasible; primal_status is None),highs-ds,hourly,cyclic,False,1.0,1.5,0.6,0.0,0.4444444444444445,0.0,0.587,0,,,,,,,,,,,,,,False,,,,,,,,,
poland_wloclawek,2017,rigid,high_investment_small_cavern,2.0,33.978534314257125,1,infeasible,2,The problem is infeasible. (HiGHS Status 8: model_status is Infeasible; primal_status is None),highs-ds,hourly,cyclic,False,1.0,1.5,0.6,0.0,0.4444444444444445,0.0,0.587,1,,,,,,,,,,,,,,False,,,,,,,,,
poland_wloclawek,2017,rigid,high_investment_small_cavern,2.0,33.978534314257125,2,optimal,0,Optimization terminated successfully. (HiGHS Status 7: Optimal),highs-ds,hourly,cyclic,False,1.0,1.5,0.6,0.0,0.4444444444444445,0.0,0.587,2,49761.55801148828,280.2631138579053,-0.0,546.1829817971504,6.224354365258478e-12,3.6219915955371115e-12,0.0,0.0,0.0,1.4432899320127037e-15,1.6697754290362354e-13,146.36614421295096,177.55300484072126,True,2840.2715759981897,-0.0,546.1829817971504,31.174827728147854,0.0,8760.0,78284.97770475548,292.7322884259019,146.36614421295096
poland_wloclawek,2018,flex_ml0p4_b24,high_investment_small_cavern,2.0,33.978534314257125,0,infeasible,2,The problem is infeasible. (HiGHS Status 8: model_status is Infeasible; primal_status is None),highs-ds,hourly,cyclic,True,0.4,1.5,0.6,24.0,0.4444444444444445,0.0,0.587,0,,,,,,,,,,,,,,False,,,,,,,,,
poland_wloclawek,2018,flex_ml0p4_b24,high_investment_small_cavern,2.0,33.978534314257125,1,optimal,0,Optimization terminated successfully. (HiGHS Status 7: Optimal),highs-ds,hourly,cyclic,True,0.4,1.5,0.6,24.0,0.4444444444444445,0.0,0.587,1,25410.275837817822,143.1137471349066,24.000000000000018,557.9690319212302,5.3432813729159526e-12,4.3513637137948535e-11,1.7705792387801012e-10,1.782609615474939e-10,0.0,3.552713678800501e-15,0.0,73.18307210647548,146.36614421295096,True,1450.3582099211087,1369.8630136986312,557.9690319212302,31.84754748408848,24.000000000000018,8760.0,39142.48885237774,146.36614421295096,73.18307210647548
poland_wloclawek,2018,flex_ml0p6_b24,high_investment_small_cavern,2.0,33.978534314257125,0,infeasible,2,The problem is infeasible. (HiGHS Status 8: model_status is Infeasible; primal_status is None),highs-ds,hourly,cyclic,True,0.6,1.5,0.6,24.0,0.4444444444444445,0.0,0.587,0,,,,,,,,,,,,,,False,,,,,,,,,
poland_wloclawek,2018,flex_ml0p6_b24,high_investment_small_cavern,2.0,33.978534314257125,1,infeasible,2,The problem is infeasible. (HiGHS Status 8: model_status is Infeasible; primal_status is None),highs-ds,hourly,cyclic,True,0.6,1.5,0.6,24.0,0.4444444444444445,0.0,0.587,1,,,,,,,,,,,,,,False,,,,,,,,,
poland_wloclawek,2018,flex_ml0p6_b24,high_investment_small_cavern,2.0,33.978534314257125,2,optimal,0,Optimization terminated successfully. (HiGHS Status 7: Optimal),highs-ds,hourly,cyclic,True,0.6,1.5,0.6,24.0,0.4444444444444445,0.0,0.587,2,21511.41760805128,121.15490598060384,13.238070187839694,562.1264097351948,6.30961949354969e-12,1.226396761921933e-11,3.6027891781031935e-10,3.601599019020796e-10,0.0,2.55351295663786e-15,0.0,146.36614421295096,160.1418638145751,True,1227.8206397289543,755.5976134611698,562.1264097351948,32.084840738310206,13.238070187839694,8760.0,78284.97770475548,292.7322884259019,146.36614421295096
poland_wloclawek,2018,rigid,high_investment_small_cavern,2.0,33.978534314257125,0,infeasible,2,The problem is infeasible. (HiGHS Status 8: model_status is Infeasible; primal_status is None),highs-ds,hourly,cyclic,False,1.0,1.5,0.6,0.0,0.4444444444444445,0.0,0.587,0,,,,,,,,,,,,,,False,,,,,,,,,
poland_wloclawek,2018,rigid,high_investment_small_cavern,2.0,33.978534314257125,1,infeasible,2,The problem is infeasible. (HiGHS Status 8: model_status is Infeasible; primal_status is None),highs-ds,hourly,cyclic,False,1.0,1.5,0.6,0.0,0.4444444444444445,0.0,0.587,1,,,,,,,,,,,,,,False,,,,,,,,,
poland_wloclawek,2018,rigid,high_investment_small_cavern,2.0,33.978534314257125,2,optimal,0,Optimization terminated successfully. (HiGHS Status 7: Optimal),highs-ds,hourly,cyclic,False,1.0,1.5,0.6,0.0,0.4444444444444445,0.0,0.587,2,32155.723609575023,181.10492491197877,-0.0,868.718040956396,6.849631972727366e-12,1.8189894035458565e-12,0.0,0.0,0.0,1.6653345369377348e-15,0.0,146.36614421295096,177.55300484072126,True,1835.372352144693,-0.0,868.718040956396,49.584363068287445,0.0,8760.0,78284.97770475548,292.7322884259019,146.36614421295096
poland_wloclawek,2019,flex_ml0p4_b24,high_investment_small_cavern,2.0,33.978534314257125,0,infeasible,2,The problem is infeasible. (HiGHS Status 8: model_status is Infeasible; primal_status is None),highs-ds,hourly,cyclic,True,0.4,1.5,0.6,24.0,0.4444444444444445,0.0,0.587,0,,,,,,,,,,,,,,False,,,,,,,,,
poland_wloclawek,2019,flex_ml0p4_b24,high_investment_small_cavern,2.0,33.978534314257125,1,optimal,0,Optimization terminated successfully. (HiGHS Status 7: Optimal),highs-ds,hourly,cyclic,True,0.4,1.5,0.6,24.0,0.4444444444444445,0.0,0.587,1,16256.618211148032,91.55924015891183,24.000000000000227,202.42378514443192,3.6465053199208335e-11,2.3216983890961277e-11,2.1760371282653068e-14,0.0,0.0,3.552713678800501e-15,0.0,73.18307210647548,146.36614421295096,True,927.88916730297,1369.863013698643,202.42378514443192,11.553869015093143,24.000000000000227,8760.0,39142.48885237774,146.36614421295096,73.18307210647548
poland_wloclawek,2019,flex_ml0p6_b24,high_investment_small_cavern,2.0,33.978534314257125,0,infeasible,2,The problem is infeasible. (HiGHS Status 8: model_status is Infeasible; primal_status is None),highs-ds,hourly,cyclic,True,0.6,1.5,0.6,24.0,0.4444444444444445,0.0,0.587,0,,,,,,,,,,,,,,False,,,,,,,,,
poland_wloclawek,2019,flex_ml0p6_b24,high_investment_small_cavern,2.0,33.978534314257125,1,infeasible,2,The problem is infeasible. (HiGHS Status 8: model_status is Infeasible; primal_status is None),highs-ds,hourly,cyclic,True,0.6,1.5,0.6,24.0,0.4444444444444445,0.0,0.587,1,,,,,,,,,,,,,,False,,,,,,,,,
poland_wloclawek,2019,flex_ml0p6_b24,high_investment_small_cavern,2.0,33.978534314257125,2,optimal,0,Optimization terminated successfully. (HiGHS Status 7: Optimal),highs-ds,hourly,cyclic,True,0.6,1.5,0.6,24.0,0.4444444444444445,0.0,0.587,2,15637.33521920283,88.07136344006527,22.983870399133544,257.0528557698072,4.774847184307873e-12,9.094947017729282e-13,2.2185986381373368e-10,2.219167072325945e-10,0.0,1.4988010832439613e-15,1.4566126083082056e-13,146.36614421295144,202.92079699340977,True,892.5419645663717,1311.8647488089923,257.0528557698072,14.671966653527807,22.983870399133544,8760.0,78284.97770475548,292.7322884259019,146.36614421295096
poland_wloclawek,2019,rigid,high_investment_small_cavern,2.0,33.978534314257125,0,infeasible,2,The problem is infeasible. (HiGHS Status 8: model_status is Infeasible; primal_status is None),highs-ds,hourly,cyclic,False,1.0,1.5,0.6,0.0,0.4444444444444445,0.0,0.587,0,,,,,,,,,,,,,,False,,,,,,,,,
poland_wloclawek,2019,rigid,high_investment_small_cavern,2.0,33.978534314257125,1,infeasible,2,The problem is infeasible. (HiGHS Status 8: model_status is Infeasible; primal_status is None),highs-ds,hourly,cyclic,False,1.0,1.5,0.6,0.0,0.4444444444444445,0.0,0.587,1,,,,,,,,,,,,,,False,,,,,,,,,
poland_wloclawek,2019,rigid,high_investment_small_cavern,2.0,33.978534314257125,2,optimal,0,Optimization terminated successfully. (HiGHS Status 7: Optimal),highs-ds,hourly,cyclic,False,1.0,1.5,0.6,0.0,0.4444444444444445,0.0,0.587,2,20749.919410730537,116.86605602279056,-0.0,289.8166390990881,6.622258297284134e-12,1.7905676941154525e-12,0.0,0.0,0.0,3.552713678800501e-15,0.0,146.36614421295096,177.55300484072126,True,1184.35613074946,-0.0,289.8166390990881,16.542045610678546,0.0,8760.0,78284.97770475548,292.7322884259019,146.36614421295096
poland_wloclawek,2020,flex_ml0p4_b24,high_investment_small_cavern,2.0,33.978534314257125,0,infeasible,2,The problem is infeasible. (HiGHS Status 8: model_status is Infeasible; primal_status is None),highs-ds,hourly,cyclic,True,0.4,1.5,0.6,24.0,0.4444444444444445,0.0,0.587,0,,,,,,,,,,,,,,False,,,,,,,,,
poland_wloclawek,2020,flex_ml0p4_b24,high_investment_small_cavern,2.0,33.978534314257125,1,optimal,0,Optimization terminated successfully. (HiGHS Status 7: Optimal),highs-ds,hourly,cyclic,True,0.4,1.5,0.6,24.0,0.4444444444444445,0.0,0.587,1,31699.41831828968,178.53495831696287,24.00000000000044,660.697272123233,5.3944404498906806e-11,1.5944578990456648e-11,1.3794942965716928e-10,1.382431946694851e-10,0.0,3.552713678800501e-15,0.0,73.18307210647548,146.36614421295096,True,1809.3275295827443,1369.863013698655,660.697272123233,37.71103151388317,24.00000000000044,8784.0,39142.48885237774,146.36614421295096,73.18307210647548
poland_wloclawek,2020,flex_ml0p6_b24,high_investment_small_cavern,2.0,33.978534314257125,0,infeasible,2,The problem is infeasible. (HiGHS Status 8: model_status is Infeasible; primal_status is None),highs-ds,hourly,cyclic,True,0.6,1.5,0.6,24.0,0.4444444444444445,0.0,0.587,0,,,,,,,,,,,,,,False,,,,,,,,,
poland_wloclawek,2020,flex_ml0p6_b24,high_investment_small_cavern,2.0,33.978534314257125,1,infeasible,2,The problem is infeasible. (HiGHS Status 8: model_status is Infeasible; primal_status is None),highs-ds,hourly,cyclic,True,0.6,1.5,0.6,24.0,0.4444444444444445,0.0,0.587,1,,,,,,,,,,,,,,False,,,,,,,,,
poland_wloclawek,2020,flex_ml0p6_b24,high_investment_small_cavern,2.0,33.978534314257125,2,optimal,0,Optimization terminated successfully. (HiGHS Status 7: Optimal),highs-ds,hourly,cyclic,True,0.6,1.5,0.6,24.0,0.4444444444444445,0.0,0.587,2,26436.47528197813,148.89342653307216,24.000000000000075,367.535049072385,6.195932655828074e-12,2.209787908213912e-12,3.2755198553502396e-10,3.2741809263825417e-10,0.0,3.552713678800501e-15,0.0,146.36614421295096,180.4993363197209,True,1508.9312375558295,1369.8630136986344,367.535049072385,20.97802791509047,24.000000000000075,8784.0,78284.97770475548,292.7322884259019,146.36614421295096
poland_wloclawek,2020,rigid,high_investment_small_cavern,2.0,33.978534314257125,0,infeasible,2,The problem is infeasible. (HiGHS Status 8: model_status is Infeasible; primal_status is None),highs-ds,hourly,cyclic,False,1.0,1.5,0.6,0.0,0.4444444444444445,0.0,0.587,0,,,,,,,,,,,,,,False,,,,,,,,,
poland_wloclawek,2020,rigid,high_investment_small_cavern,2.0,33.978534314257125,1,infeasible,2,The problem is infeasible. (HiGHS Status 8: model_status is Infeasible; primal_status is None),highs-ds,hourly,cyclic,False,1.0,1.5,0.6,0.0,0.4444444444444445,0.0,0.587,1,,,,,,,,,,,,,,False,,,,,,,,,
poland_wloclawek,2020,rigid,high_investment_small_cavern,2.0,33.978534314257125,2,optimal,0,Optimization terminated successfully. (HiGHS Status 7: Optimal),highs-ds,hourly,cyclic,False,1.0,1.5,0.6,0.0,0.4444444444444445,0.0,0.587,2,41190.06494297321,231.98742809181897,-0.0,1118.0741607376544,6.16751094639767e-12,3.637978807091713e-12,0.0,0.0,0.0,3.552713678800501e-15,0.0,146.36614421295096,177.55300484072126,True,2351.0311040509823,-0.0,1118.0741607376544,63.81701830694375,0.0,8784.0,78284.97770475548,292.7322884259019,146.36614421295096
poland_wloclawek,2021,flex_ml0p4_b24,high_investment_small_cavern,2.0,33.978534314257125,0,infeasible,2,The problem is infeasible. (HiGHS Status 8: model_status is Infeasible; primal_status is None),highs-ds,hourly,cyclic,True,0.4,1.5,0.6,24.0,0.4444444444444445,0.0,0.587,0,,,,,,,,,,,,,,False,,,,,,,,,
poland_wloclawek,2021,flex_ml0p4_b24,high_investment_small_cavern,2.0,33.978534314257125,1,optimal,0,Optimization terminated successfully. (HiGHS Status 7: Optimal),highs-ds,hourly,cyclic,True,0.4,1.5,0.6,24.0,0.4444444444444445,0.0,0.587,1,38434.56522537303,216.46812037820368,24.00000000004124,688.3762269349559,1.6768808563938364e-11,7.892708708823193e-11,1.8084156394593262e-10,1.8189894035458562e-10,0.0,3.552713678800501e-15,0.0,73.18307210647548,146.36614421295096,True,2193.753722909419,1369.863013700984,688.3762269349559,39.29088053281711,24.00000000004124,8760.0,39142.48885237774,146.36614421295096,73.18307210647548
poland_wloclawek,2021,flex_ml0p6_b24,high_investment_small_cavern,2.0,33.978534314257125,0,infeasible,2,The problem is infeasible. (HiGHS Status 8: model_status is Infeasible; primal_status is None),highs-ds,hourly,cyclic,True,0.6,1.5,0.6,24.0,0.4444444444444445,0.0,0.587,0,,,,,,,,,,,,,,False,,,,,,,,,
poland_wloclawek,2021,flex_ml0p6_b24,high_investment_small_cavern,2.0,33.978534314257125,1,infeasible,2,The problem is infeasible. (HiGHS Status 8: model_status is Infeasible; primal_status is None),highs-ds,hourly,cyclic,True,0.6,1.5,0.6,24.0,0.4444444444444445,0.0,0.587,1,,,,,,,,,,,,,,False,,,,,,,,,
poland_wloclawek,2021,flex_ml0p6_b24,high_investment_small_cavern,2.0,33.978534314257125,2,optimal,0,Optimization terminated successfully. (HiGHS Status 7: Optimal),highs-ds,hourly,cyclic,True,0.6,1.5,0.6,24.0,0.4444444444444445,0.0,0.587,2,22072.846158744225,124.3169394882687,21.95690368783994,522.713890411135,7.389644451905042e-12,1.8047785488306545e-12,4.0593306493974524e-10,4.05634636990726e-10,0.0,3.552713678800501e-15,0.0,146.36614421295096,198.53091328069084,True,1259.86564833015,1253.2479273881245,522.713890411135,29.835267717530535,21.95690368783994,8760.0,78284.97770475548,292.7322884259019,146.36614421295096
poland_wloclawek,2021,rigid,high_investment_small_cavern,2.0,33.978534314257125,0,infeasible,2,The problem is infeasible. (HiGHS Status 8: model_status is Infeasible; primal_status is None),highs-ds,hourly,cyclic,False,1.0,1.5,0.6,0.0,0.4444444444444445,0.0,0.587,0,,,,,,,,,,,,,,False,,,,,,,,,
poland_wloclawek,2021,rigid,high_investment_small_cavern,2.0,33.978534314257125,1,infeasible,2,The problem is infeasible. (HiGHS Status 8: model_status is Infeasible; primal_status is None),highs-ds,hourly,cyclic,False,1.0,1.5,0.6,0.0,0.4444444444444445,0.0,0.587,1,,,,,,,,,,,,,,False,,,,,,,,,
poland_wloclawek,2021,rigid,high_investment_small_cavern,2.0,33.978534314257125,2,optimal,0,Optimization terminated successfully. (HiGHS Status 7: Optimal),highs-ds,hourly,cyclic,False,1.0,1.5,0.6,0.0,0.4444444444444445,0.0,0.587,2,45213.09141201567,254.64559978906183,-0.0,937.2307252771876,6.764366844436154e-12,3.609557097661309e-12,0.0,0.0,0.0,3.552713678800501e-15,0.0,146.36614421295096,177.55300484072126,True,2580.6559025123097,-0.0,937.2307252771876,53.494904410798384,0.0,8760.0,78284.97770475548,292.7322884259019,146.36614421295096
poland_wloclawek,2022,flex_ml0p4_b24,high_investment_small_cavern,2.0,33.978534314257125,0,infeasible,2,The problem is infeasible. (HiGHS Status 8: model_status is Infeasible; primal_status is None),highs-ds,hourly,cyclic,True,0.4,1.5,0.6,24.0,0.4444444444444445,0.0,0.587,0,,,,,,,,,,,,,,False,,,,,,,,,
poland_wloclawek,2022,flex_ml0p4_b24,high_investment_small_cavern,2.0,33.978534314257125,1,infeasible,2,The problem is infeasible. (HiGHS Status 8: model_status is Infeasible; primal_status is None),highs-ds,hourly,cyclic,True,0.4,1.5,0.6,24.0,0.4444444444444445,0.0,0.587,1,,,,,,,,,,,,,,False,,,,,,,,,
poland_wloclawek,2022,flex_ml0p4_b24,high_investment_small_cavern,2.0,33.978534314257125,2,optimal,0,Optimization terminated successfully. (HiGHS Status 7: Optimal),highs-ds,hourly,cyclic,True,0.4,1.5,0.6,24.0,0.4444444444444445,0.0,0.587,2,62428.72102200633,351.60610814787225,23.99999999999985,725.5596980260997,3.1008084988570767e-10,3.510081114654895e-11,1.2839551644105995e-10,1.2914824765175578e-10,0.0,3.552713678800501e-15,0.0,146.36614421295096,266.32950726108186,True,3563.283163356525,1369.863013698622,725.5596980260997,41.41322477317921,23.99999999999985,8760.0,78284.97770475548,292.7322884259019,146.36614421295096
poland_wloclawek,2022,flex_ml0p6_b24,high_investment_small_cavern,2.0,33.978534314257125,0,infeasible,2,The problem is infeasible. (HiGHS Status 8: model_status is Infeasible; primal_status is None),highs-ds,hourly,cyclic,True,0.6,1.5,0.6,24.0,0.4444444444444445,0.0,0.587,0,,,,,,,,,,,,,,False,,,,,,,,,
poland_wloclawek,2022,flex_ml0p6_b24,high_investment_small_cavern,2.0,33.978534314257125,1,infeasible,2,The problem is infeasible. (HiGHS Status 8: model_status is Infeasible; primal_status is None),highs-ds,hourly,cyclic,True,0.6,1.5,0.6,24.0,0.4444444444444445,0.0,0.587,1,,,,,,,,,,,,,,False,,,,,,,,,
poland_wloclawek,2022,flex_ml0p6_b24,high_investment_small_cavern,2.0,33.978534314257125,2,optimal,0,Optimization terminated successfully. (HiGHS Status 7: Optimal),highs-ds,hourly,cyclic,True,0.6,1.5,0.6,24.0,0.4444444444444445,0.0,0.587,2,62428.72102200644,351.6061081478729,24.0,825.6838634623498,4.490630090003833e-12,3.637978807091713e-12,3.7747582837255317e-10,3.7834979593753815e-10,0.0,3.552713678800501e-15,0.0,146.36614421295096,196.92060404937047,True,3563.283163356532,1369.86301369863,825.6838634623498,47.12807439853594,24.0,8760.0,78284.97770475548,292.7322884259019,146.36614421295096
poland_wloclawek,2022,rigid,high_investment_small_cavern,2.0,33.978534314257125,0,infeasible,2,The problem is infeasible. (HiGHS Status 8: model_status is Infeasible; primal_status is None),highs-ds,hourly,cyclic,False,1.0,1.5,0.6,0.0,0.4444444444444445,0.0,0.587,0,,,,,,,,,,,,,,False,,,,,,,,,
poland_wloclawek,2022,rigid,high_investment_small_cavern,2.0,33.978534314257125,1,infeasible,2,The problem is infeasible. (HiGHS Status 8: model_status is Infeasible; primal_status is None),highs-ds,hourly,cyclic,False,1.0,1.5,0.6,0.0,0.4444444444444445,0.0,0.587,1,,,,,,,,,,,,,,False,,,,,,,,,
poland_wloclawek,2022,rigid,high_investment_small_cavern,2.0,33.978534314257125,2,infeasible,2,The problem is infeasible. (HiGHS Status 8: model_status is Infeasible; primal_status is None),highs-ds,hourly,cyclic,False,1.0,1.5,0.6,0.0,0.4444444444444445,0.0,0.587,2,,,,,,,,,,,,,,False,,,,,,,,,
poland_wloclawek,2022,rigid,high_investment_small_cavern,2.0,33.978534314257125,3,optimal,0,Optimization terminated successfully. (HiGHS Status 7: Optimal),highs-ds,hourly,cyclic,False,1.0,1.5,0.6,0.0,0.4444444444444445,0.0,0.587,3,68160.01341940027,383.8854401847215,-0.0,868.6216538043134,7.133849067031406e-12,7.23332505003782e-12,0.0,0.0,0.0,1.7763568394002505e-15,0.0,219.5492163194264,397.1022211601477,True,3890.411724851614,-0.0,868.6216538043134,49.57886151851104,0.0,8760.0,117427.46655713322,439.0984326388528,219.5492163194264
poland_wloclawek,2022,rigid,high_investment_small_cavern,2.0,33.978534314257125,4,optimal,0,Optimization terminated successfully. (HiGHS Status 7: Optimal),highs-ds,hourly,cyclic,False,1.0,1.5,0.6,0.0,0.4444444444444445,0.0,0.587,4,62366.76317579743,351.25715406362866,0.0,205166.3319593295,5.684341886080803e-14,3.637978807091713e-12,0.0,0.0,0.0,0.0,0.0,292.7322884259019,407.9551990025601,False,3559.7467566094424,0.0,205166.3319593295,11710.407075304196,0.0,8760.0,156569.95540951096,585.4645768518038,292.7322884259019
poland_wloclawek,2023,flex_ml0p4_b24,high_investment_small_cavern,2.0,33.978534314257125,0,infeasible,2,The problem is infeasible. (HiGHS Status 8: model_status is Infeasible; primal_status is None),highs-ds,hourly,cyclic,True,0.4,1.5,0.6,24.0,0.4444444444444445,0.0,0.587,0,,,,,,,,,,,,,,False,,,,,,,,,
poland_wloclawek,2023,flex_ml0p4_b24,high_investment_small_cavern,2.0,33.978534314257125,1,optimal,0,Optimization terminated successfully. (HiGHS Status 7: Optimal),highs-ds,hourly,cyclic,True,0.4,1.5,0.6,24.0,0.4444444444444445,0.0,0.587,1,32356.86942417197,182.2378024703022,24.000000000000156,414.5579054659526,1.2204282029415478e-10,5.636024980049114e-11,1.84824155979868e-10,1.8553691916167736e-10,0.0,3.552713678800501e-15,0.0,73.18307210647548,146.36614421295096,True,1846.8532776353863,1369.863013698639,414.5579054659526,23.6619809055909,24.000000000000156,8760.0,39142.48885237774,146.36614421295096,73.18307210647548
poland_wloclawek,2023,flex_ml0p6_b24,high_investment_small_cavern,2.0,33.978534314257125,0,infeasible,2,The problem is infeasible. (HiGHS Status 8: model_status is Infeasible; primal_status is None),highs-ds,hourly,cyclic,True,0.6,1.5,0.6,24.0,0.4444444444444445,0.0,0.587,0,,,,,,,,,,,,,,False,,,,,,,,,
poland_wloclawek,2023,flex_ml0p6_b24,high_investment_small_cavern,2.0,33.978534314257125,1,infeasible,2,The problem is infeasible. (HiGHS Status 8: model_status is Infeasible; primal_status is None),highs-ds,hourly,cyclic,True,0.6,1.5,0.6,24.0,0.4444444444444445,0.0,0.587,1,,,,,,,,,,,,,,False,,,,,,,,,
poland_wloclawek,2023,flex_ml0p6_b24,high_investment_small_cavern,2.0,33.978534314257125,2,optimal,0,Optimization terminated successfully. (HiGHS Status 7: Optimal),highs-ds,hourly,cyclic,True,0.6,1.5,0.6,24.0,0.4444444444444445,0.0,0.587,2,27459.15045084138,154.6532567864698,24.000000000000007,502.5945691540782,4.490630090003833e-12,2.273736754432321e-12,3.8298431093153335e-10,3.8380676414817566e-10,0.0,3.552713678800501e-15,0.0,146.36614421295096,159.79770435664912,True,1567.3031079247362,1369.8630136986303,502.5945691540782,28.68690463208209,24.000000000000007,8760.0,78284.97770475548,292.7322884259019,146.36614421295096
poland_wloclawek,2023,rigid,high_investment_small_cavern,2.0,33.978534314257125,0,infeasible,2,The problem is infeasible. (HiGHS Status 8: model_status is Infeasible; primal_status is None),highs-ds,hourly,cyclic,False,1.0,1.5,0.6,0.0,0.4444444444444445,0.0,0.587,0,,,,,,,,,,,,,,False,,,,,,,,,
poland_wloclawek,2023,rigid,high_investment_small_cavern,2.0,33.978534314257125,1,infeasible,2,The problem is infeasible. (HiGHS Status 8: model_status is Infeasible; primal_status is None),highs-ds,hourly,cyclic,False,1.0,1.5,0.6,0.0,0.4444444444444445,0.0,0.587,1,,,,,,,,,,,,,,False,,,,,,,,,
poland_wloclawek,2023,rigid,high_investment_small_cavern,2.0,33.978534314257125,2,optimal,0,Optimization terminated successfully. (HiGHS Status 7: Optimal),highs-ds,hourly,cyclic,False,1.0,1.5,0.6,0.0,0.4444444444444445,0.0,0.587,2,38320.49057072683,215.82563812481388,-0.0,778.7899852620135,6.338041202980094e-12,3.637978807091713e-12,0.0,0.0,0.0,3.552713678800501e-15,6.927791673660978e-14,146.36614421295096,177.55300484072126,True,2187.2426124844087,-0.0,778.7899852620135,44.451483177055565,0.0,8760.0,78284.97770475548,292.7322884259019,146.36614421295096
spain_huelva,2015,flex_ml0p4_b24,high_investment_small_cavern,2.0,30.468745693440656,0,infeasible,2,The problem is infeasible. (HiGHS Status 8: model_status is Infeasible; primal_status is None),highs-ds,hourly,cyclic,True,0.4,1.5,0.6,24.0,0.4444444444444445,0.0,0.587,0,,,,,,,,,,,,,,False,,,,,,,,,
spain_huelva,2015,flex_ml0p4_b24,high_investment_small_cavern,2.0,30.468745693440656,1,optimal,0,Optimization terminated successfully. (HiGHS Status 7: Optimal),highs-ds,hourly,cyclic,True,0.4,1.5,0.6,24.0,0.4444444444444445,0.0,0.587,1,27122.47107011016,152.75703778959473,23.99999999994101,763.6431138637555,9.663381206337364e-11,6.379491379604474e-11,1.845434915992428e-10,1.8553691916167736e-10,0.0,3.552713678800501e-15,0.0,81.613255491773,163.226510983546,True,1548.0862482939583,1369.8630136952634,763.6431138637555,43.586935722817095,23.99999999994101,8760.0,43651.43265159973,163.226510983546,81.613255491773
spain_huelva,2015,flex_ml0p6_b24,high_investment_small_cavern,2.0,30.468745693440656,0,infeasible,2,The problem is infeasible. (HiGHS Status 8: model_status is Infeasible; primal_status is None),highs-ds,hourly,cyclic,True,0.6,1.5,0.6,24.0,0.4444444444444445,0.0,0.587,0,,,,,,,,,,,,,,False,,,,,,,,,
spain_huelva,2015,flex_ml0p6_b24,high_investment_small_cavern,2.0,30.468745693440656,1,infeasible,2,The problem is infeasible. (HiGHS Status 8: model_status is Infeasible; primal_status is None),highs-ds,hourly,cyclic,True,0.6,1.5,0.6,24.0,0.4444444444444445,0.0,0.587,1,,,,,,,,,,,,,,False,,,,,,,,,
spain_huelva,2015,flex_ml0p6_b24,high_investment_small_cavern,2.0,30.468745693440656,2,optimal,0,Optimization terminated successfully. (HiGHS Status 7: Optimal),highs-ds,hourly,cyclic,True,0.6,1.5,0.6,24.0,0.4444444444444445,0.0,0.587,2,14934.737023310645,84.11424541481713,4.48740818717496,745.6769487138439,6.394884621840902e-12,1.9042545318370685e-12,2.720010883194845e-10,2.7284841053187847e-10,0.0,3.552713678800501e-15,0.0,163.226510983546,170.83264768424772,True,852.4393278145344,256.1306042908082,745.6769487138439,42.56146967544771,4.48740818717496,8760.0,87302.86530319946,326.453021967092,163.226510983546
spain_huelva,2015,rigid,high_investment_small_cavern,2.0,30.468745693440656,0,infeasible,2,The problem is infeasible. (HiGHS Status 8: model_status is Infeasible; primal_status is None),highs-ds,hourly,cyclic,False,1.0,1.5,0.6,0.0,0.4444444444444445,0.0,0.587,0,,,,,,,,,,,,,,False,,,,,,,,,
spain_huelva,2015,rigid,high_investment_small_cavern,2.0,30.468745693440656,1,infeasible,2,The problem is infeasible. (HiGHS Status 8: model_status is Infeasible; primal_status is None),highs-ds,hourly,cyclic,False,1.0,1.5,0.6,0.0,0.4444444444444445,0.0,0.587,1,,,,,,,,,,,,,,False,,,,,,,,,
spain_huelva,2015,rigid,high_investment_small_cavern,2.0,30.468745693440656,2,optimal,0,Optimization terminated successfully. (HiGHS Status 7: Optimal),highs-ds,hourly,cyclic,False,1.0,1.5,0.6,0.0,0.4444444444444445,0.0,0.587,2,35103.3871800013,197.70652268876967,-0.0,1094.503034647195,6.679101716144942e-12,3.637978807091713e-12,0.0,0.0,0.0,3.552713678800501e-15,0.0,163.226510983546,177.55300484072126,True,2003.617989726101,-0.0,1094.503034647195,62.47163439767093,0.0,8760.0,87302.86530319946,326.453021967092,163.226510983546
spain_huelva,2016,flex_ml0p4_b24,high_investment_small_cavern,2.0,30.468745693440656,0,infeasible,2,The problem is infeasible. (HiGHS Status 8: model_status is Infeasible; primal_status is None),highs-ds,hourly,cyclic,True,0.4,1.5,0.6,24.0,0.4444444444444445,0.0,0.587,0,,,,,,,,,,,,,,False,,,,,,,,,
spain_huelva,2016,flex_ml0p4_b24,high_investment_small_cavern,2.0,30.468745693440656,1,optimal,0,Optimization terminated successfully. (HiGHS Status 7: Optimal),highs-ds,hourly,cyclic,True,0.4,1.5,0.6,24.0,0.4444444444444445,0.0,0.587,1,11318.887283916076,63.749342310877765,24.000000000000018,278.25794234108184,5.3432813729159526e-12,8.952838470577262e-13,1.5971179934126667e-10,1.6007106751203534e-10,0.0,3.552713678800501e-15,1.0302869668521453e-13,81.613255491773,163.226510983546,True,646.0552102691825,1369.8630136986312,278.25794234108184,15.88230264503892,24.000000000000018,8784.0,43651.43265159973,163.226510983546,81.613255491773
spain_huelva,2016,flex_ml0p6_b24,high_investment_small_cavern,2.0,30.468745693440656,0,infeasible,2,The problem is infeasible. (HiGHS Status 8: model_status is Infeasible; primal_status is None),highs-ds,hourly,cyclic,True,0.6,1.5,0.6,24.0,0.4444444444444445,0.0,0.587,0,,,,,,,,,,,,,,False,,,,,,,,,
spain_huelva,2016,flex_ml0p6_b24,high_investment_small_cavern,2.0,30.468745693440656,1,infeasible,2,The problem is infeasible. (HiGHS Status 8: model_status is Infeasible; primal_status is None),highs-ds,hourly,cyclic,True,0.6,1.5,0.6,24.0,0.4444444444444445,0.0,0.587,1,,,,,,,,,,,,,,False,,,,,,,,,
spain_huelva,2016,flex_ml0p6_b24,high_investment_small_cavern,2.0,30.468745693440656,2,optimal,0,Optimization terminated successfully. (HiGHS Status 7: Optimal),highs-ds,hourly,cyclic,True,0.6,1.5,0.6,24.0,0.4444444444444445,0.0,0.587,2,11511.67511249365,64.83514668096161,11.63727907440026,400.49221295826175,5.7411853049416095e-12,1.2434497875801753e-12,1.9787727012499087e-10,2.0008883439004416e-10,0.0,3.552713678800501e-15,5.684341886080804e-14,163.226510983546,192.9157292062561,True,657.0590817633362,664.2282576712478,400.49221295826175,22.859144575243253,11.63727907440026,8784.0,87302.86530319946,326.453021967092,163.226510983546
spain_huelva,2016,rigid,high_investment_small_cavern,2.0,30.468745693440656,0,infeasible,2,The problem is infeasible. (HiGHS Status 8: model_status is Infeasible; primal_status is None),highs-ds,hourly,cyclic,False,1.0,1.5,0.6,0.0,0.4444444444444445,0.0,0.587,0,,,,,,,,,,,,,,False,,,,,,,,,
spain_huelva,2016,rigid,high_investment_small_cavern,2.0,30.468745693440656,1,infeasible,2,The problem is infeasible. (HiGHS Status 8: model_status is Infeasible; primal_status is None),highs-ds,hourly,cyclic,False,1.0,1.5,0.6,0.0,0.4444444444444445,0.0,0.587,1,,,,,,,,,,,,,,False,,,,,,,,,
spain_huelva,2016,rigid,high_investment_small_cavern,2.0,30.468745693440656,2,optimal,0,Optimization terminated successfully. (HiGHS Status 7: Optimal),highs-ds,hourly,cyclic,False,1.0,1.5,0.6,0.0,0.4444444444444445,0.0,0.587,2,15830.873042593954,89.1613918716581,-0.0,436.288186354587,6.821210263296962e-12,9.094947017729282e-13,0.0,0.0,0.0,3.552713678800501e-15,0.0,163.226510983546,177.55300484072126,True,903.5886439836733,-0.0,436.288186354587,24.902293741700174,0.0,8784.0,87302.86530319946,326.453021967092,163.226510983546
spain_huelva,2017,flex_ml0p4_b24,high_investment_small_cavern,2.0,30.468745693440656,0,infeasible,2,The problem is infeasible. (HiGHS Status 8: model_status is Infeasible; primal_status is None),highs-ds,hourly,cyclic,True,0.4,1.5,0.6,24.0,0.4444444444444445,0.0,0.587,0,,,,,,,,,,,,,,False,,,,,,,,,
spain_huelva,2017,flex_ml0p4_b24,high_investment_small_cavern,2.0,30.468745693440656,1,optimal,0,Optimization terminated successfully. (HiGHS Status 7: Optimal),highs-ds,hourly,cyclic,True,0.4,1.5,0.6,24.0,0.4444444444444445,0.0,0.587,1,17296.322316310947,97.41497944136222,24.000000000000387,405.2994181473524,5.1727511163335285e-12,1.7337242752546445e-12,1.5898526939395194e-10,1.6007106751203534e-10,0.0,3.552713678800501e-15,0.0,81.613255491773,163.226510983546,True,987.2330089218576,1369.863013698652,405.2994181473524,23.13352843306805,24.000000000000387,8760.0,43651.43265159973,163.226510983546,81.613255491773
spain_huelva,2017,flex_ml0p6_b24,high_investment_small_cavern,2.0,30.468745693440656,0,infeasible,2,The problem is infeasible. (HiGHS Status 8: model_status is Infeasible; primal_status is None),highs-ds,hourly,cyclic,True,0.6,1.5,0.6,24.0,0.4444444444444445,0.0,0.587,0,,,,,,,,,,,,,,False,,,,,,,,,
spain_huelva,2017,flex_ml0p6_b24,high_investment_small_cavern,2.0,30.468745693440656,1,optimal,0,Optimization terminated successfully. (HiGHS Status 7: Optimal),highs-ds,hourly,cyclic,True,0.6,1.5,0.6,24.0,0.4444444444444445,0.0,0.587,1,41781.00311899211,235.3156633787916,3.8160832059389023,597.897717655206,3.0127011996228248e-12,2.755662364961608e-11,1.2313305930433669e-10,1.2369127944111824e-10,0.0,1.7763568394002505e-15,1.7763568394002505e-15,81.613255491773,159.79770435664912,True,2384.760451997266,217.8129683755081,597.897717655206,34.12658205794555,3.8160832059389023,8760.0,43651.43265159973,163.226510983546,81.613255491773
spain_huelva,2017,rigid,high_investment_small_cavern,2.0,30.468745693440656,0,infeasible,2,The problem is infeasible. (HiGHS Status 8: model_status is Infeasible; primal_status is None),highs-ds,hourly,cyclic,False,1.0,1.5,0.6,0.0,0.4444444444444445,0.0,0.587,0,,,,,,,,,,,,,,False,,,,,,,,,
spain_huelva,2017,rigid,high_investment_small_cavern,2.0,30.468745693440656,1,infeasible,2,The problem is infeasible. (HiGHS Status 8: model_status is Infeasible; primal_status is None),highs-ds,hourly,cyclic,False,1.0,1.5,0.6,0.0,0.4444444444444445,0.0,0.587,1,,,,,,,,,,,,,,False,,,,,,,,,
spain_huelva,2017,rigid,high_investment_small_cavern,2.0,30.468745693440656,2,optimal,0,Optimization terminated successfully. (HiGHS Status 7: Optimal),highs-ds,hourly,cyclic,False,1.0,1.5,0.6,0.0,0.4444444444444445,0.0,0.587,2,23225.461643823943,130.8086093201237,-0.0,595.7344234433032,6.87805368215777e-12,1.7763568394002505e-12,0.0,0.0,0.0,3.552713678800501e-15,3.907985046680551e-14,163.226510983546,177.55300484072126,True,1325.6542034146084,-0.0,595.7344234433032,34.00310636091913,0.0,8760.0,87302.86530319946,326.453021967092,163.226510983546
spain_huelva,2018,flex_ml0p4_b24,high_investment_small_cavern,2.0,30.468745693440656,0,infeasible,2,The problem is infeasible. (HiGHS Status 8: model_status is Infeasible; primal_status is None),highs-ds,hourly,cyclic,True,0.4,1.5,0.6,24.0,0.4444444444444445,0.0,0.587,0,,,,,,,,,,,,,,False,,,,,,,,,
spain_huelva,2018,flex_ml0p4_b24,high_investment_small_cavern,2.0,30.468745693440656,1,optimal,0,Optimization terminated successfully. (HiGHS Status 7: Optimal),highs-ds,hourly,cyclic,True,0.4,1.5,0.6,24.0,0.4444444444444445,0.0,0.587,1,30773.278070862016,173.31882441791407,23.99999999999864,695.5346420834569,6.963318810448982e-12,2.3035795493342448e-11,1.4485790345020175e-10,1.4551915228366852e-10,0.0,3.552713678800501e-15,0.0,81.613255491773,163.226510983546,True,1756.465643314042,1369.8630136985523,695.5346420834569,39.69946587234343,23.99999999999864,8760.0,43651.43265159973,163.226510983546,81.613255491773
spain_huelva,2018,flex_ml0p6_b24,high_investment_small_cavern,2.0,30.468745693440656,0,infeasible,2,The problem is infeasible. (HiGHS Status 8: model_status is Infeasible; primal_status is None),highs-ds,hourly,cyclic,True,0.6,1.5,0.6,24.0,0.4444444444444445,0.0,0.587,0,,,,,,,,,,,,,,False,,,,,,,,,
spain_huelva,2018,flex_ml0p6_b24,high_investment_small_cavern,2.0,30.468745693440656,1,infeasible,2,The problem is infeasible. (HiGHS Status 8: model_status is Infeasible; primal_status is None),highs-ds,hourly,cyclic,True,0.6,1.5,0.6,24.0,0.4444444444444445,0.0,0.587,1,,,,,,,,,,,,,,False,,,,,,,,,
spain_huelva,2018,flex_ml0p6_b24,high_investment_small_cavern,2.0,30.468745693440656,2,optimal,0,Optimization terminated successfully. (HiGHS Status 7: Optimal),highs-ds,hourly,cyclic,True,0.6,1.5,0.6,24.0,0.4444444444444445,0.0,0.587,2,19544.474731205995,110.0768457776251,5.214870303208053,649.6541636760737,6.73594513500575e-12,1.7905676941154525e-12,2.42472930622739e-10,2.4374458007514477e-10,0.0,3.552713678800501e-15,0.0,163.226510983546,187.0773103871504,True,1115.5522106852736,297.6524145666697,649.6541636760737,37.08071710479873,5.214870303208053,8760.0,87302.86530319946,326.453021967092,163.226510983546
spain_huelva,2018,rigid,high_investment_small_cavern,2.0,30.468745693440656,0,infeasible,2,The problem is infeasible. (HiGHS Status 8: model_status is Infeasible; primal_status is None),highs-ds,hourly,cyclic,False,1.0,1.5,0.6,0.0,0.4444444444444445,0.0,0.587,0,,,,,,,,,,,,,,False,,,,,,,,,
spain_huelva,2018,rigid,high_investment_small_cavern,2.0,30.468745693440656,1,infeasible,2,The problem is infeasible. (HiGHS Status 8: model_status is Infeasible; primal_status is None),highs-ds,hourly,cyclic,False,1.0,1.5,0.6,0.0,0.4444444444444445,0.0,0.587,1,,,,,,,,,,,,,,False,,,,,,,,,
spain_huelva,2018,rigid,high_investment_small_cavern,2.0,30.468745693440656,2,optimal,0,Optimization terminated successfully. (HiGHS Status 7: Optimal),highs-ds,hourly,cyclic,False,1.0,1.5,0.6,0.0,0.4444444444444445,0.0,0.587,2,37664.653483886905,212.1318843219522,-0.0,1114.475997852566,6.73594513500575e-12,3.637978807091713e-12,0.0,0.0,0.0,3.552713678800501e-15,0.0,163.226510983546,177.55300484072126,True,2149.80898880633,-0.0,1114.475997852566,63.61164371304601,0.0,8760.0,87302.86530319946,326.453021967092,163.226510983546
spain_huelva,2019,flex_ml0p4_b24,high_investment_small_cavern,2.0,30.468745693440656,0,infeasible,2,The problem is infeasible. (HiGHS Status 8: model_status is Infeasible; primal_status is None),highs-ds,hourly,cyclic,True,0.4,1.5,0.6,24.0,0.4444444444444445,0.0,0.587,0,,,,,,,,,,,,,,False,,,,,,,,,
spain_huelva,2019,flex_ml0p4_b24,high_investment_small_cavern,2.0,30.468745693440656,1,optimal,0,Optimization terminated successfully. (HiGHS Status 7: Optimal),highs-ds,hourly,cyclic,True,0.4,1.5,0.6,24.0,0.4444444444444445,0.0,0.587,1,10374.742365825548,58.43180392881828,23.99999999992264,324.4202573061151,5.1727511163335285e-12,1.815436689867056e-12,9.712897153235643e-11,9.822542779147624e-11,0.0,3.552713678800501e-15,1.348997358263659e-09,81.613255491773,163.226510983546,True,592.1656601498601,1369.8630136942145,324.4202573061151,18.517137974093327,23.99999999992264,8760.0,43651.43265159973,163.226510983546,81.613255491773
spain_huelva,2019,flex_ml0p6_b24,high_investment_small_cavern,2.0,30.468745693440656,0,infeasible,2,The problem is infeasible. (HiGHS Status 8: model_status is Infeasible; primal_status is None),highs-ds,hourly,cyclic,True,0.6,1.5,0.6,24.0,0.4444444444444445,0.0,0.587,0,,,,,,,,,,,,,,False,,,,,,,,,
spain_huelva,2019,flex_ml0p6_b24,high_investment_small_cavern,2.0,30.468745693440656,1,optimal,0,Optimization terminated successfully. (HiGHS Status 7: Optimal),highs-ds,hourly,cyclic,True,0.6,1.5,0.6,24.0,0.4444444444444445,0.0,0.587,1,21968.67229640203,123.73021969473074,3.2093329641114225,982.7561929828694,3.296918293926865e-12,5.1727511163335285e-12,7.383027522678276e-11,7.457856554538012e-11,0.0,3.552713678800501e-15,0.0,81.61325549182948,159.79770435664912,True,1253.9196516211205,183.1811052575013,982.7561929828694,56.09339001043775,3.2093329641114225,8760.0,43651.43265159973,163.226510983546,81.613255491773
spain_huelva,2019,rigid,high_investment_small_cavern,2.0,30.468745693440656,0,infeasible,2,The problem is infeasible. (HiGHS Status 8: model_status is Infeasible; primal_status is None),highs-ds,hourly,cyclic,False,1.0,1.5,0.6,0.0,0.4444444444444445,0.0,0.587,0,,,,,,,,,,,,,,False,,,,,,,,,
spain_huelva,2019,rigid,high_investment_small_cavern,2.0,30.468745693440656,1,infeasible,2,The problem is infeasible. (HiGHS Status 8: model_status is Infeasible; primal_status is None),highs-ds,hourly,cyclic,False,1.0,1.5,0.6,0.0,0.4444444444444445,0.0,0.587,1,,,,,,,,,,,,,,False,,,,,,,,,
spain_huelva,2019,rigid,high_investment_small_cavern,2.0,30.468745693440656,2,optimal,0,Optimization terminated successfully. (HiGHS Status 7: Optimal),highs-ds,hourly,cyclic,False,1.0,1.5,0.6,0.0,0.4444444444444445,0.0,0.587,2,15687.256554040345,88.35252643633389,-0.0,482.4438158395384,6.934897101018578e-12,9.094947017729282e-13,0.0,0.0,0.0,3.552713678800501e-15,3.730349362740527e-14,163.226510983546,177.55300484072126,True,895.3913558242205,-0.0,482.4438158395384,27.536747479425703,0.0,8760.0,87302.86530319946,326.453021967092,163.226510983546
spain_huelva,2020,flex_ml0p4_b24,high_investment_small_cavern,2.0,30.468745693440656,0,infeasible,2,The problem is infeasible. (HiGHS Status 8: model_status is Infeasible; primal_status is None),highs-ds,hourly,cyclic,True,0.4,1.5,0.6,24.0,0.4444444444444445,0.0,0.587,0,,,,,,,,,,,,,,False,,,,,,,,,
spain_huelva,2020,flex_ml0p4_b24,high_investment_small_cavern,2.0,30.468745693440656,1,optimal,0,Optimization terminated successfully. (HiGHS Status 7: Optimal),highs-ds,hourly,cyclic,True,0.4,1.5,0.6,24.0,0.4444444444444445,0.0,0.587,1,28282.06545867091,159.2880136500202,23.99999999996673,841.9725479057562,9.038103598868474e-12,8.490985692333197e-11,3.730349362740527e-14,0.0,0.0,3.552713678800501e-15,2.468748760975359e-09,81.613255491773,163.226510983546,True,1614.2731426182029,1369.8630136967313,841.9725479057562,48.05779383023723,23.99999999996673,8784.0,43651.43265159973,163.226510983546,81.613255491773
spain_huelva,2020,flex_ml0p6_b24,high_investment_small_cavern,2.0,30.468745693440656,0,infeasible,2,The problem is infeasible. (HiGHS Status 8: model_status is Infeasible; primal_status is None),highs-ds,hourly,cyclic,True,0.6,1.5,0.6,24.0,0.4444444444444445,0.0,0.587,0,,,,,,,,,,,,,,False,,,,,,,,,
spain_huelva,2020,flex_ml0p6_b24,high_investment_small_cavern,2.0,30.468745693440656,1,infeasible,2,The problem is infeasible. (HiGHS Status 8: model_status is Infeasible; primal_status is None),highs-ds,hourly,cyclic,True,0.6,1.5,0.6,24.0,0.4444444444444445,0.0,0.587,1,,,,,,,,,,,,,,False,,,,,,,,,
spain_huelva,2020,flex_ml0p6_b24,high_investment_small_cavern,2.0,30.468745693440656,2,optimal,0,Optimization terminated successfully. (HiGHS Status 7: Optimal),highs-ds,hourly,cyclic,True,0.6,1.5,0.6,24.0,0.4444444444444445,0.0,0.587,2,17825.445476398632,100.39506508149177,14.034836145675298,550.7665266884259,7.44648787076585e-12,3.325340003357269e-12,3.8675596059079003e-10,3.8562575355172157e-10,0.0,3.552713678800501e-15,0.0,163.226510983546,205.7080060494196,True,1017.4341025341683,801.0751224700513,550.7665266884259,31.43644558723892,14.034836145675298,8784.0,87302.86530319946,326.453021967092,163.226510983546
spain_huelva,2020,rigid,high_investment_small_cavern,2.0,30.468745693440656,0,infeasible,2,The problem is infeasible. (HiGHS Status 8: model_status is Infeasible; primal_status is None),highs-ds,hourly,cyclic,False,1.0,1.5,0.6,0.0,0.4444444444444445,0.0,0.587,0,,,,,,,,,,,,,,False,,,,,,,,,
spain_huelva,2020,rigid,high_investment_small_cavern,2.0,30.468745693440656,1,infeasible,2,The problem is infeasible. (HiGHS Status 8: model_status is Infeasible; primal_status is None),highs-ds,hourly,cyclic,False,1.0,1.5,0.6,0.0,0.4444444444444445,0.0,0.587,1,,,,,,,,,,,,,,False,,,,,,,,,
spain_huelva,2020,rigid,high_investment_small_cavern,2.0,30.468745693440656,2,optimal,0,Optimization terminated successfully. (HiGHS Status 7: Optimal),highs-ds,hourly,cyclic,False,1.0,1.5,0.6,0.0,0.4444444444444445,0.0,0.587,2,34978.11831486572,197.00099328785672,-0.0,1106.566579452891,5.8832938520936295e-12,3.609557097661309e-12,0.0,0.0,0.0,1.7763568394002505e-15,0.0,163.226510983546,177.55300484072126,True,1996.467940346217,-0.0,1106.566579452891,63.16019289114674,0.0,8784.0,87302.86530319946,326.453021967092,163.226510983546
spain_huelva,2021,flex_ml0p4_b24,high_investment_small_cavern,2.0,30.468745693440656,0,infeasible,2,The problem is infeasible. (HiGHS Status 8: model_status is Infeasible; primal_status is None),highs-ds,hourly,cyclic,True,0.4,1.5,0.6,24.0,0.4444444444444445,0.0,0.587,0,,,,,,,,,,,,,,False,,,,,,,,,
spain_huelva,2021,flex_ml0p4_b24,high_investment_small_cavern,2.0,30.468745693440656,1,optimal,0,Optimization terminated successfully. (HiGHS Status 7: Optimal),highs-ds,hourly,cyclic,True,0.4,1.5,0.6,24.0,0.4444444444444445,0.0,0.587,1,5166.209719480442,29.0967180426765,24.000000000000053,296.48325510424945,5.5138116294983774e-12,2.0605739337042905e-12,2.320366121466577e-14,0.0,0.0,3.552713678800501e-15,0.0,81.613255491773,163.226510983546,True,294.8749839886097,1369.8630136986333,296.48325510424945,16.922560222845288,24.000000000000053,8760.0,43651.43265159973,163.226510983546,81.613255491773
spain_huelva,2021,flex_ml0p6_b24,high_investment_small_cavern,2.0,30.468745693440656,0,infeasible,2,The problem is infeasible. (HiGHS Status 8: model_status is Infeasible; primal_status is None),highs-ds,hourly,cyclic,True,0.6,1.5,0.6,24.0,0.4444444444444445,0.0,0.587,0,,,,,,,,,,,,,,False,,,,,,,,,
spain_huelva,2021,flex_ml0p6_b24,high_investment_small_cavern,2.0,30.468745693440656,1,optimal,0,Optimization terminated successfully. (HiGHS Status 7: Optimal),highs-ds,hourly,cyclic,True,0.6,1.5,0.6,24.0,0.4444444444444445,0.0,0.587,1,26567.36733202281,149.63062639157133,1.8000000000000242,970.7277727843727,4.519051799434237e-12,3.575451046344824e-11,1.1102230246251563e-16,0.0,0.0,3.552713678800501e-15,0.0,81.613255491773,163.226510983546,True,1516.4022449784711,102.73972602739865,970.7277727843727,55.40683634614,1.8000000000000242,8760.0,43651.43265159973,163.226510983546,81.613255491773
spain_huelva,2021,rigid,high_investment_small_cavern,2.0,30.468745693440656,0,infeasible,2,The problem is infeasible. (HiGHS Status 8: model_status is Infeasible; primal_status is None),highs-ds,hourly,cyclic,False,1.0,1.5,0.6,0.0,0.4444444444444445,0.0,0.587,0,,,,,,,,,,,,,,False,,,,,,,,,
spain_huelva,2021,rigid,high_investment_small_cavern,2.0,30.468745693440656,1,infeasible,2,The problem is infeasible. (HiGHS Status 8: model_status is Infeasible; primal_status is None),highs-ds,hourly,cyclic,False,1.0,1.5,0.6,0.0,0.4444444444444445,0.0,0.587,1,,,,,,,,,,,,,,False,,,,,,,,,
spain_huelva,2021,rigid,high_investment_small_cavern,2.0,30.468745693440656,2,optimal,0,Optimization terminated successfully. (HiGHS Status 7: Optimal),highs-ds,hourly,cyclic,False,1.0,1.5,0.6,0.0,0.4444444444444445,0.0,0.587,2,10288.957946736731,57.948655704062695,-0.0,472.6923070650224,6.423306331271306e-12,9.094947017729282e-13,0.0,0.0,0.0,3.552713678800501e-15,0.0,163.226510983546,177.55300484072126,True,587.2692891973021,-0.0,472.6923070650224,26.980154512843743,0.0,8760.0,87302.86530319946,326.453021967092,163.226510983546
spain_huelva,2022,flex_ml0p4_b24,high_investment_small_cavern,2.0,30.468745693440656,0,infeasible,2,The problem is infeasible. (HiGHS Status 8: model_status is Infeasible; primal_status is None),highs-ds,hourly,cyclic,True,0.4,1.5,0.6,24.0,0.4444444444444445,0.0,0.587,0,,,,,,,,,,,,,,False,,,,,,,,,
spain_huelva,2022,flex_ml0p4_b24,high_investment_small_cavern,2.0,30.468745693440656,1,optimal,0,Optimization terminated successfully. (HiGHS Status 7: Optimal),highs-ds,hourly,cyclic,True,0.4,1.5,0.6,24.0,0.4444444444444445,0.0,0.587,1,26850.803652679544,151.22697403384856,23.99999999999952,495.7215808070964,5.172751116333529e-12,1.5362822125553066e-10,2.276201449546988e-10,2.2919266484677792e-10,0.0,3.552713678800501e-15,6.679101716144944e-13,81.613255491773,163.226510983546,True,1532.5801171620744,1369.8630136986026,495.7215808070964,28.29461077666076,23.99999999999952,8760.0,43651.43265159973,163.226510983546,81.613255491773
spain_huelva,2022,flex_ml0p6_b24,high_investment_small_cavern,2.0,30.468745693440656,0,infeasible,2,The problem is infeasible. (HiGHS Status 8: model_status is Infeasible; primal_status is None),highs-ds,hourly,cyclic,True,0.6,1.5,0.6,24.0,0.4444444444444445,0.0,0.587,0,,,,,,,,,,,,,,False,,,,,,,,,
spain_huelva,2022,flex_ml0p6_b24,high_investment_small_cavern,2.0,30.468745693440656,1,infeasible,2,The problem is infeasible. (HiGHS Status 8: model_status is Infeasible; primal_status is None),highs-ds,hourly,cyclic,True,0.6,1.5,0.6,24.0,0.4444444444444445,0.0,0.587,1,,,,,,,,,,,,,,False,,,,,,,,,
spain_huelva,2022,flex_ml0p6_b24,high_investment_small_cavern,2.0,30.468745693440656,2,optimal,0,Optimization terminated successfully. (HiGHS Status 7: Optimal),highs-ds,hourly,cyclic,True,0.6,1.5,0.6,24.0,0.4444444444444445,0.0,0.587,2,18533.971740800764,104.38557070564458,7.805571360403455,633.8107584209754,5.2864379540551446e-12,1.854516540333861e-12,3.1770563957422837e-10,3.2014213502407074e-10,0.0,3.552713678800501e-15,6.039613253960854e-14,163.226510983546,176.50131376617702,True,1057.8750993607744,445.52347947508304,633.8107584209754,36.17641315188216,7.805571360403455,8760.0,87302.86530319946,326.453021967092,163.226510983546
spain_huelva,2022,rigid,high_investment_small_cavern,2.0,30.468745693440656,0,infeasible,2,The problem is infeasible. (HiGHS Status 8: model_status is Infeasible; primal_status is None),highs-ds,hourly,cyclic,False,1.0,1.5,0.6,0.0,0.4444444444444445,0.0,0.587,0,,,,,,,,,,,,,,False,,,,,,,,,
spain_huelva,2022,rigid,high_investment_small_cavern,2.0,30.468745693440656,1,infeasible,2,The problem is infeasible. (HiGHS Status 8: model_status is Infeasible; primal_status is None),highs-ds,hourly,cyclic,False,1.0,1.5,0.6,0.0,0.4444444444444445,0.0,0.587,1,,,,,,,,,,,,,,False,,,,,,,,,
spain_huelva,2022,rigid,high_investment_small_cavern,2.0,30.468745693440656,2,optimal,0,Optimization terminated successfully. (HiGHS Status 7: Optimal),highs-ds,hourly,cyclic,False,1.0,1.5,0.6,0.0,0.4444444444444445,0.0,0.587,2,32788.1876891085,184.6670391105013,-0.0,752.8356955679185,6.565414878423326e-12,1.8189894035458565e-12,0.0,0.0,0.0,3.552713678800501e-15,0.0,163.226510983546,177.55300484072126,True,1871.4719000632704,-0.0,752.8356955679185,42.97007394794056,0.0,8760.0,87302.86530319946,326.453021967092,163.226510983546
spain_huelva,2023,flex_ml0p4_b24,high_investment_small_cavern,2.0,30.468745693440656,0,infeasible,2,The problem is infeasible. (HiGHS Status 8: model_status is Infeasible; primal_status is None),highs-ds,hourly,cyclic,True,0.4,1.5,0.6,24.0,0.4444444444444445,0.0,0.587,0,,,,,,,,,,,,,,False,,,,,,,,,
spain_huelva,2023,flex_ml0p4_b24,high_investment_small_cavern,2.0,30.468745693440656,1,optimal,0,Optimization terminated successfully. (HiGHS Status 7: Optimal),highs-ds,hourly,cyclic,True,0.4,1.5,0.6,24.0,0.4444444444444445,0.0,0.587,1,27540.419605377665,155.11097449510103,23.999999999961958,949.8413669265232,5.1727511163335285e-12,1.8189894035458565e-12,2.010174249278407e-10,2.0190782379359007e-10,0.0,3.552713678800501e-15,2.1858603815871902e-10,81.613255491773,163.226510983546,True,1571.941758297812,1369.863013696459,949.8413669265232,54.21468989306639,23.999999999961958,8760.0,43651.43265159973,163.226510983546,81.613255491773
spain_huelva,2023,flex_ml0p6_b24,high_investment_small_cavern,2.0,30.468745693440656,0,infeasible,2,The problem is infeasible. (HiGHS Status 8: model_status is Infeasible; primal_status is None),highs-ds,hourly,cyclic,True,0.6,1.5,0.6,24.0,0.4444444444444445,0.0,0.587,0,,,,,,,,,,,,,,False,,,,,,,,,
spain_huelva,2023,flex_ml0p6_b24,high_investment_small_cavern,2.0,30.468745693440656,1,infeasible,2,The problem is infeasible. (HiGHS Status 8: model_status is Infeasible; primal_status is None),highs-ds,hourly,cyclic,True,0.6,1.5,0.6,24.0,0.4444444444444445,0.0,0.587,1,,,,,,,,,,,,,,False,,,,,,,,,
spain_huelva,2023,flex_ml0p6_b24,high_investment_small_cavern,2.0,30.468745693440656,2,optimal,0,Optimization terminated successfully. (HiGHS Status 7: Optimal),highs-ds,hourly,cyclic,True,0.6,1.5,0.6,24.0,0.4444444444444445,0.0,0.587,2,15731.964134126398,88.6043249351887,4.34849468121462,734.7679823286726,6.764366844436154e-12,9.094947017729282e-13,2.8639268734309553e-10,2.8740032576024527e-10,0.0,3.552713678800501e-15,3.7303493627405266e-14,163.226510983546,169.2326611618244,True,897.9431583405478,248.2017512108801,734.7679823286726,41.93881177675072,4.34849468121462,8760.0,87302.86530319946,326.453021967092,163.226510983546
spain_huelva,2023,rigid,high_investment_small_cavern,2.0,30.468745693440656,0,infeasible,2,The problem is infeasible. (HiGHS Status 8: model_status is Infeasible; primal_status is None),highs-ds,hourly,cyclic,False,1.0,1.5,0.6,0.0,0.4444444444444445,0.0,0.587,0,,,,,,,,,,,,,,False,,,,,,,,,
spain_huelva,2023,rigid,high_investment_small_cavern,2.0,30.468745693440656,1,infeasible,2,The problem is infeasible. (HiGHS Status 8: model_status is Infeasible; primal_status is None),highs-ds,hourly,cyclic,False,1.0,1.5,0.6,0.0,0.4444444444444445,0.0,0.587,1,,,,,,,,,,,,,,False,,,,,,,,,
spain_huelva,2023,rigid,high_investment_small_cavern,2.0,30.468745693440656,2,optimal,0,Optimization terminated successfully. (HiGHS Status 7: Optimal),highs-ds,hourly,cyclic,False,1.0,1.5,0.6,0.0,0.4444444444444445,0.0,0.587,2,36426.07811771969,205.15607804214125,-0.0,1274.3978650263157,6.59383658785373e-12,3.637978807091713e-12,0.0,0.0,0.0,1.6653345369377348e-15,0.0,163.226510983546,177.55300484072126,True,2079.114047815051,-0.0,1274.3978650263157,72.73960416816871,0.0,8760.0,87302.86530319946,326.453021967092,163.226510983546
spain_puertollano,2015,flex_ml0p4_b24,high_investment_small_cavern,2.0,15.234372846720328,0,infeasible,2,The problem is infeasible. (HiGHS Status 8: model_status is Infeasible; primal_status is None),highs-ds,hourly,cyclic,True,0.4,1.5,0.6,24.0,0.4444444444444445,0.0,0.587,0,,,,,,,,,,,,,,False,,,,,,,,,
spain_puertollano,2015,flex_ml0p4_b24,high_investment_small_cavern,2.0,15.234372846720328,1,optimal,0,Optimization terminated successfully. (HiGHS Status 7: Optimal),highs-ds,hourly,cyclic,True,0.4,1.5,0.6,24.0,0.4444444444444445,0.0,0.587,1,40432.06492665951,227.7182803125759,23.999999999846263,792.0265295689659,8.697043085703626e-12,3.637978807091713e-12,2.9823032932085875e-10,3.0013325158506627e-10,0.0,3.552713678800501e-15,1.2515446456973223e-09,163.226510983546,266.32950726108186,True,2307.766262937186,1369.8630136898553,792.0265295689659,45.20699369685879,23.999999999846263,8760.0,87302.86530319946,326.453021967092,163.226510983546
spain_puertollano,2015,flex_ml0p6_b24,high_investment_small_cavern,2.0,15.234372846720328,0,infeasible,2,The problem is infeasible. (HiGHS Status 8: model_status is Infeasible; primal_status is None),highs-ds,hourly,cyclic,True,0.6,1.5,0.6,24.0,0.4444444444444445,0.0,0.587,0,,,,,,,,,,,,,,False,,,,,,,,,
spain_puertollano,2015,flex_ml0p6_b24,high_investment_small_cavern,2.0,15.234372846720328,1,optimal,0,Optimization terminated successfully. (HiGHS Status 7: Optimal),highs-ds,hourly,cyclic,True,0.6,1.5,0.6,24.0,0.4444444444444445,0.0,0.587,1,55941.04808663334,315.06674942965213,9.09940354299268,1019.9174965836272,6.139089236967266e-12,3.637978807091713e-12,4.929656682861604e-10,4.94765117764473e-10,0.0,3.552713678800501e-15,0.0,163.226510983546,159.79770435664912,True,3192.982196725647,519.372348344331,1019.9174965836272,58.21446898308376,9.09940354299268,8760.0,87302.86530319946,326.453021967092,163.226510983546
spain_puertollano,2015,rigid,high_investment_small_cavern,2.0,15.234372846720328,0,infeasible,2,The problem is infeasible. (HiGHS Status 8: model_status is Infeasible; primal_status is None),highs-ds,hourly,cyclic,False,1.0,1.5,0.6,0.0,0.4444444444444445,0.0,0.587,0,,,,,,,,,,,,,,False,,,,,,,,,
spain_puertollano,2015,rigid,high_investment_small_cavern,2.0,15.234372846720328,1,infeasible,2,The problem is infeasible. (HiGHS Status 8: model_status is Infeasible; primal_status is None),highs-ds,hourly,cyclic,False,1.0,1.5,0.6,0.0,0.4444444444444445,0.0,0.587,1,,,,,,,,,,,,,,False,,,,,,,,,
spain_puertollano,2015,rigid,high_investment_small_cavern,2.0,15.234372846720328,2,optimal,0,Optimization terminated successfully. (HiGHS Status 7: Optimal),highs-ds,hourly,cyclic,False,1.0,1.5,0.6,0.0,0.4444444444444445,0.0,0.587,2,33555.68146495943,188.98965689181924,-0.0,937.3539453366936,7.503331289626658e-12,3.623767952376511e-12,0.0,0.0,0.0,1.7763568394002505e-15,2.238209617644316e-13,326.453021967092,504.00602680781327,True,1915.2786224291915,-0.0,937.3539453366936,53.50193751921768,0.0,8760.0,174605.73060639892,652.906043934184,326.453021967092
spain_puertollano,2016,flex_ml0p4_b24,high_investment_small_cavern,2.0,15.234372846720328,0,infeasible,2,The problem is infeasible. (HiGHS Status 8: model_status is Infeasible; primal_status is None),highs-ds,hourly,cyclic,True,0.4,1.5,0.6,24.0,0.4444444444444445,0.0,0.587,0,,,,,,,,,,,,,,False,,,,,,,,,
spain_puertollano,2016,flex_ml0p4_b24,high_investment_small_cavern,2.0,15.234372846720328,1,optimal,0,Optimization terminated successfully. (HiGHS Status 7: Optimal),highs-ds,hourly,cyclic,True,0.4,1.5,0.6,24.0,0.4444444444444445,0.0,0.587,1,24214.52509117622,136.37913429231185,24.000000000000234,455.907949460266,1.9468870959826745e-11,1.034550223266706e-11,2.0363755126595606e-10,2.0372681319713595e-10,0.0,3.552713678800501e-15,0.0,163.226510983546,266.32950726108186,True,1382.107596528323,1369.8630136986435,455.907949460266,26.022143234033447,24.000000000000234,8784.0,87302.86530319946,326.453021967092,163.226510983546
spain_puertollano,2016,flex_ml0p6_b24,high_investment_small_cavern,2.0,15.234372846720328,0,infeasible,2,The problem is infeasible. (HiGHS Status 8: model_status is Infeasible; primal_status is None),highs-ds,hourly,cyclic,True,0.6,1.5,0.6,24.0,0.4444444444444445,0.0,0.587,0,,,,,,,,,,,,,,False,,,,,,,,,
spain_puertollano,2016,flex_ml0p6_b24,high_investment_small_cavern,2.0,15.234372846720328,1,optimal,0,Optimization terminated successfully. (HiGHS Status 7: Optimal),highs-ds,hourly,cyclic,True,0.6,1.5,0.6,24.0,0.4444444444444445,0.0,0.587,1,26217.950850463065,147.6626705021556,18.921870824037715,707.8928506518773,4.831690603168681e-12,1.8189894035458565e-12,3.9298297949130756e-10,3.92901711165905e-10,0.0,3.552713678800501e-15,6.039613253960853e-14,163.226510983546,159.79770435664912,True,1496.4583818757458,1080.0154579930202,707.8928506518773,40.40484307373729,18.921870824037715,8784.0,87302.86530319946,326.453021967092,163.226510983546
spain_puertollano,2016,rigid,high_investment_small_cavern,2.0,15.234372846720328,0,infeasible,2,The problem is infeasible. (HiGHS Status 8: model_status is Infeasible; primal_status is None),highs-ds,hourly,cyclic,False,1.0,1.5,0.6,0.0,0.4444444444444445,0.0,0.587,0,,,,,,,,,,,,,,False,,,,,,,,,
spain_puertollano,2016,rigid,high_investment_small_cavern,2.0,15.234372846720328,1,optimal,0,Optimization terminated successfully. (HiGHS Status 7: Optimal),highs-ds,hourly,cyclic,False,1.0,1.5,0.6,0.0,0.4444444444444445,0.0,0.587,1,50111.248147640574,282.23261100308736,-0.0,1360.0907136269686,6.45172804070171e-12,3.637978807091713e-12,0.0,0.0,0.0,3.552713678800501e-15,0.0,163.226510983546,177.55300484072126,True,2860.231058655284,-0.0,1360.0907136269686,77.63074849469,0.0,8784.0,87302.86530319946,326.453021967092,163.226510983546
spain_puertollano,2017,flex_ml0p4_b24,high_investment_small_cavern,2.0,15.234372846720328,0,infeasible,2,The problem is infeasible. (HiGHS Status 8: model_status is Infeasible; primal_status is None),highs-ds,hourly,cyclic,True,0.4,1.5,0.6,24.0,0.4444444444444445,0.0,0.587,0,,,,,,,,,,,,,,False,,,,,,,,,
spain_puertollano,2017,flex_ml0p4_b24,high_investment_small_cavern,2.0,15.234372846720328,1,optimal,0,Optimization terminated successfully. (HiGHS Status 7: Optimal),highs-ds,hourly,cyclic,True,0.4,1.5,0.6,24.0,0.4444444444444445,0.0,0.587,1,12259.60996004388,69.04760621225023,24.00000000000013,479.6842016030176,3.113598268100759e-11,1.538325022920617e-12,2.1700685692849217e-10,2.1827872842550278e-10,0.0,3.552713678800501e-15,0.0,163.226510983546,266.32950726108186,True,699.7494269431439,1369.8630136986376,479.6842016030176,27.379235251313787,24.00000000000013,8760.0,87302.86530319946,326.453021967092,163.226510983546
spain_puertollano,2017,flex_ml0p6_b24,high_investment_small_cavern,2.0,15.234372846720328,0,infeasible,2,The problem is infeasible. (HiGHS Status 8: model_status is Infeasible; primal_status is None),highs-ds,hourly,cyclic,True,0.6,1.5,0.6,24.0,0.4444444444444445,0.0,0.587,0,,,,,,,,,,,,,,False,,,,,,,,,
spain_puertollano,2017,flex_ml0p6_b24,high_investment_small_cavern,2.0,15.234372846720328,1,optimal,0,Optimization terminated successfully. (HiGHS Status 7: Optimal),highs-ds,hourly,cyclic,True,0.6,1.5,0.6,24.0,0.4444444444444445,0.0,0.587,1,23212.365570641447,130.73485065186438,5.753037440624875,868.6964442873507,5.3148596634855486e-12,1.0544454198679888e-11,4.02909705599086e-10,4.0381564758718014e-10,0.0,3.552713678800501e-15,0.0,163.226510983546,177.55300484072126,True,1324.9067106530506,328.3697169306436,868.6964442873507,49.583130381698105,5.753037440624875,8760.0,87302.86530319946,326.453021967092,163.226510983546
spain_puertollano,2017,rigid,high_investment_small_cavern,2.0,15.234372846720328,0,infeasible,2,The problem is infeasible. (HiGHS Status 8: model_status is Infeasible; primal_status is None),highs-ds,hourly,cyclic,False,1.0,1.5,0.6,0.0,0.4444444444444445,0.0,0.587,0,,,,,,,,,,,,,,False,,,,,,,,,
spain_puertollano,2017,rigid,high_investment_small_cavern,2.0,15.234372846720328,1,optimal,0,Optimization terminated successfully. (HiGHS Status 7: Optimal),highs-ds,hourly,cyclic,False,1.0,1.5,0.6,0.0,0.4444444444444445,0.0,0.587,1,48465.0118345193,272.96080895953384,-0.0,1364.4766115556774,6.821210263296962e-12,3.637978807091713e-12,0.0,0.0,0.0,1.7763568394002505e-15,0.0,163.226510983546,177.55300484072126,True,2766.267798773933,-0.0,1364.4766115556774,77.88108513445647,0.0,8760.0,87302.86530319946,326.453021967092,163.226510983546
spain_puertollano,2018,flex_ml0p4_b24,high_investment_small_cavern,2.0,15.234372846720328,0,infeasible,2,The problem is infeasible. (HiGHS Status 8: model_status is Infeasible; primal_status is None),highs-ds,hourly,cyclic,True,0.4,1.5,0.6,24.0,0.4444444444444445,0.0,0.587,0,,,,,,,,,,,,,,False,,,,,,,,,
spain_puertollano,2018,flex_ml0p4_b24,high_investment_small_cavern,2.0,15.234372846720328,1,optimal,0,Optimization terminated successfully. (HiGHS Status 7: Optimal),highs-ds,hourly,cyclic,True,0.4,1.5,0.6,24.0,0.4444444444444445,0.0,0.587,1,16365.238426880867,92.17100235257492,24.000000000000647,498.2640014405555,3.149125404888764e-11,1.0075495993078219e-11,2.3596191667252237e-10,2.364686224609613e-10,0.0,3.552713678800501e-15,0.0,163.226510983546,266.32950726108186,True,934.0889513059856,1369.8630136986671,498.2640014405555,28.439726109620747,24.00000000000066,8760.0,87302.86530319946,326.453021967092,163.226510983546
spain_puertollano,2018,flex_ml0p6_b24,high_investment_small_cavern,2.0,15.234372846720328,0,infeasible,2,The problem is infeasible. (HiGHS Status 8: model_status is Infeasible; primal_status is None),highs-ds,hourly,cyclic,True,0.6,1.5,0.6,24.0,0.4444444444444445,0.0,0.587,0,,,,,,,,,,,,,,False,,,,,,,,,
spain_puertollano,2018,flex_ml0p6_b24,high_investment_small_cavern,2.0,15.234372846720328,1,optimal,0,Optimization terminated successfully. (HiGHS Status 7: Optimal),highs-ds,hourly,cyclic,True,0.6,1.5,0.6,24.0,0.4444444444444445,0.0,0.587,1,24870.77980914033,140.0752402441814,3.7000000000000246,609.4266238179126,5.2864379540551446e-12,1.240607616637135e-11,3.9338932111832037e-10,3.92901711165905e-10,0.0,3.552713678800501e-15,0.0,163.226510983546,226.12141065900053,True,1419.565057599334,211.18721461187357,609.4266238179126,34.78462464714113,3.7000000000000246,8760.0,87302.86530319946,326.453021967092,163.226510983546
spain_puertollano,2018,rigid,high_investment_small_cavern,2.0,15.234372846720328,0,infeasible,2,The problem is infeasible. (HiGHS Status 8: model_status is Infeasible; primal_status is None),highs-ds,hourly,cyclic,False,1.0,1.5,0.6,0.0,0.4444444444444445,0.0,0.587,0,,,,,,,,,,,,,,False,,,,,,,,,
spain_puertollano,2018,rigid,high_investment_small_cavern,2.0,15.234372846720328,1,optimal,0,Optimization terminated successfully. (HiGHS Status 7: Optimal),highs-ds,hourly,cyclic,False,1.0,1.5,0.6,0.0,0.4444444444444445,0.0,0.587,1,43383.51286115926,244.34119208558377,-0.0,2073.623562209516,6.423306331271306e-12,3.637978807091713e-12,0.0,0.0,0.0,1.6653345369377348e-15,0.0,163.226510983546,177.55300484072126,True,2476.227903034204,-0.0,2073.623562209516,118.35750925853402,0.0,8760.0,87302.86530319946,326.453021967092,163.226510983546
spain_puertollano,2019,flex_ml0p4_b24,high_investment_small_cavern,2.0,15.234372846720328,0,infeasible,2,The problem is infeasible. (HiGHS Status 8: model_status is Infeasible; primal_status is None),highs-ds,hourly,cyclic,True,0.4,1.5,0.6,24.0,0.4444444444444445,0.0,0.587,0,,,,,,,,,,,,,,False,,,,,,,,,
spain_puertollano,2019,flex_ml0p4_b24,high_investment_small_cavern,2.0,15.234372846720328,1,optimal,0,Optimization terminated successfully. (HiGHS Status 7: Optimal),highs-ds,hourly,cyclic,True,0.4,1.5,0.6,24.0,0.4444444444444445,0.0,0.587,1,15657.75548074377,88.18637282309012,23.99999999977152,438.2661145381997,7.958078640513122e-12,2.4300561562995426e-12,1.0857936771913046e-10,1.0913936421275139e-10,0.0,3.552713678800501e-15,2.560867073952977e-09,163.226510983546,266.32950726108186,True,893.7075046086627,1369.863013685589,438.2661145381997,25.0151891859703,23.99999999977152,8760.0,87302.86530319946,326.453021967092,163.226510983546
spain_puertollano,2019,flex_ml0p6_b24,high_investment_small_cavern,2.0,15.234372846720328,0,infeasible,2,The problem is infeasible. (HiGHS Status 8: model_status is Infeasible; primal_status is None),highs-ds,hourly,cyclic,True,0.6,1.5,0.6,24.0,0.4444444444444445,0.0,0.587,0,,,,,,,,,,,,,,False,,,,,,,,,
spain_puertollano,2019,flex_ml0p6_b24,high_investment_small_cavern,2.0,15.234372846720328,1,optimal,0,Optimization terminated successfully. (HiGHS Status 7: Optimal),highs-ds,hourly,cyclic,True,0.6,1.5,0.6,24.0,0.4444444444444445,0.0,0.587,1,23153.34728088908,130.40245250515144,4.199999999999996,562.0669163751612,5.2011728257639326e-12,1.8047785488306545e-12,2.7769653243581155e-10,2.7830537874251604e-10,0.0,3.552713678800501e-15,1.5987211554602254e-14,163.226510983546,201.3654576017096,True,1321.538086808737,239.72602739726003,562.0669163751612,32.08144499858226,4.199999999999996,8760.0,87302.86530319946,326.453021967092,163.226510983546
spain_puertollano,2019,rigid,high_investment_small_cavern,2.0,15.234372846720328,0,infeasible,2,The problem is infeasible. (HiGHS Status 8: model_status is Infeasible; primal_status is None),highs-ds,hourly,cyclic,False,1.0,1.5,0.6,0.0,0.4444444444444445,0.0,0.587,0,,,,,,,,,,,,,,False,,,,,,,,,
spain_puertollano,2019,rigid,high_investment_small_cavern,2.0,15.234372846720328,1,optimal,0,Optimization terminated successfully. (HiGHS Status 7: Optimal),highs-ds,hourly,cyclic,False,1.0,1.5,0.6,0.0,0.4444444444444445,0.0,0.587,1,31758.514234068425,178.867793662846,-0.0,631.9381388844522,6.139089236967266e-12,1.8189894035458565e-12,0.0,0.0,0.0,1.6653345369377348e-15,0.0,163.226510983546,177.55300484072126,True,1812.7005841363257,-0.0,631.9381388844522,36.06952847513997,0.0,8760.0,87302.86530319946,326.453021967092,163.226510983546
spain_puertollano,2020,flex_ml0p4_b24,high_investment_small_cavern,2.0,15.234372846720328,0,infeasible,2,The problem is infeasible. (HiGHS Status 8: model_status is Infeasible; primal_status is None),highs-ds,hourly,cyclic,True,0.4,1.5,0.6,24.0,0.4444444444444445,0.0,0.587,0,,,,,,,,,,,,,,False,,,,,,,,,
spain_puertollano,2020,flex_ml0p4_b24,high_investment_small_cavern,2.0,15.234372846720328,1,optimal,0,Optimization terminated successfully. (HiGHS Status 7: Optimal),highs-ds,hourly,cyclic,True,0.4,1.5,0.6,24.0,0.4444444444444445,0.0,0.587,1,27979.998665941373,157.5867369354948,24.00000000000052,567.1095156320437,1.3159251466277055e-11,1.8189894035458565e-12,2.884874561459583e-10,2.9103830456733704e-10,0.0,3.552713678800501e-15,0.0,163.226510983546,266.32950726108186,True,1597.031887325421,1369.8630136986596,567.1095156320437,32.369264590870074,24.000000000000533,8784.0,87302.86530319946,326.453021967092,163.226510983546
spain_puertollano,2020,flex_ml0p6_b24,high_investment_small_cavern,2.0,15.234372846720328,0,infeasible,2,The problem is infeasible. (HiGHS Status 8: model_status is Infeasible; primal_status is None),highs-ds,hourly,cyclic,True,0.6,1.5,0.6,24.0,0.4444444444444445,0.0,0.587,0,,,,,,,,,,,,,,False,,,,,,,,,
spain_puertollano,2020,flex_ml0p6_b24,high_investment_small_cavern,2.0,15.234372846720328,1,optimal,0,Optimization terminated successfully. (HiGHS Status 7: Optimal),highs-ds,hourly,cyclic,True,0.6,1.5,0.6,24.0,0.4444444444444445,0.0,0.587,1,31526.2997638052,177.5599336777585,13.058151836610088,803.1611013194128,4.718003765447065e-12,1.8047785488306545e-12,4.883333737382145e-10,4.874891601502894e-10,0.0,3.552713678800501e-15,1.7763568394002505e-14,163.22651098354618,170.2711360418664,True,1799.4463335505252,745.3283011763749,803.1611013194128,45.84252861412173,13.058151836610088,8784.0,87302.86530319946,326.453021967092,163.226510983546
spain_puertollano,2020,rigid,high_investment_small_cavern,2.0,15.234372846720328,0,infeasible,2,The problem is infeasible. (HiGHS Status 8: model_status is Infeasible; primal_status is None),highs-ds,hourly,cyclic,False,1.0,1.5,0.6,0.0,0.4444444444444445,0.0,0.587,0,,,,,,,,,,,,,,False,,,,,,,,,
spain_puertollano,2020,rigid,high_investment_small_cavern,2.0,15.234372846720328,1,optimal,0,Optimization terminated successfully. (HiGHS Status 7: Optimal),highs-ds,hourly,cyclic,False,1.0,1.5,0.6,0.0,0.4444444444444445,0.0,0.587,1,52573.68717964704,296.1013654869412,-0.0,1019.766491052374,6.821210263296962e-12,3.637978807091713e-12,0.0,0.0,0.0,3.552713678800501e-15,7.105427357601003e-14,163.226510983546,177.55300484072126,True,3000.7812317150137,-0.0,1019.766491052374,58.20584994591176,0.0,8784.0,87302.86530319946,326.453021967092,163.226510983546
spain_puertollano,2021,flex_ml0p4_b24,high_investment_small_cavern,2.0,15.234372846720328,0,infeasible,2,The problem is infeasible. (HiGHS Status 8: model_status is Infeasible; primal_status is None),highs-ds,hourly,cyclic,True,0.4,1.5,0.6,24.0,0.4444444444444445,0.0,0.587,0,,,,,,,,,,,,,,False,,,,,,,,,
spain_puertollano,2021,flex_ml0p4_b24,high_investment_small_cavern,2.0,15.234372846720328,1,optimal,0,Optimization terminated successfully. (HiGHS Status 7: Optimal),highs-ds,hourly,cyclic,True,0.4,1.5,0.6,24.0,0.4444444444444445,0.0,0.587,1,4820.48540789144,27.149556901139395,24.000000000000043,326.26358183935406,8.753886504564434e-12,1.6768808563938364e-12,1.9379076121595062e-10,1.9281287677586079e-10,0.0,3.552713678800501e-15,3.5527136788005016e-14,163.226510983546,266.32950726108186,True,275.14186118101827,1369.8630136986326,326.26358183935406,18.622350561606968,24.000000000000043,8760.0,87302.86530319946,326.453021967092,163.226510983546
spain_puertollano,2021,flex_ml0p6_b24,high_investment_small_cavern,2.0,15.234372846720328,0,infeasible,2,The problem is infeasible. (HiGHS Status 8: model_status is Infeasible; primal_status is None),highs-ds,hourly,cyclic,True,0.6,1.5,0.6,24.0,0.4444444444444445,0.0,0.587,0,,,,,,,,,,,,,,False,,,,,,,,,
spain_puertollano,2021,flex_ml0p6_b24,high_investment_small_cavern,2.0,15.234372846720328,1,optimal,0,Optimization terminated successfully. (HiGHS Status 7: Optimal),highs-ds,hourly,cyclic,True,0.6,1.5,0.6,24.0,0.4444444444444445,0.0,0.587,1,9594.419007908207,54.03692838944146,1.699999999999998,505.5166137209461,8.895995051716454e-12,8.952838470577262e-13,2.5171553730274354e-10,2.5283952709287405e-10,0.0,3.552713678800501e-15,1.7763568394002505e-14,163.226510983546,263.4228815997263,True,547.6266557025233,97.03196347031952,505.5166137209461,28.85368799777089,1.7000000000000015,8760.0,87302.86530319946,326.453021967092,163.226510983546
spain_puertollano,2021,rigid,high_investment_small_cavern,2.0,15.234372846720328,0,infeasible,2,The problem is infeasible. (HiGHS Status 8: model_status is Infeasible; primal_status is None),highs-ds,hourly,cyclic,False,1.0,1.5,0.6,0.0,0.4444444444444445,0.0,0.587,0,,,,,,,,,,,,,,False,,,,,,,,,
spain_puertollano,2021,rigid,high_investment_small_cavern,2.0,15.234372846720328,1,optimal,0,Optimization terminated successfully. (HiGHS Status 7: Optimal),highs-ds,hourly,cyclic,False,1.0,1.5,0.6,0.0,0.4444444444444445,0.0,0.587,1,18195.767618397265,102.48076417923916,-0.0,985.0575891736232,6.139089236967266e-12,1.7905676941154525e-12,0.0,0.0,0.0,3.552713678800501e-15,5.3290705182007506e-15,163.226510983546,177.55300484072126,True,1038.5712110957345,-0.0,985.0575891736232,56.2247482405036,0.0,8760.0,87302.86530319946,326.453021967092,163.226510983546
spain_puertollano,2022,flex_ml0p4_b24,high_investment_small_cavern,2.0,15.234372846720328,0,infeasible,2,The problem is infeasible. (HiGHS Status 8: model_status is Infeasible; primal_status is None),highs-ds,hourly,cyclic,True,0.4,1.5,0.6,24.0,0.4444444444444445,0.0,0.587,0,,,,,,,,,,,,,,False,,,,,,,,,
spain_puertollano,2022,flex_ml0p4_b24,high_investment_small_cavern,2.0,15.234372846720328,1,optimal,0,Optimization terminated successfully. (HiGHS Status 7: Optimal),highs-ds,hourly,cyclic,True,0.4,1.5,0.6,24.0,0.4444444444444445,0.0,0.587,1,5854.237226056483,32.97177218323163,24.00000000000009,378.1887623615392,7.617018127348274e-12,1.7621459846850485e-12,1.6575674166574572e-10,1.673470251262188e-10,0.0,3.552713678800501e-15,0.0,163.226510983546,266.32950726108186,True,334.14596039135176,1369.8630136986353,378.1887623615392,21.58611657314721,24.00000000000009,8760.0,87302.86530319946,326.453021967092,163.226510983546
spain_puertollano,2022,flex_ml0p6_b24,high_investment_small_cavern,2.0,15.234372846720328,0,infeasible,2,The problem is infeasible. (HiGHS Status 8: model_status is Infeasible; primal_status is None),highs-ds,hourly,cyclic,True,0.6,1.5,0.6,24.0,0.4444444444444445,0.0,0.587,0,,,,,,,,,,,,,,False,,,,,,,,,
spain_puertollano,2022,flex_ml0p6_b24,high_investment_small_cavern,2.0,15.234372846720328,1,optimal,0,Optimization terminated successfully. (HiGHS Status 7: Optimal),highs-ds,hourly,cyclic,True,0.6,1.5,0.6,24.0,0.4444444444444445,0.0,0.587,1,9684.883532673426,54.546435535470174,7.315835637694546,580.3236985966776,6.394884621840902e-12,9.094947017729282e-13,3.572007134522437e-10,3.5834091249853367e-10,0.0,3.552713678800501e-15,3.907985046680551e-14,163.226510983546,203.28371388248172,True,552.7901559745106,417.5705272656704,580.3236985966776,33.12349877834917,7.315835637694546,8760.0,87302.86530319946,326.453021967092,163.226510983546
spain_puertollano,2022,rigid,high_investment_small_cavern,2.0,15.234372846720328,0,infeasible,2,The problem is infeasible. (HiGHS Status 8: model_status is Infeasible; primal_status is None),highs-ds,hourly,cyclic,False,1.0,1.5,0.6,0.0,0.4444444444444445,0.0,0.587,0,,,,,,,,,,,,,,False,,,,,,,,,
spain_puertollano,2022,rigid,high_investment_small_cavern,2.0,15.234372846720328,1,optimal,0,Optimization terminated successfully. (HiGHS Status 7: Optimal),highs-ds,hourly,cyclic,False,1.0,1.5,0.6,0.0,0.4444444444444445,0.0,0.587,1,16626.52413512751,93.6425950664298,-0.0,862.7864419515129,6.565414878423326e-12,1.7905676941154525e-12,0.0,0.0,0.0,3.552713678800501e-15,2.0961010704922958e-13,163.226510983546,177.55300484072126,True,949.0025191282824,-0.0,862.7864419515129,49.24580148125073,0.0,8760.0,87302.86530319946,326.453021967092,163.226510983546
spain_puertollano,2023,flex_ml0p4_b24,high_investment_small_cavern,2.0,15.234372846720328,0,infeasible,2,The problem is infeasible. (HiGHS Status 8: model_status is Infeasible; primal_status is None),highs-ds,hourly,cyclic,True,0.4,1.5,0.6,24.0,0.4444444444444445,0.0,0.587,0,,,,,,,,,,,,,,False,,,,,,,,,
spain_puertollano,2023,flex_ml0p4_b24,high_investment_small_cavern,2.0,15.234372846720328,1,optimal,0,Optimization terminated successfully. (HiGHS Status 7: Optimal),highs-ds,hourly,cyclic,True,0.4,1.5,0.6,24.0,0.4444444444444445,0.0,0.587,1,15702.064276713165,88.43592532156313,23.99999999982244,442.097793981756,8.128608897095546e-12,4.5147885430196766e-11,1.8828272274618027e-10,1.8917489796876907e-10,1.2878587085651816e-14,3.552713678800501e-15,1.5061019098538964e-09,163.226510983546,266.32950726108186,True,896.2365454744956,1369.8630136884956,442.097793981756,25.23389235055685,23.999999999822464,8760.0,87302.86530319946,326.453021967092,163.226510983546
spain_puertollano,2023,flex_ml0p6_b24,high_investment_small_cavern,2.0,15.234372846720328,0,infeasible,2,The problem is infeasible. (HiGHS Status 8: model_status is Infeasible; primal_status is None),highs-ds,hourly,cyclic,True,0.6,1.5,0.6,24.0,0.4444444444444445,0.0,0.587,0,,,,,,,,,,,,,,False,,,,,,,,,
spain_puertollano,2023,flex_ml0p6_b24,high_investment_small_cavern,2.0,15.234372846720328,1,optimal,0,Optimization terminated successfully. (HiGHS Status 7: Optimal),highs-ds,hourly,cyclic,True,0.6,1.5,0.6,24.0,0.4444444444444445,0.0,0.587,1,20486.057115307467,115.37995165829516,9.435923010875728,799.985949654199,5.6274984672199935e-12,1.8189894035458565e-12,3.9263126083710626e-10,3.92901711165905e-10,0.0,3.552713678800501e-15,5.684341886080803e-14,163.226510983546,218.652156302708,True,1169.2954974490565,538.5800805294365,799.985949654199,45.66129849624424,9.435923010875728,8760.0,87302.86530319946,326.453021967092,163.226510983546
spain_puertollano,2023,rigid,high_investment_small_cavern,2.0,15.234372846720328,0,infeasible,2,The problem is infeasible. (HiGHS Status 8: model_status is Infeasible; primal_status is None),highs-ds,hourly,cyclic,False,1.0,1.5,0.6,0.0,0.4444444444444445,0.0,0.587,0,,,,,,,,,,,,,,False,,,,,,,,,
spain_puertollano,2023,rigid,high_investment_small_cavern,2.0,15.234372846720328,1,optimal,0,Optimization terminated successfully. (HiGHS Status 7: Optimal),highs-ds,hourly,cyclic,False,1.0,1.5,0.6,0.0,0.4444444444444445,0.0,0.587,1,38189.792423069615,215.08953034801527,-0.0,873.4256712570344,6.508571459562518e-12,3.637978807091713e-12,0.0,0.0,0.0,3.552713678800501e-15,1.2789769243681806e-13,163.226510983546,177.55300484072126,True,2179.782672549636,-0.0,873.4256712570344,49.85306342791292,0.0,8760.0,87302.86530319946,326.453021967092,163.226510983546
spain_sabinanigo,2015,flex_ml0p4_b24,high_investment_small_cavern,2.0,0.6853699706521995,0,infeasible,2,The problem is infeasible. (HiGHS Status 8: model_status is Infeasible; primal_status is None),highs-ds,hourly,cyclic,True,0.4,1.5,0.6,24.0,0.4444444444444445,0.0,0.587,0,,,,,,,,,,,,,,False,,,,,,,,,
spain_sabinanigo,2015,flex_ml0p4_b24,high_investment_small_cavern,2.0,0.6853699706521995,1,optimal,0,Optimization terminated successfully. (HiGHS Status 7: Optimal),highs-ds,hourly,cyclic,True,0.4,1.5,0.6,24.0,0.4444444444444445,0.0,0.587,1,40906.50639573135,230.39039205462976,23.999999999518234,1024.5140963392296,9.919176591211e-12,3.637978807091713e-12,1.9372414783447311e-10,1.9281287677586079e-10,0.0,3.552713678800501e-15,0.0,3628.19153635565,3805.7445411963713,True,2334.846255464118,1369.8630136711322,1024.5140963392296,58.476831982832735,23.999999999518234,8760.0,1940564.1588736505,7256.3830727113,3628.19153635565
spain_sabinanigo,2015,flex_ml0p6_b24,high_investment_small_cavern,2.0,0.6853699706521995,0,infeasible,2,The problem is infeasible. (HiGHS Status 8: model_status is Infeasible; primal_status is None),highs-ds,hourly,cyclic,True,0.6,1.5,0.6,24.0,0.4444444444444445,0.0,0.587,0,,,,,,,,,,,,,,False,,,,,,,,,
spain_sabinanigo,2015,flex_ml0p6_b24,high_investment_small_cavern,2.0,0.6853699706521995,1,optimal,0,Optimization terminated successfully. (HiGHS Status 7: Optimal),highs-ds,hourly,cyclic,True,0.6,1.5,0.6,24.0,0.4444444444444445,0.0,0.587,1,40906.50639567482,230.3903920543114,24.00000000082846,1308.0479012993524,1.0714984455262308e-11,3.2429170460090966e-11,2.9427549286253907e-10,2.9467628337442875e-10,0.0,3.552713678800501e-15,0.0,3628.19153635565,3805.7445411963713,True,2334.846255460892,1369.8630137459168,1308.0479012993524,74.66026833900413,24.00000000082846,8760.0,1940564.1588736505,7256.3830727113,3628.19153635565
spain_sabinanigo,2015,rigid,high_investment_small_cavern,2.0,0.6853699706521995,0,infeasible,2,The problem is infeasible. (HiGHS Status 8: model_status is Infeasible; primal_status is None),highs-ds,hourly,cyclic,False,1.0,1.5,0.6,0.0,0.4444444444444445,0.0,0.587,0,,,,,,,,,,,,,,False,,,,,,,,,
spain_sabinanigo,2015,rigid,high_investment_small_cavern,2.0,0.6853699706521995,1,optimal,0,Optimization terminated successfully. (HiGHS Status 7: Optimal),highs-ds,hourly,cyclic,False,1.0,1.5,0.6,0.0,0.4444444444444445,0.0,0.587,1,45167.77851188339,254.39039205448748,-0.0,1423.8197304736605,7.219114195322618e-12,3.581135388230905e-12,0.0,0.0,0.0,3.552713678800501e-15,0.0,3628.19153635565,3805.7445411963713,True,2578.0695497650336,-0.0,1423.8197304736605,81.26824945625916,0.0,8760.0,1940564.1588736505,7256.3830727113,3628.19153635565
spain_sabinanigo,2016,flex_ml0p4_b24,high_investment_small_cavern,2.0,0.6853699706521995,0,infeasible,2,The problem is infeasible. (HiGHS Status 8: model_status is Infeasible; primal_status is None),highs-ds,hourly,cyclic,True,0.4,1.5,0.6,24.0,0.4444444444444445,0.0,0.587,0,,,,,,,,,,,,,,False,,,,,,,,,
spain_sabinanigo,2016,flex_ml0p4_b24,high_investment_small_cavern,2.0,0.6853699706521995,1,optimal,0,Optimization terminated successfully. (HiGHS Status 7: Optimal),highs-ds,hourly,cyclic,True,0.4,1.5,0.6,24.0,0.4444444444444445,0.0,0.587,1,79102.75719451938,445.5162967558936,23.99999999958191,1656.3689502528944,8.924416761146858e-12,7.275957614183426e-12,1.0116352200384425e-10,1.0186340659856795e-10,0.0,3.552713678800501e-15,1.4023306960098123e-09,3628.19153635565,3805.7445411963713,True,4514.997556764804,1369.8630136747663,1656.3689502528944,94.54160674959444,23.99999999958191,8784.0,1940564.1588736505,7256.3830727113,3628.19153635565
spain_sabinanigo,2016,flex_ml0p6_b24,high_investment_small_cavern,2.0,0.6853699706521995,0,infeasible,2,The problem is infeasible. (HiGHS Status 8: model_status is Infeasible; primal_status is None),highs-ds,hourly,cyclic,True,0.6,1.5,0.6,24.0,0.4444444444444445,0.0,0.587,0,,,,,,,,,,,,,,False,,,,,,,,,
spain_sabinanigo,2016,flex_ml0p6_b24,high_investment_small_cavern,2.0,0.6853699706521995,1,optimal,0,Optimization terminated successfully. (HiGHS Status 7: Optimal),highs-ds,hourly,cyclic,True,0.6,1.5,0.6,24.0,0.4444444444444445,0.0,0.587,1,79102.75719445497,445.5162967555308,24.00000000079445,1850.0085111245328,1.0317080523236656e-11,7.275957614183426e-12,4.0570524717509215e-10,4.0745362639427185e-10,0.0,3.552713678800501e-15,0.0,3628.19153635565,3805.7445411963713,True,4514.997556761129,1369.8630137439754,1850.0085111245328,105.59409310071536,24.00000000079445,8784.0,1940564.1588736505,7256.3830727113,3628.19153635565
spain_sabinanigo,2016,rigid,high_investment_small_cavern,2.0,0.6853699706521995,0,infeasible,2,The problem is infeasible. (HiGHS Status 8: model_status is Infeasible; primal_status is None),highs-ds,hourly,cyclic,False,1.0,1.5,0.6,0.0,0.4444444444444445,0.0,0.587,0,,,,,,,,,,,,,,False,,,,,,,,,
spain_sabinanigo,2016,rigid,high_investment_small_cavern,2.0,0.6853699706521995,1,optimal,0,Optimization terminated successfully. (HiGHS Status 7: Optimal),highs-ds,hourly,cyclic,False,1.0,1.5,0.6,0.0,0.4444444444444445,0.0,0.587,1,83364.0293106681,469.5162967557326,-0.0,1967.408289440704,7.275957614183426e-12,7.275957614183426e-12,0.0,0.0,0.0,3.552713678800501e-15,8.633094239485217e-13,3628.19153635565,3805.7445411963713,True,4758.220851065531,-0.0,1967.408289440704,112.29499368953786,0.0,8784.0,1940564.1588736505,7256.3830727113,3628.19153635565
spain_sabinanigo,2017,flex_ml0p4_b24,high_investment_small_cavern,2.0,0.6853699706521995,0,infeasible,2,The problem is infeasible. (HiGHS Status 8: model_status is Infeasible; primal_status is None),highs-ds,hourly,cyclic,True,0.4,1.5,0.6,24.0,0.4444444444444445,0.0,0.587,0,,,,,,,,,,,,,,False,,,,,,,,,
spain_sabinanigo,2017,flex_ml0p4_b24,high_investment_small_cavern,2.0,0.6853699706521995,1,optimal,0,Optimization terminated successfully. (HiGHS Status 7: Optimal),highs-ds,hourly,cyclic,True,0.4,1.5,0.6,24.0,0.4444444444444445,0.0,0.587,1,10148.099013702426,57.155321154975965,23.9999999999999,656.4313729561745,9.805489753489384e-12,9.094947017729282e-13,1.1037393221613455e-10,1.1095835361629723e-10,8.881784197001252e-16,3.552713678800501e-15,0.0,3628.19153635565,3805.7445411963713,True,579.2293957592709,1369.8630136986244,656.4313729561745,37.46754411850311,23.9999999999999,8760.0,1940564.1588736505,7256.3830727113,3628.19153635565
spain_sabinanigo,2017,flex_ml0p6_b24,high_investment_small_cavern,2.0,0.6853699706521995,0,infeasible,2,The problem is infeasible. (HiGHS Status 8: model_status is Infeasible; primal_status is None),highs-ds,hourly,cyclic,True,0.6,1.5,0.6,24.0,0.4444444444444445,0.0,0.587,0,,,,,,,,,,,,,,False,,,,,,,,,
spain_sabinanigo,2017,flex_ml0p6_b24,high_investment_small_cavern,2.0,0.6853699706521995,1,optimal,0,Optimization terminated successfully. (HiGHS Status 7: Optimal),highs-ds,hourly,cyclic,True,0.6,1.5,0.6,24.0,0.4444444444444445,0.0,0.587,1,11177.906441778625,62.955321154976055,18.200000000000003,969.4285585834218,1.048761077981908e-11,6.991740519879386e-12,6.008038511140512e-11,6.002665031701325e-11,0.0,3.552713678800501e-15,0.0,3628.19153635565,3805.7445411963713,True,638.0083585490082,1038.812785388128,969.4285585834218,55.332680284441885,18.199999999999992,8760.0,1940564.1588736505,7256.3830727113,3628.19153635565
spain_sabinanigo,2017,rigid,high_investment_small_cavern,2.0,0.6853699706521995,0,infeasible,2,The problem is infeasible. (HiGHS Status 8: model_status is Infeasible; primal_status is None),highs-ds,hourly,cyclic,False,1.0,1.5,0.6,0.0,0.4444444444444445,0.0,0.587,0,,,,,,,,,,,,,,False,,,,,,,,,
spain_sabinanigo,2017,rigid,high_investment_small_cavern,2.0,0.6853699706521995,1,optimal,0,Optimization terminated successfully. (HiGHS Status 7: Optimal),highs-ds,hourly,cyclic,False,1.0,1.5,0.6,0.0,0.4444444444444445,0.0,0.587,1,14409.371129879755,81.15532115497608,-0.0,1080.9222835335008,7.673861546209082e-12,9.094947017729282e-13,0.0,0.0,0.0,3.552713678800501e-15,2.238209617644316e-13,3628.19153635565,3805.7445411963713,True,822.4526900616298,-0.0,1080.9222835335008,61.696477370633616,0.0,8760.0,1940564.1588736505,7256.3830727113,3628.19153635565
spain_sabinanigo,2018,flex_ml0p4_b24,high_investment_small_cavern,2.0,0.6853699706521995,0,infeasible,2,The problem is infeasible. (HiGHS Status 8: model_status is Infeasible; primal_status is None),highs-ds,hourly,cyclic,True,0.4,1.5,0.6,24.0,0.4444444444444445,0.0,0.587,0,,,,,,,,,,,,,,False,,,,,,,,,
spain_sabinanigo,2018,flex_ml0p4_b24,high_investment_small_cavern,2.0,0.6853699706521995,1,optimal,0,Optimization terminated successfully. (HiGHS Status 7: Optimal),highs-ds,hourly,cyclic,True,0.4,1.5,0.6,24.0,0.4444444444444445,0.0,0.587,1,35874.38648082241,202.04888401074652,24.000000000000853,1059.1515828668769,9.578116078046149e-12,3.637978807091713e-12,2.3468027521289514e-10,2.346496330574155e-10,8.881784197001252e-16,3.552713678800501e-15,0.0,3628.19153635565,3805.7445411963713,True,2047.624799133699,1369.8630136986787,1059.1515828668769,60.4538574695706,24.000000000000853,8760.0,1940564.1588736505,7256.3830727113,3628.19153635565
spain_sabinanigo,2018,flex_ml0p6_b24,high_investment_small_cavern,2.0,0.6853699706521995,0,infeasible,2,The problem is infeasible. (HiGHS Status 8: model_status is Infeasible; primal_status is None),highs-ds,hourly,cyclic,True,0.6,1.5,0.6,24.0,0.4444444444444445,0.0,0.587,0,,,,,,,,,,,,,,False,,,,,,,,,
spain_sabinanigo,2018,flex_ml0p6_b24,high_investment_small_cavern,2.0,0.6853699706521995,1,optimal,0,Optimization terminated successfully. (HiGHS Status 7: Optimal),highs-ds,hourly,cyclic,True,0.6,1.5,0.6,24.0,0.4444444444444445,0.0,0.587,1,35874.3864808225,202.04888401074703,24.000000000000647,1356.6587919205735,1.0430767360958269e-11,5.5138116294983774e-12,3.6805136716111514e-10,3.67435859516263e-10,0.0,3.552713678800501e-15,2.732036818997585e-12,3628.19153635565,3805.7445411963713,True,2047.6247991337043,1369.8630136986671,1356.6587919205735,77.43486255254415,24.000000000000647,8760.0,1940564.1588736505,7256.3830727113,3628.19153635565
spain_sabinanigo,2018,rigid,high_investment_small_cavern,2.0,0.6853699706521995,0,infeasible,2,The problem is infeasible. (HiGHS Status 8: model_status is Infeasible; primal_status is None),highs-ds,hourly,cyclic,False,1.0,1.5,0.6,0.0,0.4444444444444445,0.0,0.587,0,,,,,,,,,,,,,,False,,,,,,,,,
spain_sabinanigo,2018,rigid,high_investment_small_cavern,2.0,0.6853699706521995,1,optimal,0,Optimization terminated successfully. (HiGHS Status 7: Optimal),highs-ds,hourly,cyclic,False,1.0,1.5,0.6,0.0,0.4444444444444445,0.0,0.587,1,40135.658596999776,226.0488840107469,-0.0,1483.7890185501228,7.44648787076585e-12,3.637978807091713e-12,0.0,0.0,0.0,3.552713678800501e-15,0.0,3628.19153635565,3805.7445411963713,True,2290.8480934360605,-0.0,1483.7890185501228,84.69115402683349,0.0,8760.0,1940564.1588736505,7256.3830727113,3628.19153635565
spain_sabinanigo,2019,flex_ml0p4_b24,high_investment_small_cavern,2.0,0.6853699706521995,0,infeasible,2,The problem is infeasible. (HiGHS Status 8: model_status is Infeasible; primal_status is None),highs-ds,hourly,cyclic,True,0.4,1.5,0.6,24.0,0.4444444444444445,0.0,0.587,0,,,,,,,,,,,,,,False,,,,,,,,,
spain_sabinanigo,2019,flex_ml0p4_b24,high_investment_small_cavern,2.0,0.6853699706521995,1,optimal,0,Optimization terminated successfully. (HiGHS Status 7: Optimal),highs-ds,hourly,cyclic,True,0.4,1.5,0.6,24.0,0.4444444444444445,0.0,0.587,1,20786.98582884873,117.07481857317065,24.000000000000107,688.5918257442592,9.407585821463726e-12,1.8189894035458565e-12,9.320588745254099e-11,9.276845958083868e-11,0.0,3.552713678800501e-15,0.0,3628.19153635565,3894.521043616732,True,1186.47179388406,1369.8630136986362,688.5918257442592,39.303186400928034,24.000000000000107,8760.0,1940564.1588736505,7256.3830727113,3628.19153635565
spain_sabinanigo,2019,flex_ml0p6_b24,high_investment_small_cavern,2.0,0.6853699706521995,0,infeasible,2,The problem is infeasible. (HiGHS Status 8: model_status is Infeasible; primal_status is None),highs-ds,hourly,cyclic,True,0.6,1.5,0.6,24.0,0.4444444444444445,0.0,0.587,0,,,,,,,,,,,,,,False,,,,,,,,,
spain_sabinanigo,2019,flex_ml0p6_b24,high_investment_small_cavern,2.0,0.6853699706521995,1,optimal,0,Optimization terminated successfully. (HiGHS Status 7: Optimal),highs-ds,hourly,cyclic,True,0.6,1.5,0.6,24.0,0.4444444444444445,0.0,0.587,1,20786.98582884885,117.07481857317131,23.99999999999998,980.67911450081,1.0601297617540696e-11,1.8189894035458565e-12,7.24973414634178e-11,7.275957614183426e-11,0.0,3.552713678800501e-15,6.039613253960853e-14,3628.19153635565,3805.7445411963713,True,1186.4717938840668,1369.863013698629,980.67911450081,55.97483530255765,23.99999999999998,8760.0,1940564.1588736505,7256.3830727113,3628.19153635565
spain_sabinanigo,2019,rigid,high_investment_small_cavern,2.0,0.6853699706521995,0,infeasible,2,The problem is infeasible. (HiGHS Status 8: model_status is Infeasible; primal_status is None),highs-ds,hourly,cyclic,False,1.0,1.5,0.6,0.0,0.4444444444444445,0.0,0.587,0,,,,,,,,,,,,,,False,,,,,,,,,
spain_sabinanigo,2019,rigid,high_investment_small_cavern,2.0,0.6853699706521995,1,optimal,0,Optimization terminated successfully. (HiGHS Status 7: Optimal),highs-ds,hourly,cyclic,False,1.0,1.5,0.6,0.0,0.4444444444444445,0.0,0.587,1,25048.257945026013,141.0748185731705,-0.0,1089.3354741378498,7.673861546209082e-12,1.8047785488306545e-12,0.0,0.0,0.0,3.552713678800501e-15,0.0,3628.19153635565,3805.7445411963713,True,1429.6950881864163,-0.0,1089.3354741378498,62.17668231380421,0.0,8760.0,1940564.1588736505,7256.3830727113,3628.19153635565
spain_sabinanigo,2020,flex_ml0p4_b24,high_investment_small_cavern,2.0,0.6853699706521995,0,infeasible,2,The problem is infeasible. (HiGHS Status 8: model_status is Infeasible; primal_status is None),highs-ds,hourly,cyclic,True,0.4,1.5,0.6,24.0,0.4444444444444445,0.0,0.587,0,,,,,,,,,,,,,,False,,,,,,,,,
spain_sabinanigo,2020,flex_ml0p4_b24,high_investment_small_cavern,2.0,0.6853699706521995,1,optimal,0,Optimization terminated successfully. (HiGHS Status 7: Optimal),highs-ds,hourly,cyclic,True,0.4,1.5,0.6,24.0,0.4444444444444445,0.0,0.587,1,31722.047025118627,178.6624059309824,23.999999999495017,1145.0342524351672,9.208633855450898e-12,1.8189894035458565e-12,1.889506329177948e-10,1.8917489796876907e-10,0.0,3.552713678800501e-15,1.6320917950451983e-09,3628.19153635565,3805.7445411963713,True,1810.6191224382776,1369.8630136698068,1145.0342524351672,65.35583632620818,23.999999999495017,8784.0,1940564.1588736505,7256.3830727113,3628.19153635565
spain_sabinanigo,2020,flex_ml0p6_b24,high_investment_small_cavern,2.0,0.6853699706521995,0,infeasible,2,The problem is infeasible. (HiGHS Status 8: model_status is Infeasible; primal_status is None),highs-ds,hourly,cyclic,True,0.6,1.5,0.6,24.0,0.4444444444444445,0.0,0.587,0,,,,,,,,,,,,,,False,,,,,,,,,
spain_sabinanigo,2020,flex_ml0p6_b24,high_investment_small_cavern,2.0,0.6853699706521995,1,optimal,0,Optimization terminated successfully. (HiGHS Status 7: Optimal),highs-ds,hourly,cyclic,True,0.6,1.5,0.6,24.0,0.4444444444444445,0.0,0.587,1,31722.04702505604,178.66240593062992,24.000000000972456,1429.9970656009505,9.77706804405898e-12,2.7853275241795927e-12,3.0328406452895246e-10,3.0377123039215803e-10,0.0,3.552713678800501e-15,0.0,3628.19153635565,3805.7445411963713,True,1810.6191224347056,1369.8630137541356,1429.9970656009505,81.62083707767982,24.000000000972456,8784.0,1940564.1588736505,7256.3830727113,3628.19153635565
spain_sabinanigo,2020,rigid,high_investment_small_cavern,2.0,0.6853699706521995,0,infeasible,2,The problem is infeasible. (HiGHS Status 8: model_status is Infeasible; primal_status is None),highs-ds,hourly,cyclic,False,1.0,1.5,0.6,0.0,0.4444444444444445,0.0,0.587,0,,,,,,,,,,,,,,False,,,,,,,,,
spain_sabinanigo,2020,rigid,high_investment_small_cavern,2.0,0.6853699706521995,1,optimal,0,Optimization terminated successfully. (HiGHS Status 7: Optimal),highs-ds,hourly,cyclic,False,1.0,1.5,0.6,0.0,0.4444444444444445,0.0,0.587,1,35983.31914127111,202.6624059308426,-0.0,1564.5101854112202,7.844391802791506e-12,3.609557097661309e-12,0.0,0.0,0.0,3.552713678800501e-15,0.0,3628.19153635565,3805.7445411963713,True,2053.8424167392186,-0.0,1564.5101854112202,89.29852656456737,0.0,8784.0,1940564.1588736505,7256.3830727113,3628.19153635565
spain_sabinanigo,2021,flex_ml0p4_b24,high_investment_small_cavern,2.0,0.6853699706521995,0,infeasible,2,The problem is infeasible. (HiGHS Status 8: model_status is Infeasible; primal_status is None),highs-ds,hourly,cyclic,True,0.4,1.5,0.6,24.0,0.4444444444444445,0.0,0.587,0,,,,,,,,,,,,,,False,,,,,,,,,
spain_sabinanigo,2021,flex_ml0p4_b24,high_investment_small_cavern,2.0,0.6853699706521995,1,optimal,0,Optimization terminated successfully. (HiGHS Status 7: Optimal),highs-ds,hourly,cyclic,True,0.4,1.5,0.6,24.0,0.4444444444444445,0.0,0.587,1,26276.60271716059,147.9930049099013,23.99999999950071,1137.8384241335327,1.4026113603904378e-10,1.3535839116229909e-11,1.467723720338654e-10,1.4733814168721435e-10,0.0,3.552713678800501e-15,0.0,3628.19153635565,3879.99919283468,True,1499.8060911621342,1369.8630136701315,1137.8384241335327,64.94511553273588,23.99999999950071,8760.0,1940564.1588736505,7256.3830727113,3628.19153635565
spain_sabinanigo,2021,flex_ml0p6_b24,high_investment_small_cavern,2.0,0.6853699706521995,0,infeasible,2,The problem is infeasible. (HiGHS Status 8: model_status is Infeasible; primal_status is None),highs-ds,hourly,cyclic,True,0.6,1.5,0.6,24.0,0.4444444444444445,0.0,0.587,0,,,,,,,,,,,,,,False,,,,,,,,,
spain_sabinanigo,2021,flex_ml0p6_b24,high_investment_small_cavern,2.0,0.6853699706521995,1,optimal,0,Optimization terminated successfully. (HiGHS Status 7: Optimal),highs-ds,hourly,cyclic,True,0.6,1.5,0.6,24.0,0.4444444444444445,0.0,0.587,1,26276.60271709665,147.99300490954118,24.00000000092092,1376.1859479613067,9.862333172350189e-12,1.8189894035458565e-12,3.1311930825950185e-10,3.1468516681343317e-10,0.0,3.552713678800501e-15,0.0,3628.19153635565,3805.7445411963713,True,1499.8060911584848,1369.863013751194,1376.1859479613067,78.54942625349925,24.00000000092092,8760.0,1940564.1588736505,7256.3830727113,3628.19153635565
spain_sabinanigo,2021,rigid,high_investment_small_cavern,2.0,0.6853699706521995,0,infeasible,2,The problem is infeasible. (HiGHS Status 8: model_status is Infeasible; primal_status is None),highs-ds,hourly,cyclic,False,1.0,1.5,0.6,0.0,0.4444444444444445,0.0,0.587,0,,,,,,,,,,,,,,False,,,,,,,,,
spain_sabinanigo,2021,rigid,high_investment_small_cavern,2.0,0.6853699706521995,1,optimal,0,Optimization terminated successfully. (HiGHS Status 7: Optimal),highs-ds,hourly,cyclic,False,1.0,1.5,0.6,0.0,0.4444444444444445,0.0,0.587,1,30537.874833308528,171.99300490973587,-0.0,1503.3300955562668,7.503331289626658e-12,1.8189894035458565e-12,0.0,0.0,0.0,3.552713678800501e-15,0.0,3628.19153635565,3805.7445411963713,True,1743.0293854628153,-0.0,1503.3300955562668,85.80651230343989,0.0,8760.0,1940564.1588736505,7256.3830727113,3628.19153635565
spain_sabinanigo,2022,flex_ml0p4_b24,high_investment_small_cavern,2.0,0.6853699706521995,0,infeasible,2,The problem is infeasible. (HiGHS Status 8: model_status is Infeasible; primal_status is None),highs-ds,hourly,cyclic,True,0.4,1.5,0.6,24.0,0.4444444444444445,0.0,0.587,0,,,,,,,,,,,,,,False,,,,,,,,,
spain_sabinanigo,2022,flex_ml0p4_b24,high_investment_small_cavern,2.0,0.6853699706521995,1,optimal,0,Optimization terminated successfully. (HiGHS Status 7: Optimal),highs-ds,hourly,cyclic,True,0.4,1.5,0.6,24.0,0.4444444444444445,0.0,0.587,1,64139.09239890269,361.2391266283576,23.99999999954295,1000.5785354511032,1.6737544683564917e-10,6.721734280290548e-11,1.967435103722437e-10,1.9645085558295247e-10,4.440892098500626e-16,3.552713678800501e-15,8.808491713807597e-10,3628.19153635565,3876.76574313266,True,3660.907100393989,1369.8630136725428,1000.5785354511032,57.11064700063374,23.99999999954295,8760.0,1940564.1588736505,7256.3830727113,3628.19153635565
spain_sabinanigo,2022,flex_ml0p6_b24,high_investment_small_cavern,2.0,0.6853699706521995,0,infeasible,2,The problem is infeasible. (HiGHS Status 8: model_status is Infeasible; primal_status is None),highs-ds,hourly,cyclic,True,0.6,1.5,0.6,24.0,0.4444444444444445,0.0,0.587,0,,,,,,,,,,,,,,False,,,,,,,,,
spain_sabinanigo,2022,flex_ml0p6_b24,high_investment_small_cavern,2.0,0.6853699706521995,1,optimal,0,Optimization terminated successfully. (HiGHS Status 7: Optimal),highs-ds,hourly,cyclic,True,0.6,1.5,0.6,24.0,0.4444444444444445,0.0,0.587,1,64139.09239883646,361.23912662798455,24.000000000861892,1254.0216683981976,1.0430767360958269e-11,1.4807710613240488e-11,4.08729716738776e-10,4.1109160520136356e-10,0.0,3.552713678800501e-15,0.0,3628.19153635565,3823.4998416804433,True,3660.907100390209,1369.863013747825,1254.0216683981976,71.57657924647246,24.000000000861892,8760.0,1940564.1588736505,7256.3830727113,3628.19153635565
spain_sabinanigo,2022,rigid,high_investment_small_cavern,2.0,0.6853699706521995,0,infeasible,2,The problem is infeasible. (HiGHS Status 8: model_status is Infeasible; primal_status is None),highs-ds,hourly,cyclic,False,1.0,1.5,0.6,0.0,0.4444444444444445,0.0,0.587,0,,,,,,,,,,,,,,False,,,,,,,,,
spain_sabinanigo,2022,rigid,high_investment_small_cavern,2.0,0.6853699706521995,1,optimal,0,Optimization terminated successfully. (HiGHS Status 7: Optimal),highs-ds,hourly,cyclic,False,1.0,1.5,0.6,0.0,0.4444444444444445,0.0,0.587,1,68400.36451505069,385.2391266281925,-0.0,1381.2499192576277,7.617018127348274e-12,7.219114195322618e-12,0.0,0.0,0.0,3.552713678800501e-15,0.0,3628.19153635565,3805.7445411963713,True,3904.130394694674,-0.0,1381.2499192576277,78.8384657110518,0.0,8760.0,1940564.1588736505,7256.3830727113,3628.19153635565
spain_sabinanigo,2023,flex_ml0p4_b24,high_investment_small_cavern,2.0,0.6853699706521995,0,infeasible,2,The problem is infeasible. (HiGHS Status 8: model_status is Infeasible; primal_status is None),highs-ds,hourly,cyclic,True,0.4,1.5,0.6,24.0,0.4444444444444445,0.0,0.587,0,,,,,,,,,,,,,,False,,,,,,,,,
spain_sabinanigo,2023,flex_ml0p4_b24,high_investment_small_cavern,2.0,0.6853699706521995,1,optimal,0,Optimization terminated successfully. (HiGHS Status 7: Optimal),highs-ds,hourly,cyclic,True,0.4,1.5,0.6,24.0,0.4444444444444445,0.0,0.587,1,20157.526439182173,113.5296271514246,24.00000000000069,1107.9670882589462,9.038103598868474e-12,1.4168222151056398e-11,1.310813679822331e-10,1.3096723705530167e-10,4.440892098500626e-16,3.552713678800501e-15,0.0,3628.19153635565,3894.521043616732,True,1150.5437465286627,1369.8630136986694,1107.9670882589462,63.24013060838734,24.00000000000069,8760.0,1940564.1588736505,7256.3830727113,3628.19153635565
spain_sabinanigo,2023,flex_ml0p6_b24,high_investment_small_cavern,2.0,0.6853699706521995,0,infeasible,2,The problem is infeasible. (HiGHS Status 8: model_status is Infeasible; primal_status is None),highs-ds,hourly,cyclic,True,0.6,1.5,0.6,24.0,0.4444444444444445,0.0,0.587,0,,,,,,,,,,,,,,False,,,,,,,,,
spain_sabinanigo,2023,flex_ml0p6_b24,high_investment_small_cavern,2.0,0.6853699706521995,1,optimal,0,Optimization terminated successfully. (HiGHS Status 7: Optimal),highs-ds,hourly,cyclic,True,0.6,1.5,0.6,24.0,0.4444444444444445,0.0,0.587,1,20157.526439182417,113.52962715142598,23.99999999999985,1370.0379977824982,1.7109869077103212e-11,1.1084466677857565e-11,1.9822321561946407e-10,2.0008883439004419e-10,0.0,3.552713678800501e-15,1.6857626405908377e-11,3628.19153635565,3805.7445411963713,True,1150.5437465286768,1369.863013698622,1370.0379977824982,78.19851585516541,23.99999999999985,8760.0,1940564.1588736505,7256.3830727113,3628.19153635565
spain_sabinanigo,2023,rigid,high_investment_small_cavern,2.0,0.6853699706521995,0,infeasible,2,The problem is infeasible. (HiGHS Status 8: model_status is Infeasible; primal_status is None),highs-ds,hourly,cyclic,False,1.0,1.5,0.6,0.0,0.4444444444444445,0.0,0.587,0,,,,,,,,,,,,,,False,,,,,,,,,
spain_sabinanigo,2023,rigid,high_investment_small_cavern,2.0,0.6853699706521995,1,optimal,0,Optimization terminated successfully. (HiGHS Status 7: Optimal),highs-ds,hourly,cyclic,False,1.0,1.5,0.6,0.0,0.4444444444444445,0.0,0.587,1,24418.798555359102,137.52962715142246,-0.0,1499.5606751241305,7.815970093361102e-12,1.8189894035458565e-12,0.0,0.0,0.0,3.552713678800501e-15,0.0,3628.19153635565,3805.7445411963713,True,1393.767040830999,-0.0,1499.5606751241305,85.59136273539556,0.0,8760.0,1940564.1588736505,7256.3830727113,3628.19153635565
