site_id,weather_year,country_rigid,city_cluster_rigid,project_names_rigid,process_types_rigid,eho_record_count_rigid,eho_reporting_year_rigid,eho_h2_output_t_per_year_estimate_rigid,service_reference_nh3_tph_rigid,local_year_hours_rigid,process_case_rigid,flexible_process_rigid,min_hb_load_fraction_of_nameplate_rigid,hb_nameplate_multiple_rigid,ramp_fraction_nameplate_per_hour_rigid,nh3_buffer_limit_hours_rigid,cavern_archetype_rigid,module_count_limit_rigid,withdrawal_to_injection_ratio_rigid,minimum_feasible_modules_rigid,status_rigid,module_reference_service_hours_at_site_scale_rigid,free_storage_status_rigid,free_h2_storage_service_hours_rigid,free_h2_storage_kg_per_normalized_tph_rigid,pv_capacity_mw_per_normalized_tph_rigid,wind_capacity_mw_per_normalized_tph_rigid,electrolyser_capacity_mw_per_normalized_tph_rigid,grid_connection_mw_per_normalized_tph_rigid,renewable_overbuild_rigid,wind_energy_share_rigid,training_pv_cf_mean_rigid,training_wind_cf_mean_rigid,evaluation_pv_cf_mean_rigid,evaluation_wind_cf_mean_rigid,h2_storage_service_hours_rigid,h2_storage_kg_at_site_scale_rigid,h2_storage_tonnes_at_site_scale_rigid,nh3_buffer_tonnes_at_site_scale_rigid,annual_nh3_equivalent_t_at_site_scale_rigid,grid_import_mwh_per_normalized_tph_rigid,grid_import_mwh_at_site_scale_rigid,max_h2_balance_residual_kgph_rigid,max_h2_storage_balance_residual_kg_rigid,max_nh3_balance_residual_tph_rigid,max_annual_nh3_service_residual_t_per_normalized_tph_rigid,max_hb_ramp_violation_tph_per_hour_rigid,max_site_power_violation_mw_rigid,max_hourly_matching_violation_mw_rigid,max_h2_charge_kgph_per_normalized_tph_rigid,max_h2_discharge_kgph_per_normalized_tph_rigid,peak_nh3_buffer_use_t_per_normalized_tph_rigid,solver_method_rigid,country_flex,city_cluster_flex,project_names_flex,process_types_flex,eho_record_count_flex,eho_reporting_year_flex,eho_h2_output_t_per_year_estimate_flex,service_reference_nh3_tph_flex,local_year_hours_flex,process_case_flex,flexible_process_flex,min_hb_load_fraction_of_nameplate_flex,hb_nameplate_multiple_flex,ramp_fraction_nameplate_per_hour_flex,nh3_buffer_limit_hours_flex,cavern_archetype_flex,module_count_limit_flex,withdrawal_to_injection_ratio_flex,minimum_feasible_modules_flex,status_flex,module_reference_service_hours_at_site_scale_flex,free_storage_status_flex,free_h2_storage_service_hours_flex,free_h2_storage_kg_per_normalized_tph_flex,pv_capacity_mw_per_normalized_tph_flex,wind_capacity_mw_per_normalized_tph_flex,electrolyser_capacity_mw_per_normalized_tph_flex,grid_connection_mw_per_normalized_tph_flex,renewable_overbuild_flex,wind_energy_share_flex,training_pv_cf_mean_flex,training_wind_cf_mean_flex,evaluation_pv_cf_mean_flex,evaluation_wind_cf_mean_flex,h2_storage_service_hours_flex,h2_storage_kg_at_site_scale_flex,h2_storage_tonnes_at_site_scale_flex,nh3_buffer_tonnes_at_site_scale_flex,annual_nh3_equivalent_t_at_site_scale_flex,grid_import_mwh_per_normalized_tph_flex,grid_import_mwh_at_site_scale_flex,max_h2_balance_residual_kgph_flex,max_h2_storage_balance_residual_kg_flex,max_nh3_balance_residual_tph_flex,max_annual_nh3_service_residual_t_per_normalized_tph_flex,max_hb_ramp_violation_tph_per_hour_flex,max_site_power_violation_mw_flex,max_hourly_matching_violation_mw_flex,max_h2_charge_kgph_per_normalized_tph_flex,max_h2_discharge_kgph_per_normalized_tph_flex,peak_nh3_buffer_use_t_per_normalized_tph_flex,solver_method_flex,free_h2_reduction_pct,reference_caverns_avoided,rigid_free_inventory_within_one_module_volume,flex_free_inventory_within_one_module_volume,module_pair_feasible,volume_only_module_lower_bound_rigid,flow_or_schedule_extra_modules_rigid,volume_only_module_lower_bound_flex,flow_or_schedule_extra_modules_flex
france_grand_quevilly,2015,France,Grand-Quevilly,Grand-Quevilly Agrofert,Reforming,1,2024,33458.0,21.511358797449617,8760,rigid,False,1.0,1.5,0.6,0.0,high_investment_small_cavern,16,2.0,1,optimal,348.22280319791,optimal,86.9676760038231,15441.372198493082,58.017508666961184,33.423713744433265,27.69826875515251,29.031602088485847,1.5,0.5,0.1250984519825575,0.2171482372550617,0.1283837226027397,0.2390674237484531,209.0897852547217,798598.862448913,798.598862448913,-0.0,188439.50306565865,1086.4934375117766,23371.95016539024,5.144329406903125e-12,3.637978807091713e-12,0.0,0.0,0.0,8.881784197001252e-16,0.0,115.5972316861475,177.55300484072126,0.0,highs-ds,France,Grand-Quevilly,Grand-Quevilly Agrofert,Reforming,1,2024,33458.0,21.511358797449617,8760,flex_ml0p4_b24,True,0.4,1.5,0.6,24.0,high_investment_small_cavern,16,2.0,1,optimal,348.22280319791,optimal,62.96767600382292,11180.10008231574,58.017508666961184,33.423713744433265,27.69826875515251,29.031602088485847,1.5,0.5,0.1250984519825575,0.2171482372550617,0.1283837226027397,0.2390674237484531,70.48907673616155,269226.4303011978,269.2264303011978,516.2726111387997,188439.50306565865,254.05615057225577,5465.093009658679,6.423306331271306e-12,4.192202140984591e-12,1.4077550236635259e-10,1.4188117347657678e-10,0.0,3.552713678800501e-15,0.0,115.5972316861475,231.194463372295,24.00000000000041,highs-ds,27.596460090465264,0.0,True,True,True,1,0,1,0
france_grand_quevilly,2016,France,Grand-Quevilly,Grand-Quevilly Agrofert,Reforming,1,2024,33458.0,21.511358797449617,8784,rigid,False,1.0,1.5,0.6,0.0,high_investment_small_cavern,16,2.0,2,optimal,348.22280319791,optimal,117.17383649762206,20804.56675886817,58.017508666961184,33.423713744433265,27.69826875515251,29.031602088485847,1.5,0.5,0.1250984519825575,0.2171482372550617,0.1263728392531876,0.2003999767690627,136.13490493785764,519954.52618845215,519.9545261884522,-0.0,188955.77567679744,658.9973978850286,14175.929472490516,7.219114195322618e-12,1.8189894035458565e-12,0.0,0.0,0.0,3.552713678800501e-15,8.526512829121202e-14,231.194463372295,408.74746821301625,0.0,highs-ds,France,Grand-Quevilly,Grand-Quevilly Agrofert,Reforming,1,2024,33458.0,21.511358797449617,8784,flex_ml0p4_b24,True,0.4,1.5,0.6,24.0,high_investment_small_cavern,16,2.0,1,optimal,348.22280319791,optimal,93.1738364976222,16543.294642690886,58.017508666961184,33.423713744433265,27.69826875515251,29.031602088485847,1.5,0.5,0.1250984519825575,0.2171482372550617,0.1263728392531876,0.2003999767690627,138.0845696882478,527401.0881997026,527.4010881997026,516.2726111388364,188955.77567679744,741.589690753045,15952.601918278457,8.128608897095546e-12,1.8189894035458565e-12,2.5505242362555686e-10,2.5829649530351157e-10,0.0,3.552713678800501e-15,0.0,115.5972316861475,231.194463372295,24.00000000000212,highs-ds,20.48238814855816,1.0,True,True,True,1,1,1,0
france_grand_quevilly,2017,France,Grand-Quevilly,Grand-Quevilly Agrofert,Reforming,1,2024,33458.0,21.511358797449617,8760,rigid,False,1.0,1.5,0.6,0.0,high_investment_small_cavern,16,2.0,2,optimal,348.22280319791,optimal,92.75499542017208,16468.92815083889,58.017508666961184,33.423713744433265,27.69826875515251,29.031602088485847,1.5,0.5,0.1250984519825575,0.2171482372550617,0.1222241712328767,0.1971013834409117,96.91003897062612,370138.8223606402,370.1388223606402,-0.0,188439.50306565865,473.19182983083977,10178.999231512917,7.30437932361383e-12,1.8189894035458565e-12,0.0,0.0,0.0,3.552713678800501e-15,0.0,231.194463372295,408.74746821301625,0.0,highs-ds,France,Grand-Quevilly,Grand-Quevilly Agrofert,Reforming,1,2024,33458.0,21.511358797449617,8760,flex_ml0p4_b24,True,0.4,1.5,0.6,24.0,high_investment_small_cavern,16,2.0,1,optimal,348.22280319791,optimal,68.75499542017201,12207.656034661568,58.017508666961184,33.423713744433265,27.69826875515251,29.031602088485847,1.5,0.5,0.1250984519825575,0.2171482372550617,0.1222241712328767,0.1971013834409117,87.03923877776798,332438.2250030321,332.4382250030321,516.272611138797,188439.50306565865,308.66426500930027,6639.787752566132,1.3159251466277055e-11,1.0711431741583507e-11,2.332960491457925e-10,2.346496330574155e-10,0.0,3.552713678800501e-15,0.0,115.5972316861475,231.194463372295,24.000000000000288,highs-ds,25.874617201243076,1.0,True,True,True,1,1,1,0
france_grand_quevilly,2018,France,Grand-Quevilly,Grand-Quevilly Agrofert,Reforming,1,2024,33458.0,21.511358797449617,8760,rigid,False,1.0,1.5,0.6,0.0,high_investment_small_cavern,16,2.0,2,optimal,348.22280319791,optimal,122.47498752669485,21745.80205319452,58.017508666961184,33.423713744433265,27.69826875515251,29.031602088485847,1.5,0.5,0.1250984519825575,0.2171482372550617,0.1303967317351598,0.2085745493919102,123.32174749887378,471015.8707554017,471.0158707554017,-0.0,188439.50306565865,284.41630666808925,6118.18122058273,7.503331289626658e-12,1.7905676941154525e-12,0.0,0.0,0.0,7.2164496600635185e-16,3.1974423109204515e-14,231.194463372295,408.74746821301625,0.0,highs-ds,France,Grand-Quevilly,Grand-Quevilly Agrofert,Reforming,1,2024,33458.0,21.511358797449617,8760,flex_ml0p4_b24,True,0.4,1.5,0.6,24.0,high_investment_small_cavern,16,2.0,1,optimal,348.22280319791,optimal,98.47498752679628,17484.529937035222,58.017508666961184,33.423713744433265,27.69826875515251,29.031602088485847,1.5,0.5,0.1250984519825575,0.2171482372550617,0.1303967317351598,0.2085745493919102,99.62386268153148,380504.0179907169,380.5040179907169,516.2726111362133,188439.50306565865,179.82679037250597,3868.3186090967342,1.708144736767281e-11,4.32862634625053e-11,2.1701285213282517e-10,2.1827872842550278e-10,0.0,3.552713678800501e-15,1.322522535929238e-09,115.5972316861475,231.194463372295,23.99999999988018,highs-ds,19.595837880503957,1.0,True,True,True,1,1,1,0
france_grand_quevilly,2019,France,Grand-Quevilly,Grand-Quevilly Agrofert,Reforming,1,2024,33458.0,21.511358797449617,8760,rigid,False,1.0,1.5,0.6,0.0,high_investment_small_cavern,16,2.0,1,optimal,348.22280319791,optimal,100.82575133483812,17901.91511482387,58.017508666961184,33.423713744433265,27.69826875515251,29.031602088485847,1.5,0.5,0.1250984519825575,0.2171482372550617,0.133271303652968,0.2336163885605835,215.0043711360732,821189.0695742851,821.1890695742851,-0.0,188439.50306565865,1319.433563494057,28382.808793718174,5.144329406903125e-12,3.609557097661309e-12,0.0,0.0,0.0,8.881784197001252e-16,0.0,115.5972316861475,177.55300484072126,0.0,highs-ds,France,Grand-Quevilly,Grand-Quevilly Agrofert,Reforming,1,2024,33458.0,21.511358797449617,8760,flex_ml0p4_b24,True,0.4,1.5,0.6,24.0,high_investment_small_cavern,16,2.0,1,optimal,348.22280319791,optimal,76.82575133495313,13640.64299866698,58.017508666961184,33.423713744433265,27.69826875515251,29.031602088485847,1.5,0.5,0.1250984519825575,0.2171482372550617,0.133271303652968,0.2336163885605835,90.05505193821351,343956.84106720856,343.9568410672086,516.2726111362446,188439.50306565865,201.92903923594312,4343.768014628654,7.332801033044234e-12,4.021671884402167e-12,1.7376811101144083e-10,1.7462298274040222e-10,0.0,3.552713678800501e-15,1.1755858508877282e-09,115.5972316861475,231.194463372295,23.99999999988163,highs-ds,23.80344275360963,0.0,True,True,True,1,0,1,0
france_grand_quevilly,2020,France,Grand-Quevilly,Grand-Quevilly Agrofert,Reforming,1,2024,33458.0,21.511358797449617,8784,rigid,False,1.0,1.5,0.6,0.0,high_investment_small_cavern,16,2.0,1,optimal,348.22280319791,optimal,74.44005213361835,13217.05493682388,58.017508666961184,33.423713744433265,27.69826875515251,29.031602088485847,1.5,0.5,0.1250984519825575,0.2171482372550617,0.1317544888433515,0.2645110242828337,166.58665370450416,636262.1300964954,636.2621300964954,-0.0,188955.77567679744,620.4831028971348,13347.434654175117,5.144329406903125e-12,1.8189894035458565e-12,0.0,0.0,0.0,8.881784197001252e-16,0.0,115.5972316861475,177.55300484072126,0.0,highs-ds,France,Grand-Quevilly,Grand-Quevilly Agrofert,Reforming,1,2024,33458.0,21.511358797449617,8784,flex_ml0p4_b24,True,0.4,1.5,0.6,24.0,high_investment_small_cavern,16,2.0,1,optimal,348.22280319791,optimal,50.44005213361831,8955.782820646564,58.017508666961184,33.423713744433265,27.69826875515251,29.031602088485847,1.5,0.5,0.1250984519825575,0.2171482372550617,0.1317544888433515,0.2645110242828337,60.83017770572482,232335.1695979613,232.3351695979613,516.2726111387932,188955.77567679744,225.27703956678744,4846.015226948419,8.58335624798201e-12,1.3088197192701044e-11,7.326184103817468e-11,7.275957614183426e-11,0.0,3.552713678800501e-15,0.0,115.5972316861475,231.194463372295,24.00000000000011,highs-ds,32.24070821030665,0.0,True,True,True,1,0,1,0
france_grand_quevilly,2021,France,Grand-Quevilly,Grand-Quevilly Agrofert,Reforming,1,2024,33458.0,21.511358797449617,8760,rigid,False,1.0,1.5,0.6,0.0,high_investment_small_cavern,16,2.0,2,optimal,348.22280319791,optimal,154.82517795523555,27489.67557095148,58.017508666961184,33.423713744433265,27.69826875515251,29.031602088485847,1.5,0.5,0.1250984519825575,0.2171482372550617,0.1304517922374429,0.2094239138849964,191.75507740841704,732390.568485253,732.390568485253,-0.0,188439.50306565865,511.39133287856447,11000.722447456794,7.673861546209082e-12,3.572253604033904e-12,0.0,0.0,0.0,3.552713678800501e-15,1.882938249764265e-13,231.194463372295,408.74746821301625,0.0,highs-ds,France,Grand-Quevilly,Grand-Quevilly Agrofert,Reforming,1,2024,33458.0,21.511358797449617,8760,flex_ml0p4_b24,True,0.4,1.5,0.6,24.0,high_investment_small_cavern,16,2.0,1,optimal,348.22280319791,optimal,130.82517795535173,23228.40345479479,58.017508666961184,33.423713744433265,27.69826875515251,29.031602088485847,1.5,0.5,0.1250984519825575,0.2171482372550617,0.1304517922374429,0.2094239138849964,178.46746463391983,681639.775310695,681.6397753106951,516.2726111377129,188439.50306565865,382.2515305813737,8222.749825210214,2.0673951439675875e-10,2.2794210963184008e-11,2.2528501286700475e-10,2.2555468603968607e-10,0.0,3.552713678800501e-15,6.753815284810112e-10,115.5972316861475,231.194463372295,23.999999999949893,highs-ds,15.501354700088191,1.0,True,True,True,1,1,1,0
france_grand_quevilly,2022,France,Grand-Quevilly,Grand-Quevilly Agrofert,Reforming,1,2024,33458.0,21.511358797449617,8760,rigid,False,1.0,1.5,0.6,0.0,high_investment_small_cavern,16,2.0,2,optimal,348.22280319791,optimal,202.32867249727468,35924.063767325315,58.017508666961184,33.423713744433265,27.69826875515251,29.031602088485847,1.5,0.5,0.1250984519825575,0.2171482372550617,0.1336243321917808,0.2106705179305619,212.96434052421031,813397.3636140443,813.3973636140443,-0.0,188439.50306565865,487.27730436916784,10481.996928139231,7.361222742474638e-12,3.581135388230905e-12,0.0,0.0,0.0,3.552713678800501e-15,0.0,231.194463372295,408.74746821301625,0.0,highs-ds,France,Grand-Quevilly,Grand-Quevilly Agrofert,Reforming,1,2024,33458.0,21.511358797449617,8760,flex_ml0p4_b24,True,0.4,1.5,0.6,24.0,high_investment_small_cavern,16,2.0,1,optimal,348.22280319791,optimal,178.32867249727445,31662.791651147963,58.017508666961184,33.423713744433265,27.69826875515251,29.031602088485847,1.5,0.5,0.1250984519825575,0.2171482372550617,0.1336243321917808,0.2106705179305619,193.08436294633583,737467.6501664959,737.4676501664959,516.2726111387918,188439.50306565865,363.5041086920056,7819.467306420856,2.074784788419492e-11,2.722799763432704e-11,1.9933921180381728e-10,2.0008883439004416e-10,0.0,3.552713678800501e-15,0.0,115.5972316861475,231.194463372295,24.00000000000005,highs-ds,11.861887741256002,1.0,True,True,True,1,1,1,0
france_grand_quevilly,2023,France,Grand-Quevilly,Grand-Quevilly Agrofert,Reforming,1,2024,33458.0,21.511358797449617,8760,rigid,False,1.0,1.5,0.6,0.0,high_investment_small_cavern,16,2.0,1,optimal,348.22280319791,optimal,48.37682624658692,8589.45086473898,58.017508666961184,33.423713744433265,27.69826875515251,29.031602088485847,1.5,0.5,0.1250984519825575,0.2171482372550617,0.1278585696347031,0.2638182376333824,202.1233317193695,771991.1452815827,771.9911452815827,-0.0,188439.50306565865,562.3649820240704,12097.234903441082,5.144329406903125e-12,3.581135388230905e-12,0.0,0.0,0.0,8.881784197001252e-16,0.0,115.5972316861475,177.55300484072126,0.0,highs-ds,France,Grand-Quevilly,Grand-Quevilly Agrofert,Reforming,1,2024,33458.0,21.511358797449617,8760,flex_ml0p4_b24,True,0.4,1.5,0.6,24.0,high_investment_small_cavern,16,2.0,1,optimal,348.22280319791,optimal,24.376826246586887,4328.178748561662,58.017508666961184,33.423713744433265,27.69826875515251,29.031602088485847,1.5,0.5,0.1250984519825575,0.2171482372550617,0.1278585696347031,0.2638182376333824,59.167107963242806,225983.23039202945,225.9832303920294,516.2726111387925,188439.50306565865,307.80536425352057,6621.311630237154,7.901235221652314e-12,8.171241461241152e-13,9.067546713481534e-11,9.09494701772928e-11,0.0,3.552713678800501e-15,1.0551559626037488e-12,115.5972316861475,231.194463372295,24.00000000000008,highs-ds,49.61053021061563,0.0,True,True,True,1,0,1,0
france_grandpuits_bailly_carrois,2015,France,Grandpuits-Bailly-Carrois,Grandpuits-Bailly-Carrois LAT Nitrogen,Reforming,1,2024,36720.0,23.60861662509265,8760,rigid,False,1.0,1.5,0.6,0.0,high_investment_small_cavern,16,2.0,1,optimal,317.28863151949,optimal,134.43999106796036,23870.224384876088,56.4155870987789,39.81379267604599,27.69826875515251,29.031602088485847,1.5,0.5,0.128650624683095,0.1822961349393921,0.1317055285388128,0.1940522619503971,263.75387166211226,1105598.420939813,1105.598420939813,-0.0,206811.4816358116,2224.089246947764,52507.67037118078,5.030642569181509e-12,3.637978807091713e-12,0.0,0.0,0.0,8.881784197001252e-16,0.0,105.3282183484646,177.55300484072126,0.0,highs-ds,France,Grandpuits-Bailly-Carrois,Grandpuits-Bailly-Carrois LAT Nitrogen,Reforming,1,2024,36720.0,23.60861662509265,8760,flex_ml0p4_b24,True,0.4,1.5,0.6,24.0,high_investment_small_cavern,16,2.0,1,optimal,317.28863151949,optimal,110.4399910679604,19608.952268698784,56.4155870987789,39.81379267604599,27.69826875515251,29.031602088485847,1.5,0.5,0.128650624683095,0.1822961349393921,0.1317055285388128,0.1940522619503971,130.80146612978007,548291.0772015437,548.2910772015438,566.6067990022335,206811.4816358116,317.50332506412843,7495.814278631179,5.400124791776762e-12,1.1681322575896047e-11,1.6559353888112582e-10,1.673470251262188e-10,0.0,3.552713678800501e-15,0.0,105.32821834845106,210.6564366969021,24.00000000000042,highs-ds,17.851830998610964,0.0,True,True,True,1,0,1,0
france_grandpuits_bailly_carrois,2016,France,Grandpuits-Bailly-Carrois,Grandpuits-Bailly-Carrois LAT Nitrogen,Reforming,1,2024,36720.0,23.60861662509265,8784,rigid,False,1.0,1.5,0.6,0.0,high_investment_small_cavern,16,2.0,2,optimal,317.28863151949,optimal,137.490384955554,24411.830985566103,56.4155870987789,39.81379267604599,27.69826875515251,29.031602088485847,1.5,0.5,0.128650624683095,0.1822961349393921,0.1284613387978142,0.1668052885635151,186.6930937516732,782576.5299727668,782.5765299727667,-0.0,207378.08843481384,976.4153158947432,23051.81485982773,6.87805368215777e-12,3.325340003357269e-12,0.0,0.0,0.0,3.552713678800501e-15,9.947598300641405e-14,210.6564366969021,388.2094415376234,0.0,highs-ds,France,Grandpuits-Bailly-Carrois,Grandpuits-Bailly-Carrois LAT Nitrogen,Reforming,1,2024,36720.0,23.60861662509265,8784,flex_ml0p4_b24,True,0.4,1.5,0.6,24.0,high_investment_small_cavern,16,2.0,1,optimal,317.28863151949,optimal,113.49038495566067,20150.558869407738,56.4155870987789,39.81379267604599,27.69826875515251,29.031602088485847,1.5,0.5,0.128650624683095,0.1822961349393921,0.1284613387978142,0.1668052885635151,219.6736898325593,920823.9601200433,920.8239601200432,566.6067990023422,207378.08843481384,1006.9646124843832,23773.04149117879,2.772253537841607e-10,3.12070369545836e-11,2.5407098647178827e-10,2.546585164964198e-10,0.0,3.552713678800501e-15,0.0,105.32821834845106,210.6564366969021,24.000000000005024,highs-ds,17.45576609422667,1.0,True,True,True,1,1,1,0
france_grandpuits_bailly_carrois,2017,France,Grandpuits-Bailly-Carrois,Grandpuits-Bailly-Carrois LAT Nitrogen,Reforming,1,2024,36720.0,23.60861662509265,8760,rigid,False,1.0,1.5,0.6,0.0,high_investment_small_cavern,16,2.0,2,optimal,317.28863151949,optimal,107.39024329622798,19067.4603878214,56.4155870987789,39.81379267604599,27.69826875515251,29.031602088485847,1.5,0.5,0.128650624683095,0.1822961349393921,0.1308632408675799,0.1681863812345813,107.63108307026168,451165.9098561653,451.1659098561653,-0.0,206811.4816358116,440.47809880718137,10399.078566488426,7.30437932361383e-12,1.8189894035458565e-12,0.0,0.0,0.0,3.552713678800501e-15,0.0,210.6564366969021,388.2094415376234,0.0,highs-ds,France,Grandpuits-Bailly-Carrois,Grandpuits-Bailly-Carrois LAT Nitrogen,Reforming,1,2024,36720.0,23.60861662509265,8760,flex_ml0p4_b24,True,0.4,1.5,0.6,24.0,high_investment_small_cavern,16,2.0,1,optimal,317.28863151949,optimal,83.39024329622795,14806.188271644083,56.4155870987789,39.81379267604599,27.69826875515251,29.031602088485847,1.5,0.5,0.128650624683095,0.1822961349393921,0.1308632408675799,0.1681863812345813,91.2629461394667,382554.2673791344,382.5542673791344,566.6067990022257,206811.4816358116,514.5435087021799,12147.66043387979,1.4239276424632408e-11,4.3655745685100555e-11,2.785824904094625e-10,2.801243681460619e-10,0.0,3.552713678800501e-15,0.0,105.32821834845106,210.6564366969021,24.000000000000085,highs-ds,22.34839894514236,1.0,True,True,True,1,1,1,0
france_grandpuits_bailly_carrois,2018,France,Grandpuits-Bailly-Carrois,Grandpuits-Bailly-Carrois LAT Nitrogen,Reforming,1,2024,36720.0,23.60861662509265,8760,rigid,False,1.0,1.5,0.6,0.0,high_investment_small_cavern,16,2.0,2,optimal,317.28863151949,optimal,101.57386711153846,18034.745318945766,56.4155870987789,39.81379267604599,27.69826875515251,29.031602088485847,1.5,0.5,0.128650624683095,0.1822961349393921,0.1369046723744292,0.1771182565302709,108.49241792942004,454776.43680003466,454.7764368000347,-0.0,206811.4816358116,295.07126296826806,6966.224324499739,7.077005648170598e-12,1.8189894035458565e-12,0.0,0.0,0.0,1.7763568394002505e-15,2.3092638912203256e-14,210.6564366969021,388.2094415376234,0.0,highs-ds,France,Grandpuits-Bailly-Carrois,Grandpuits-Bailly-Carrois LAT Nitrogen,Reforming,1,2024,36720.0,23.60861662509265,8760,flex_ml0p4_b24,True,0.4,1.5,0.6,24.0,high_investment_small_cavern,16,2.0,1,optimal,317.28863151949,optimal,77.57386711165813,13773.473202789704,56.4155870987789,39.81379267604599,27.69826875515251,29.031602088485847,1.5,0.5,0.128650624683095,0.1822961349393921,0.1369046723744292,0.1771182565302709,85.42463059116676,358081.3282314661,358.0813282314661,566.6067989995336,206811.4816358116,185.67706099097816,4383.578549009949,5.7696070143720135e-11,2.461320036672987e-11,2.27311724998458e-10,2.2919266484677792e-10,0.0,3.552713678800501e-15,8.85293616192939e-10,105.32821834845106,210.6564366969021,23.999999999886057,highs-ds,23.628124715903432,1.0,True,True,True,1,1,1,0
france_grandpuits_bailly_carrois,2019,France,Grandpuits-Bailly-Carrois,Grandpuits-Bailly-Carrois LAT Nitrogen,Reforming,1,2024,36720.0,23.60861662509265,8760,rigid,False,1.0,1.5,0.6,0.0,high_investment_small_cavern,16,2.0,1,optimal,317.28863151949,optimal,74.76230071477171,13274.27114071332,56.4155870987789,39.81379267604599,27.69826875515251,29.031602088485847,1.5,0.5,0.128650624683095,0.1822961349393921,0.1373374189497716,0.2085826881925485,184.9638475702957,775327.9089932945,775.3279089932945,-0.0,206811.4816358116,1319.0547345286377,31141.05753499997,5.115907697472721e-12,3.531397396727698e-12,0.0,0.0,0.0,8.881784197001252e-16,1.1723955140041653e-13,105.32821834845106,177.55300484072126,0.0,highs-ds,France,Grandpuits-Bailly-Carrois,Grandpuits-Bailly-Carrois LAT Nitrogen,Reforming,1,2024,36720.0,23.60861662509265,8760,flex_ml0p4_b24,True,0.4,1.5,0.6,24.0,high_investment_small_cavern,16,2.0,1,optimal,317.28863151949,optimal,50.76230071488332,9012.999024555826,56.4155870987789,39.81379267604599,27.69826875515251,29.031602088485847,1.5,0.5,0.128650624683095,0.1822961349393921,0.1373374189497716,0.2085826881925485,76.24269310142732,319592.6587539282,319.5926587539282,566.6067989985625,206811.4816358116,346.0045433782395,8168.688615157096,7.787548383930698e-12,1.5845103007450234e-12,1.2337997290501335e-10,1.2369127944111824e-10,0.0,3.552713678800501e-15,1.4079883925433023e-09,105.32821834845106,210.6564366969021,23.999999999844924,highs-ds,32.10174081112303,0.0,True,True,True,1,0,1,0
france_grandpuits_bailly_carrois,2020,France,Grandpuits-Bailly-Carrois,Grandpuits-Bailly-Carrois LAT Nitrogen,Reforming,1,2024,36720.0,23.60861662509265,8784,rigid,False,1.0,1.5,0.6,0.0,high_investment_small_cavern,16,2.0,1,optimal,317.28863151949,optimal,67.77571025031408,12033.781010157338,56.4155870987789,39.81379267604599,27.69826875515251,29.031602088485847,1.5,0.5,0.128650624683095,0.1822961349393921,0.1378938012295082,0.233710379385278,160.93844020582802,674618.6671641557,674.6186671641558,-0.0,207378.08843481384,592.3279018623975,13984.042351414846,5.201172825763933e-12,1.8189894035458565e-12,0.0,0.0,0.0,8.881784197001252e-16,3.730349362740527e-14,105.32821834845106,177.55300484072126,0.0,highs-ds,France,Grandpuits-Bailly-Carrois,Grandpuits-Bailly-Carrois LAT Nitrogen,Reforming,1,2024,36720.0,23.60861662509265,8784,flex_ml0p4_b24,True,0.4,1.5,0.6,24.0,high_investment_small_cavern,16,2.0,1,optimal,317.28863151949,optimal,43.77571025031405,7772.508893980022,56.4155870987789,39.81379267604599,27.69826875515251,29.031602088485847,1.5,0.5,0.128650624683095,0.1822961349393921,0.1378938012295082,0.233710379385278,52.45533027604552,219881.24745849217,219.88124745849217,566.6067990022237,207378.08843481384,172.66187748336824,4076.308071273558,7.560174708487466e-12,2.9132252166164108e-12,4.565370304021599e-11,4.5474735088646405e-11,0.0,3.552713678800501e-15,0.0,105.32821834845106,210.6564366969021,24.000000000000007,highs-ds,35.41091625799496,0.0,True,True,True,1,0,1,0
france_grandpuits_bailly_carrois,2021,France,Grandpuits-Bailly-Carrois,Grandpuits-Bailly-Carrois LAT Nitrogen,Reforming,1,2024,36720.0,23.60861662509265,8760,rigid,False,1.0,1.5,0.6,0.0,high_investment_small_cavern,16,2.0,2,optimal,317.28863151949,optimal,188.2309637361504,33420.973215418344,56.4155870987789,39.81379267604599,27.69826875515251,29.031602088485847,1.5,0.5,0.128650624683095,0.1822961349393921,0.1318724463470319,0.1924577934148996,196.95653834481143,825598.6401851,825.5986401851001,-0.0,206811.4816358116,372.91600568755575,8804.031011638373,7.048583938740194e-12,3.609557097661309e-12,0.0,0.0,0.0,1.7763568394002505e-15,6.572520305780928e-14,210.6564366969021,388.2094415376234,0.0,highs-ds,France,Grandpuits-Bailly-Carrois,Grandpuits-Bailly-Carrois LAT Nitrogen,Reforming,1,2024,36720.0,23.60861662509265,8760,flex_ml0p4_b24,True,0.4,1.5,0.6,24.0,high_investment_small_cavern,16,2.0,1,optimal,317.28863151949,optimal,164.23096373615053,29159.70109924105,56.4155870987789,39.81379267604599,27.69826875515251,29.031602088485847,1.5,0.5,0.128650624683095,0.1822961349393921,0.1318724463470319,0.1924577934148996,174.70421665633137,732321.7848881835,732.3217848881835,566.6067990022251,206811.4816358116,270.2578911825055,6380.41494283378,1.5035084288683715e-10,4.261835329089081e-11,1.4499701439518728e-10,1.4551915228366852e-10,0.0,3.552713678800501e-15,0.0,105.32821834845106,210.6564366969021,24.00000000000006,highs-ds,12.750293322432041,1.0,True,True,True,1,1,1,0
france_grandpuits_bailly_carrois,2022,France,Grandpuits-Bailly-Carrois,Grandpuits-Bailly-Carrois LAT Nitrogen,Reforming,1,2024,36720.0,23.60861662509265,8760,rigid,False,1.0,1.5,0.6,0.0,high_investment_small_cavern,16,2.0,2,optimal,317.28863151949,optimal,192.88921545682223,34248.05980572808,56.4155870987789,39.81379267604599,27.69826875515251,29.031602088485847,1.5,0.5,0.128650624683095,0.1822961349393921,0.1399181324200913,0.1824436507876779,205.32731997185263,860687.1220737932,860.6871220737931,-0.0,206811.4816358116,561.5630353948243,13257.72641345974,6.906475391588174e-12,3.581135388230905e-12,0.0,0.0,0.0,3.552713678800501e-15,0.0,210.6564366969021,388.2094415376234,0.0,highs-ds,France,Grandpuits-Bailly-Carrois,Grandpuits-Bailly-Carrois LAT Nitrogen,Reforming,1,2024,36720.0,23.60861662509265,8760,flex_ml0p4_b24,True,0.4,1.5,0.6,24.0,high_investment_small_cavern,16,2.0,1,optimal,317.28863151949,optimal,168.88921545682223,29986.78768955077,56.4155870987789,39.81379267604599,27.69826875515251,29.031602088485847,1.5,0.5,0.128650624683095,0.1822961349393921,0.1399181324200913,0.1824436507876779,184.83761794885328,774798.7820869739,774.7987820869739,566.6067990022226,206811.4816358116,434.4374826819756,10256.46797620909,8.640199666842818e-12,9.535483513900544e-12,9.9262820185686e-11,1.0004441719502208e-10,0.0,3.552713678800501e-15,0.0,105.32821834845106,210.6564366969021,23.99999999999996,highs-ds,12.442375247968355,1.0,True,True,True,1,1,1,0
france_grandpuits_bailly_carrois,2023,France,Grandpuits-Bailly-Carrois,Grandpuits-Bailly-Carrois LAT Nitrogen,Reforming,1,2024,36720.0,23.60861662509265,8760,rigid,False,1.0,1.5,0.6,0.0,high_investment_small_cavern,16,2.0,1,optimal,317.28863151949,optimal,62.446444931292525,11087.553939171616,56.4155870987789,39.81379267604599,27.69826875515251,29.031602088485847,1.5,0.5,0.128650624683095,0.1822961349393921,0.1299835547945205,0.2393375400821836,248.46712661443743,1041519.7362194224,1041.5197362194226,-0.0,206811.4816358116,898.1533623968176,21204.15840336437,5.002220859751105e-12,3.637978807091713e-12,0.0,0.0,0.0,8.881784197001252e-16,9.237055564881302e-14,105.32821834845106,177.55300484072126,0.0,highs-ds,France,Grandpuits-Bailly-Carrois,Grandpuits-Bailly-Carrois LAT Nitrogen,Reforming,1,2024,36720.0,23.60861662509265,8760,flex_ml0p4_b24,True,0.4,1.5,0.6,24.0,high_investment_small_cavern,16,2.0,1,optimal,317.28863151949,optimal,38.446444931292575,6826.281822994314,56.4155870987789,39.81379267604599,27.69826875515251,29.031602088485847,1.5,0.5,0.128650624683095,0.1822961349393921,0.1299835547945205,0.2393375400821836,48.65430073574532,203948.1647279187,203.94816472791868,566.6067990022241,206811.4816358116,378.8394108541772,8943.874413332234,5.7411853049416095e-12,1.5489831639570184e-12,8.222533764978834e-12,9.094947017729282e-12,0.0,3.552713678800501e-15,0.0,105.32821834845106,210.6564366969021,24.00000000000002,highs-ds,38.43293245341067,0.0,True,True,True,1,0,1,0
france_le_havre,2015,France,Le Havre,Le Havre YARA,Reforming,1,2024,33458.0,21.511358797449617,8760,rigid,False,1.0,1.5,0.6,0.0,high_investment_small_cavern,16,2.0,1,optimal,348.22280319791,optimal,46.45589412604461,8248.383594641633,54.74715579263977,24.454302178022875,27.69826875515251,29.031602088485847,1.5,0.5,0.132571280042592,0.2967944237085673,0.1340798938356164,0.3308926161945431,128.64032429564324,491329.6769730173,491.3296769730173,-0.0,188439.50306565865,1026.554462815878,22082.581374755504,5.059064278611913e-12,1.8189894035458565e-12,0.0,0.0,0.0,8.881784197001252e-16,0.0,115.5972316861475,177.55300484072126,0.0,highs-ds,France,Le Havre,Le Havre YARA,Reforming,1,2024,33458.0,21.511358797449617,8760,flex_ml0p4_b24,True,0.4,1.5,0.6,24.0,high_investment_small_cavern,16,2.0,1,optimal,348.22280319791,optimal,22.45589412604465,3987.111478464331,54.74715579263977,24.454302178022875,27.69826875515251,29.031602088485847,1.5,0.5,0.132571280042592,0.2967944237085673,0.1340798938356164,0.3308926161945431,31.40929043733712,119964.8446863499,119.96484468634988,516.2726111387909,188439.50306565865,163.61916357581808,3519.6705338180222,7.16227077646181e-12,2.2595258997171186e-12,1.0547551720918591e-10,1.0550138540565968e-10,0.0,3.552713678800501e-15,0.0,115.5972316861475,231.194463372295,24.000000000000004,highs-ds,51.66190523614272,0.0,True,True,True,1,0,1,0
france_le_havre,2016,France,Le Havre,Le Havre YARA,Reforming,1,2024,33458.0,21.511358797449617,8784,rigid,False,1.0,1.5,0.6,0.0,high_investment_small_cavern,16,2.0,2,optimal,348.22280319791,optimal,87.21639089825133,15485.532275347456,54.74715579263977,24.454302178022875,27.69826875515251,29.031602088485847,1.5,0.5,0.132571280042592,0.2967944237085673,0.1341629849726776,0.2732714816674055,106.42148341471606,406466.8940741518,406.4668940741518,-0.0,188955.77567679744,430.0939273129448,9251.90478703297,7.759126674500294e-12,1.8189894035458565e-12,0.0,0.0,0.0,3.552713678800501e-15,0.0,231.194463372295,408.74746821301625,0.0,highs-ds,France,Le Havre,Le Havre YARA,Reforming,1,2024,33458.0,21.511358797449617,8784,flex_ml0p4_b24,True,0.4,1.5,0.6,24.0,high_investment_small_cavern,16,2.0,1,optimal,348.22280319791,optimal,63.21639089825113,11224.26015917011,54.74715579263977,24.454302178022875,27.69826875515251,29.031602088485847,1.5,0.5,0.132571280042592,0.2967944237085673,0.1341629849726776,0.2732714816674055,92.53999940800752,353447.86531884875,353.4478653188488,516.2726111388063,188955.77567679744,402.4396952522708,8657.024678907877,3.4759750633384095e-11,1.7195134205394424e-12,2.2335155946962e-10,2.2373569663614035e-10,0.0,3.552713678800501e-15,0.0,115.5972316861475,231.194463372295,24.00000000000072,highs-ds,27.517763292910345,1.0,True,True,True,1,1,1,0
france_le_havre,2017,France,Le Havre,Le Havre YARA,Reforming,1,2024,33458.0,21.511358797449617,8760,rigid,False,1.0,1.5,0.6,0.0,high_investment_small_cavern,16,2.0,2,optimal,348.22280319791,optimal,84.95738113662513,15084.438304206204,54.74715579263977,24.454302178022875,27.69826875515251,29.031602088485847,1.5,0.5,0.132571280042592,0.2967944237085673,0.1285648333333333,0.2724651760741733,84.95738113662513,324486.7646197721,324.4867646197721,-0.0,188439.50306565865,301.1699894355328,6478.575701771856,7.645439836778678e-12,9.094947017729282e-13,0.0,0.0,0.0,3.552713678800501e-15,0.0,231.194463372295,408.74746821301625,0.0,highs-ds,France,Le Havre,Le Havre YARA,Reforming,1,2024,33458.0,21.511358797449617,8760,flex_ml0p4_b24,True,0.4,1.5,0.6,24.0,high_investment_small_cavern,16,2.0,1,optimal,348.22280319791,optimal,60.95738113662504,10823.166188028876,54.74715579263977,24.454302178022875,27.69826875515251,29.031602088485847,1.5,0.5,0.132571280042592,0.2967944237085673,0.1285648333333333,0.2724651760741733,60.95738113662504,232821.0111951142,232.8210111951142,516.2726111387916,188439.50306565865,178.44025219085358,3838.492288784847,5.059064278611913e-12,1.0388134796812663e-11,2.1262991367620998e-10,2.1282176021486518e-10,0.0,3.552713678800501e-15,0.0,115.5972316861475,231.194463372295,24.000000000000053,highs-ds,28.249458350657292,1.0,True,True,True,1,1,1,0
france_le_havre,2018,France,Le Havre,Le Havre YARA,Reforming,1,2024,33458.0,21.511358797449617,8760,rigid,False,1.0,1.5,0.6,0.0,high_investment_small_cavern,16,2.0,1,optimal,348.22280319791,optimal,101.65591983729894,18049.31402695991,54.74715579263977,24.454302178022875,27.69826875515251,29.031602088485847,1.5,0.5,0.132571280042592,0.2967944237085673,0.1368436484018264,0.2855014725873043,314.2719310990972,1200332.2226842,1200.3322226842,-0.0,188439.50306565865,1436.4515355139008,30900.02437558696,5.286437954055145e-12,3.637978807091713e-12,0.0,0.0,0.0,8.881784197001252e-16,0.0,115.5972316861475,177.55300484072126,0.0,highs-ds,France,Le Havre,Le Havre YARA,Reforming,1,2024,33458.0,21.511358797449617,8760,flex_ml0p4_b24,True,0.4,1.5,0.6,24.0,high_investment_small_cavern,16,2.0,1,optimal,348.22280319791,optimal,77.65591983742075,13788.041910804228,54.74715579263977,24.454302178022875,27.69826875515251,29.031602088485847,1.5,0.5,0.132571280042592,0.2967944237085673,0.1368436484018264,0.2855014725873043,83.01704026792954,317075.81430187065,317.07581430187065,516.2726111355679,188439.50306565865,177.61587927372096,3820.7589071815055,7.16227077646181e-12,8.625988812127616e-12,1.8819523717183984e-10,1.8917489796876907e-10,0.0,3.552713678800501e-15,1.485290113123483e-09,115.5972316861475,231.194463372295,23.99999999985017,highs-ds,23.609053007724846,0.0,True,True,True,1,0,1,0
france_le_havre,2019,France,Le Havre,Le Havre YARA,Reforming,1,2024,33458.0,21.511358797449617,8760,rigid,False,1.0,1.5,0.6,0.0,high_investment_small_cavern,16,2.0,1,optimal,348.22280319791,optimal,111.91122892216448,19870.17497054813,54.74715579263977,24.454302178022875,27.69826875515251,29.031602088485847,1.5,0.5,0.132571280042592,0.2967944237085673,0.1388278869863013,0.3097350697893932,155.91672919136352,595509.3522014429,595.5093522014429,-0.0,188439.50306565865,1387.2722194348703,29842.11046199776,4.888534022029489e-12,1.8189894035458565e-12,0.0,0.0,0.0,8.881784197001252e-16,0.0,115.5972316861475,177.55300484072126,0.0,highs-ds,France,Le Havre,Le Havre YARA,Reforming,1,2024,33458.0,21.511358797449617,8760,flex_ml0p4_b24,True,0.4,1.5,0.6,24.0,high_investment_small_cavern,16,2.0,1,optimal,348.22280319791,optimal,87.91122892227033,15608.902854389618,54.74715579263977,24.454302178022875,27.69826875515251,29.031602088485847,1.5,0.5,0.132571280042592,0.2967944237085673,0.1388278869863013,0.3097350697893932,97.51357785990572,372443.9826525942,372.44398265259423,516.2726111352556,188439.50306565865,215.7398109104712,4640.856479389081,7.16227077646181e-12,1.2079226507921705e-12,1.224349510664524e-10,1.2369127944111824e-10,0.0,3.552713678800501e-15,1.8052759287456863e-09,115.5972316861475,231.194463372295,23.99999999983566,highs-ds,21.445569163203835,0.0,True,True,True,1,0,1,0
france_le_havre,2020,France,Le Havre,Le Havre YARA,Reforming,1,2024,33458.0,21.511358797449617,8784,rigid,False,1.0,1.5,0.6,0.0,high_investment_small_cavern,16,2.0,1,optimal,348.22280319791,optimal,60.27161298370048,10701.40599185305,54.74715579263977,24.454302178022875,27.69826875515251,29.031602088485847,1.5,0.5,0.132571280042592,0.2967944237085673,0.1388990892531876,0.3513230249573941,122.19108673606756,466697.41780997126,466.6974178099713,-0.0,188955.77567679744,606.607129737436,13048.943616873055,5.286437954055145e-12,1.8189894035458565e-12,0.0,0.0,0.0,8.881784197001252e-16,0.0,115.5972316861475,177.55300484072126,0.0,highs-ds,France,Le Havre,Le Havre YARA,Reforming,1,2024,33458.0,21.511358797449617,8784,flex_ml0p4_b24,True,0.4,1.5,0.6,24.0,high_investment_small_cavern,16,2.0,1,optimal,348.22280319791,optimal,36.27161298380404,6440.133875694127,54.74715579263977,24.454302178022875,27.69826875515251,29.031602088485847,1.5,0.5,0.132571280042592,0.2967944237085673,0.1388990892531876,0.3513230249573941,45.10433143219573,172271.77181032018,172.2717718103202,516.2726111345002,188955.77567679744,310.70086991277594,6683.597891373442,8.640199666842818e-12,5.115907697472721e-13,3.041611407184064e-11,3.092281986027956e-11,0.0,3.552713678800501e-15,2.0178028137252113e-09,115.5972316861475,231.194463372295,23.99999999980054,highs-ds,39.819740690176765,0.0,True,True,True,1,0,1,0
france_le_havre,2021,France,Le Havre,Le Havre YARA,Reforming,1,2024,33458.0,21.511358797449617,8760,rigid,False,1.0,1.5,0.6,0.0,high_investment_small_cavern,16,2.0,2,optimal,348.22280319791,optimal,131.43762429767585,23337.145143178142,54.74715579263977,24.454302178022875,27.69826875515251,29.031602088485847,1.5,0.5,0.132571280042592,0.2967944237085673,0.1382114623287671,0.2829468968431811,138.1031866379961,527472.1938965836,527.4721938965836,-0.0,188439.50306565865,601.0713327457747,12929.861101555589,7.389644451905042e-12,1.8189894035458565e-12,0.0,0.0,0.0,3.552713678800501e-15,7.815970093361102e-14,231.194463372295,408.74746821301625,0.0,highs-ds,France,Le Havre,Le Havre YARA,Reforming,1,2024,33458.0,21.511358797449617,8760,flex_ml0p4_b24,True,0.4,1.5,0.6,24.0,high_investment_small_cavern,16,2.0,1,optimal,348.22280319791,optimal,107.4376242976758,19075.873027000824,54.74715579263977,24.454302178022875,27.69826875515251,29.031602088485847,1.5,0.5,0.132571280042592,0.2967944237085673,0.1382114623287671,0.2829468968431811,123.85890848327068,473067.506853113,473.067506853113,516.2726111376326,188439.50306565865,423.3819399491847,9107.52081860718,7.105427357601002e-12,1.8189894035458565e-12,2.030329238067452e-10,2.0372681319713595e-10,0.0,3.552713678800501e-15,1.1969163438152464e-09,115.5972316861475,231.194463372295,23.999999999946155,highs-ds,18.259611833553535,1.0,True,True,True,1,1,1,0
france_le_havre,2022,France,Le Havre,Le Havre YARA,Reforming,1,2024,33458.0,21.511358797449617,8760,rigid,False,1.0,1.5,0.6,0.0,high_investment_small_cavern,16,2.0,1,optimal,348.22280319791,optimal,187.1097618296974,33221.90044789446,54.74715579263977,24.454302178022875,27.69826875515251,29.031602088485847,1.5,0.5,0.132571280042592,0.2967944237085673,0.1393247739726027,0.2806537571728556,249.5605616396804,953173.204490916,953.173204490916,-0.0,188439.50306565865,1471.789701516319,31660.19634370881,5.002220859751105e-12,3.637978807091713e-12,0.0,0.0,0.0,8.881784197001252e-16,0.0,115.5972316861475,177.55300484072126,0.0,highs-ds,France,Le Havre,Le Havre YARA,Reforming,1,2024,33458.0,21.511358797449617,8760,flex_ml0p4_b24,True,0.4,1.5,0.6,24.0,high_investment_small_cavern,16,2.0,1,optimal,348.22280319791,optimal,163.1097618296974,28960.628331717155,54.74715579263977,24.454302178022875,27.69826875515251,29.031602088485847,1.5,0.5,0.132571280042592,0.2967944237085673,0.1393247739726027,0.2806537571728556,179.59481536648173,685945.5859054504,685.9455859054503,516.2726111387949,188439.50306565865,269.701786068971,5801.651888442633,1.0601297617540696e-11,2.580691216280684e-11,1.8209966867743788e-10,1.818989403545856e-10,0.0,3.552713678800501e-15,0.0,115.5972316861475,231.194463372295,24.000000000000192,highs-ds,12.826695820309043,0.0,True,True,True,1,0,1,0
france_le_havre,2023,France,Le Havre,Le Havre YARA,Reforming,1,2024,33458.0,21.511358797449617,8760,rigid,False,1.0,1.5,0.6,0.0,high_investment_small_cavern,16,2.0,1,optimal,348.22280319791,optimal,54.21349782058999,9625.769440971646,54.74715579263977,24.454302178022875,27.69826875515251,29.031602088485847,1.5,0.5,0.132571280042592,0.2967944237085673,0.1331454840182648,0.3500089119408675,178.83137640513849,683029.7022560643,683.0297022560643,-0.0,188439.50306565865,559.1392844374863,12027.845765284004,5.229594535194337e-12,1.8189894035458565e-12,0.0,0.0,0.0,8.881784197001252e-16,0.0,115.5972316861475,177.55300484072126,0.0,highs-ds,France,Le Havre,Le Havre YARA,Reforming,1,2024,33458.0,21.511358797449617,8760,flex_ml0p4_b24,True,0.4,1.5,0.6,24.0,high_investment_small_cavern,16,2.0,1,optimal,348.22280319791,optimal,30.213497820590007,5364.497324794339,54.74715579263977,24.454302178022875,27.69826875515251,29.031602088485847,1.5,0.5,0.132571280042592,0.2967944237085673,0.1331454840182648,0.3500089119408675,44.51321669734706,170014.0644132235,170.0140644132235,516.272611138794,188439.50306565865,309.5341179122389,6658.499470462248,2.722799763432704e-11,5.002220859751105e-12,2.9118485400658756e-11,2.9103830456733704e-11,0.0,3.552713678800501e-15,0.0,115.5972316861475,231.194463372295,24.00000000000015,highs-ds,44.26941806895351,0.0,True,True,True,1,0,1,0
france_ottmarsheim,2015,France,Ottmarsheim,Ottmarshein LAT Nitrogen,Reforming,1,2024,21747.0,13.981933163014432,8760,rigid,False,1.0,1.5,0.6,0.0,high_investment_small_cavern,16,2.0,2,optimal,535.7446337147961,optimal,277.72857328739843,49311.54271730407,54.46328068429354,152.3456536164951,27.69826875515251,29.031602088485847,1.5,0.5,0.1332622719551769,0.0476410081274259,0.1385574703196347,0.0454529006792271,277.7285732873985,689470.6944384766,689.4706944384766,-0.0,122481.73450800644,1168.7304143522667,16341.110539055557,7.44648787076585e-12,3.637978807091713e-12,0.0,0.0,0.0,3.552713678800501e-15,0.0,355.69523867707017,533.2482435177915,0.0,highs-ds,France,Ottmarsheim,Ottmarshein LAT Nitrogen,Reforming,1,2024,21747.0,13.981933163014432,8760,flex_ml0p4_b24,True,0.4,1.5,0.6,24.0,high_investment_small_cavern,16,2.0,1,optimal,535.7446337147961,optimal,253.7285732873978,45050.27060112664,54.46328068429354,152.3456536164951,27.69826875515251,29.031602088485847,1.5,0.5,0.1332622719551769,0.0476410081274259,0.1385574703196347,0.0454529006792271,351.2616653704732,872019.1137912879,872.0191137912879,335.56639591228344,122481.73450800644,1316.8449473606486,18412.038040049847,8.753886504564434e-12,5.070432962384075e-11,3.99100752446202e-10,4.019966581836343e-10,0.0,3.552713678800501e-15,4.476632398109359e-10,177.84761933853508,266.32950726108186,23.9999999999955,highs-ds,8.641530727616205,1.0,True,True,True,1,1,1,0
france_ottmarsheim,2016,France,Ottmarsheim,Ottmarshein LAT Nitrogen,Reforming,1,2024,21747.0,13.981933163014432,8784,rigid,False,1.0,1.5,0.6,0.0,high_investment_small_cavern,16,2.0,2,optimal,535.7446337147961,optimal,494.0483299337511,87719.76551627756,54.46328068429354,152.3456536164951,27.69826875515251,29.031602088485847,1.5,0.5,0.1332622719551769,0.0476410081274259,0.1310548804644809,0.0364738624248941,494.0483299337515,1226491.898523892,1226.491898523892,-0.0,122817.30090391876,1860.0335140853167,26006.864274907763,7.815970093361102e-12,7.275957614183426e-12,0.0,0.0,0.0,3.552713678800501e-15,0.0,355.69523867707017,355.69523867707017,0.0,highs-ds,France,Ottmarsheim,Ottmarshein LAT Nitrogen,Reforming,1,2024,21747.0,13.981933163014432,8784,flex_ml0p4_b24,True,0.4,1.5,0.6,24.0,high_investment_small_cavern,16,2.0,2,optimal,535.7446337147961,optimal,470.0483299338696,83458.4934001213,54.46328068429354,152.3456536164951,27.69826875515251,29.031602088485847,1.5,0.5,0.1332622719551769,0.0476410081274259,0.1310548804644809,0.0364738624248941,470.0483299334899,1166911.0766054343,1166.9110766054343,335.5663959127254,122817.30090391876,1499.092668037251,20960.21348966183,1.2079226507921703e-11,7.261746759468224e-12,3.5724090352573507e-10,3.5834091249853367e-10,2.7110313993716773e-11,3.552713678800501e-15,0.0,355.69523867707017,355.69523867707017,24.000000000027107,highs-ds,4.85782433534383,0.0,True,True,True,1,1,1,1
france_ottmarsheim,2017,France,Ottmarsheim,Ottmarshein LAT Nitrogen,Reforming,1,2024,21747.0,13.981933163014432,8760,rigid,False,1.0,1.5,0.6,0.0,high_investment_small_cavern,16,2.0,2,optimal,535.7446337147961,optimal,153.1223764901201,27187.33805417304,54.46328068429354,152.3456536164951,27.69826875515251,29.031602088485847,1.5,0.5,0.1332622719551769,0.0476410081274259,0.13954725,0.0466441989731396,153.1223764901201,380131.5435537262,380.1315435537262,-0.0,122481.73450800644,1068.7090444801088,14942.618430629898,7.844391802791506e-12,1.7905676941154525e-12,0.0,0.0,0.0,3.552713678800501e-15,0.0,355.69523867707017,533.2482435177915,0.0,highs-ds,France,Ottmarsheim,Ottmarshein LAT Nitrogen,Reforming,1,2024,21747.0,13.981933163014432,8760,flex_ml0p4_b24,True,0.4,1.5,0.6,24.0,high_investment_small_cavern,16,2.0,1,optimal,535.7446337147961,optimal,129.12237649012022,22926.065937995747,54.46328068429354,152.3456536164951,27.69826875515251,29.031602088485847,1.5,0.5,0.1332622719551769,0.0476410081274259,0.13954725,0.0466441989731396,160.4464603801118,398313.8326354214,398.3138326354214,335.5663959123594,122481.73450800644,750.1507424694801,10488.55754339392,7.64345031711855e-10,4.2376768760732375e-11,4.719780122286463e-10,4.747562343254683e-10,0.0,3.552713678800501e-15,0.0,177.84761933853508,266.32950726108186,24.00000000000093,highs-ds,15.67373792787786,1.0,True,True,True,1,1,1,0
france_ottmarsheim,2018,France,Ottmarsheim,Ottmarshein LAT Nitrogen,Reforming,1,2024,21747.0,13.981933163014432,8760,rigid,False,1.0,1.5,0.6,0.0,high_investment_small_cavern,16,2.0,2,optimal,535.7446337147961,optimal,278.67733415715696,49479.99806060499,54.46328068429354,152.3456536164951,27.69826875515251,29.031602088485847,1.5,0.5,0.1332622719551769,0.0476410081274259,0.1395705433789954,0.0496564215363511,278.67733415715696,691826.0257894626,691.8260257894626,-0.0,122481.73450800644,1407.6004989978055,19680.97609721308,7.16227077646181e-12,3.637978807091713e-12,0.0,0.0,0.0,3.552713678800501e-15,5.861977570020829e-14,355.69523867707017,533.2482435177915,0.0,highs-ds,France,Ottmarsheim,Ottmarshein LAT Nitrogen,Reforming,1,2024,21747.0,13.981933163014432,8760,flex_ml0p4_b24,True,0.4,1.5,0.6,24.0,high_investment_small_cavern,16,2.0,1,optimal,535.7446337147961,optimal,254.67733415715423,45218.7259444272,54.46328068429354,152.3456536164951,27.69826875515251,29.031602088485847,1.5,0.5,0.1332622719551769,0.0476410081274259,0.1395705433789954,0.0496564215363511,340.9231780074052,846353.464854685,846.3534648546851,335.56639591225127,122481.73450800644,1223.181695755293,17102.44471627316,1.1678480404953007e-10,3.376499080331996e-11,4.516405027743531e-10,4.5474735088646407e-10,0.0,3.552713678800501e-15,6.299671895249048e-11,177.84761933853508,266.32950726108186,23.9999999999932,highs-ds,8.612110515765231,1.0,True,True,True,1,1,1,0
france_ottmarsheim,2019,France,Ottmarsheim,Ottmarshein LAT Nitrogen,Reforming,1,2024,21747.0,13.981933163014432,8760,rigid,False,1.0,1.5,0.6,0.0,high_investment_small_cavern,16,2.0,2,optimal,535.7446337147961,optimal,204.26400152385352,36267.68725134986,54.46328068429354,152.3456536164951,27.69826875515251,29.031602088485847,1.5,0.5,0.1332622719551769,0.0476410081274259,0.1382800662100456,0.0541172784527098,204.2640015238536,507092.37912548456,507.09237912548457,-0.0,122481.73450800644,1213.1057678210698,16961.5637653415,7.418066161335446e-12,3.61666252501891e-12,0.0,0.0,0.0,1.7763568394002505e-15,0.0,355.69523867707017,533.2482435177915,0.0,highs-ds,France,Ottmarsheim,Ottmarshein LAT Nitrogen,Reforming,1,2024,21747.0,13.981933163014432,8760,flex_ml0p4_b24,True,0.4,1.5,0.6,24.0,high_investment_small_cavern,16,2.0,1,optimal,535.7446337147961,optimal,180.26400152385384,32006.415135172603,54.46328068429354,152.3456536164951,27.69826875515251,29.031602088485847,1.5,0.5,0.1332622719551769,0.0476410081274259,0.1382800662100456,0.0541172784527098,234.07432613533643,581097.5308750184,581.0975308750185,335.56639591234904,122481.73450800644,810.5052463907151,11332.430183307522,8.86757334228605e-12,3.637978807091713e-12,4.027227440417391e-10,4.0745362639427185e-10,0.0,3.552713678800501e-15,0.0,177.84761933853508,266.32950726108186,24.000000000000192,highs-ds,11.749500558568572,1.0,True,True,True,1,1,1,0
france_ottmarsheim,2020,France,Ottmarsheim,Ottmarshein LAT Nitrogen,Reforming,1,2024,21747.0,13.981933163014432,8784,rigid,False,1.0,1.5,0.6,0.0,high_investment_small_cavern,16,2.0,2,optimal,535.7446337147961,optimal,348.2891892517642,61839.792105189365,54.46328068429354,152.3456536164951,27.69826875515251,29.031602088485847,1.5,0.5,0.1332622719551769,0.0476410081274259,0.1395405658014571,0.0569274252197758,348.2891892517643,864639.8400294656,864.6398400294656,-0.0,122817.30090391876,1345.5214554279053,18812.991059194872,7.389644451905042e-12,3.637978807091713e-12,0.0,0.0,0.0,1.7763568394002505e-15,0.0,355.69523867707017,533.2482435177915,0.0,highs-ds,France,Ottmarsheim,Ottmarshein LAT Nitrogen,Reforming,1,2024,21747.0,13.981933163014432,8784,flex_ml0p4_b24,True,0.4,1.5,0.6,24.0,high_investment_small_cavern,16,2.0,1,optimal,535.7446337147961,optimal,324.2891892517628,57578.51998901182,54.46328068429354,152.3456536164951,27.69826875515251,29.031602088485847,1.5,0.5,0.1332622719551769,0.0476410081274259,0.1395405658014571,0.0569274252197758,384.1297934036764,953615.3672545378,953.6153672545378,335.5663959123127,122817.30090391876,1057.1566519489495,14781.093650386323,8.242295734817162e-12,7.204903340607416e-12,3.742584020471895e-10,3.7834979593753815e-10,0.0,3.552713678800501e-15,0.0,177.84761933853508,266.32950726108186,23.999999999997595,highs-ds,6.890825423424996,1.0,True,True,True,1,1,1,0
france_ottmarsheim,2021,France,Ottmarsheim,Ottmarshein LAT Nitrogen,Reforming,1,2024,21747.0,13.981933163014432,8760,rigid,False,1.0,1.5,0.6,0.0,high_investment_small_cavern,16,2.0,2,optimal,535.7446337147961,optimal,194.5883593896752,34549.74791666301,54.46328068429354,152.3456536164951,27.69826875515251,29.031602088485847,1.5,0.5,0.1332622719551769,0.0476410081274259,0.1365874965753424,0.0482563006994274,194.5883593896754,483072.2661697798,483.0722661697798,-0.0,122481.73450800644,1494.4484802034954,20895.278765773768,7.418066161335446e-12,3.637978807091713e-12,0.0,0.0,0.0,1.7763568394002505e-15,0.0,355.69523867707017,533.2482435177915,0.0,highs-ds,France,Ottmarsheim,Ottmarshein LAT Nitrogen,Reforming,1,2024,21747.0,13.981933163014432,8760,flex_ml0p4_b24,True,0.4,1.5,0.6,24.0,high_investment_small_cavern,16,2.0,1,optimal,535.7446337147961,optimal,170.58835938967852,30288.47580048629,54.46328068429354,152.3456536164951,27.69826875515251,29.031602088485847,1.5,0.5,0.1332622719551769,0.0476410081274259,0.1365874965753424,0.0482563006994274,326.8474880340967,811410.0824517696,811.4100824517697,335.5663959119635,122481.73450800644,1403.6883171494555,19626.276232087894,8.185452315956354e-12,3.637978807091713e-12,3.8876768471141077e-10,3.92901711165905e-10,0.0,3.552713678800501e-15,5.498685951010882e-10,177.84761933853508,266.32950726108186,23.99999999997262,highs-ds,12.333728530973014,1.0,True,True,True,1,1,1,0
france_ottmarsheim,2022,France,Ottmarsheim,Ottmarshein LAT Nitrogen,Reforming,1,2024,21747.0,13.981933163014432,8760,rigid,False,1.0,1.5,0.6,0.0,high_investment_small_cavern,16,2.0,2,optimal,535.7446337147961,optimal,354.8616167079886,63006.74634913968,54.46328068429354,152.3456536164951,27.69826875515251,29.031602088485847,1.5,0.5,0.1332622719551769,0.0476410081274259,0.1458942454337899,0.0513676183058448,354.8616167079888,880956.1162726748,880.9561162726748,-0.0,122481.73450800644,1005.3354573546576,14056.533171141367,7.44648787076585e-12,4.718003765447065e-12,0.0,0.0,0.0,3.552713678800501e-15,0.0,355.69523867707017,533.2482435177915,0.0,highs-ds,France,Ottmarsheim,Ottmarshein LAT Nitrogen,Reforming,1,2024,21747.0,13.981933163014432,8760,flex_ml0p4_b24,True,0.4,1.5,0.6,24.0,high_investment_small_cavern,16,2.0,1,optimal,535.7446337147961,optimal,330.8616167079888,58745.4742329624,54.46328068429354,152.3456536164951,27.69826875515251,29.031602088485847,1.5,0.5,0.1332622719551769,0.0476410081274259,0.1458942454337899,0.0513676183058448,345.3066349887497,857235.5469292627,857.2355469292627,335.56639591231504,122481.73450800644,1031.0455318699217,14416.00971462991,5.901483746129086e-10,7.785416755723418e-11,3.7811664910236686e-10,3.80168785341084e-10,0.0,3.552713678800501e-15,2.984990032928181e-11,177.84761933853508,266.32950726108186,23.99999999999776,highs-ds,6.763199757315298,1.0,True,True,True,1,1,1,0
france_ottmarsheim,2023,France,Ottmarsheim,Ottmarshein LAT Nitrogen,Reforming,1,2024,21747.0,13.981933163014432,8760,rigid,False,1.0,1.5,0.6,0.0,high_investment_small_cavern,16,2.0,1,optimal,535.7446337147961,optimal,74.18308373636282,13171.429425742055,54.46328068429354,152.3456536164951,27.69826875515251,29.031602088485847,1.5,0.5,0.1332622719551769,0.0476410081274259,0.1349584748858447,0.0777260868594622,329.11892041014266,817048.9911140837,817.0489911140837,-0.0,122481.73450800644,1125.2646440780422,15733.37504420241,6.394884621840902e-12,3.637978807091713e-12,0.0,0.0,0.0,3.552713678800501e-15,1.3322676295501878e-13,177.84761933853508,355.40062417925634,0.0,highs-ds,France,Ottmarsheim,Ottmarshein LAT Nitrogen,Reforming,1,2024,21747.0,13.981933163014432,8760,flex_ml0p4_b24,True,0.4,1.5,0.6,24.0,high_investment_small_cavern,16,2.0,1,optimal,535.7446337147961,optimal,50.18308373636275,8910.157309564735,54.46328068429354,152.3456536164951,27.69826875515251,29.031602088485847,1.5,0.5,0.1332622719551769,0.0476410081274259,0.1349584748858447,0.0777260868594622,86.65788999907596,215131.1796586649,215.13117965866493,335.56639591236853,122481.73450800644,764.7272267157339,10692.364971876776,8.355982572538778e-12,2.009414856729564e-11,2.6902213789981033e-10,2.7102942112833256e-10,4.440892098500626e-16,3.552713678800501e-15,0.0,177.84761933853508,266.32950726108186,24.000000000001585,highs-ds,32.35238923915997,0.0,True,True,True,1,0,1,0
italy_ferrara,2015,Italy,Ferrara,Ferrara YARA,Reforming,1,2024,63919.0,41.09583785564535,8760,rigid,False,1.0,1.5,0.6,0.0,high_investment_small_cavern,16,2.0,4,optimal,182.27504418710663,optimal,403.5165822424042,71645.58168019689,47.3545295684738,168.9657484922545,27.69826875515251,29.031602088485847,1.5,0.5,0.1532672922370956,0.0429548626682417,0.157918607305936,0.0485622665876102,495.67366179296255,3616776.8022995857,3616.7768022995856,-0.0,359999.5396154533,1422.4855257106435,58458.23451660705,7.418066161335446e-12,7.219114195322618e-12,0.0,0.0,0.0,3.552713678800501e-15,0.0,242.03458613276948,419.5875909734907,0.0,highs-ds,Italy,Ferrara,Ferrara YARA,Reforming,1,2024,63919.0,41.09583785564535,8760,flex_ml0p4_b24,True,0.4,1.5,0.6,24.0,high_investment_small_cavern,16,2.0,3,optimal,182.27504418710663,optimal,379.51658224240185,67384.30956401916,47.3545295684738,168.9657484922545,27.69826875515251,29.031602088485847,1.5,0.5,0.1532672922370956,0.0429548626682417,0.157918607305936,0.0485622665876102,423.81709474166655,3092461.744154405,3092.4617441544046,986.300108524636,359999.5396154533,1128.020269241745,46356.93808264016,9.407585821463726e-12,1.6274270819849335e-10,2.5449820029166403e-10,2.546585164964197e-10,0.0,3.552713678800501e-15,0.0,181.5259395995771,266.32950726108186,23.999999999735927,highs-ds,5.94771096311101,1.0,False,False,True,3,1,3,0
italy_ferrara,2016,Italy,Ferrara,Ferrara YARA,Reforming,1,2024,63919.0,41.09583785564535,8784,rigid,False,1.0,1.5,0.6,0.0,high_investment_small_cavern,16,2.0,3,optimal,182.27504418710663,optimal,210.6135300939393,37395.0651282906,47.3545295684738,168.9657484922545,27.69826875515251,29.031602088485847,1.5,0.5,0.1532672922370956,0.0429548626682417,0.1537961224954462,0.0491670630075097,532.4532595867515,3885146.107251777,3885.146107251777,-0.0,360985.8397239887,1376.4110728731494,56564.7662735098,6.565414878423326e-12,7.261746759468224e-12,0.0,0.0,0.0,3.552713678800501e-15,1.3322676295501878e-13,181.5259395995771,359.0789444402984,0.0,highs-ds,Italy,Ferrara,Ferrara YARA,Reforming,1,2024,63919.0,41.09583785564535,8784,flex_ml0p4_b24,True,0.4,1.5,0.6,24.0,high_investment_small_cavern,16,2.0,3,optimal,182.27504418710663,optimal,186.6135300940832,33133.79301213883,47.3545295684738,168.9657484922545,27.69826875515251,29.031602088485847,1.5,0.5,0.1532672922370956,0.0429548626682417,0.1537961224954462,0.0491670630075097,280.73034965690016,2048402.1940318951,2048.402194031896,986.300108531686,360985.8397239887,1178.574173565552,48434.493137701145,8.29913915367797e-12,3.637978807091713e-12,2.371023377634174e-10,2.382876118645072e-10,0.0,3.552713678800501e-15,1.359072854256737e-09,181.5259395995771,266.32950726108186,23.99999999990748,highs-ds,11.395279300979123,0.0,False,False,True,2,1,2,1
italy_ferrara,2017,Italy,Ferrara,Ferrara YARA,Reforming,1,2024,63919.0,41.09583785564535,8760,rigid,False,1.0,1.5,0.6,0.0,high_investment_small_cavern,16,2.0,3,optimal,182.27504418710663,optimal,111.85215713287964,19859.68659685929,47.3545295684738,168.9657484922545,27.69826875515251,29.031602088485847,1.5,0.5,0.1532672922370956,0.0429548626682417,0.1625150650684931,0.0476293692508972,302.19852049891193,2205048.7707499946,2205.0487707499947,-0.0,359999.5396154533,1561.3152110803417,64163.55675611042,6.764366844436154e-12,3.637978807091713e-12,0.0,0.0,0.0,1.7763568394002505e-15,0.0,181.5259395995771,359.0789444402984,0.0,highs-ds,Italy,Ferrara,Ferrara YARA,Reforming,1,2024,63919.0,41.09583785564535,8760,flex_ml0p4_b24,True,0.4,1.5,0.6,24.0,high_investment_small_cavern,16,2.0,2,optimal,182.27504418710663,optimal,87.85215713287943,15598.414480681946,47.3545295684738,168.9657484922545,27.69826875515251,29.031602088485847,1.5,0.5,0.1532672922370956,0.0429548626682417,0.1625150650684931,0.0476293692508972,157.17427334187218,1146851.8696049233,1146.8518696049232,986.300108532364,359999.5396154533,1154.5493229845947,47447.171773720016,6.0822458181064576e-12,1.8189894035458565e-12,3.0781910353994125e-10,3.0922819860279555e-10,0.0,3.552713678800501e-15,3.772449019834312e-10,121.01729306638474,242.03458613276948,23.99999999992397,highs-ds,21.45689507935763,1.0,True,True,True,1,2,1,1
italy_ferrara,2018,Italy,Ferrara,Ferrara YARA,Reforming,1,2024,63919.0,41.09583785564535,8760,rigid,False,1.0,1.5,0.6,0.0,high_investment_small_cavern,16,2.0,3,optimal,182.27504418710663,optimal,149.7125518835494,26581.91344929658,47.3545295684738,168.9657484922545,27.69826875515251,29.031602088485847,1.5,0.5,0.1532672922370956,0.0429548626682417,0.1535690011415525,0.0449816423787779,443.5915882445945,3236750.08321989,3236.75008321989,-0.0,359999.5396154533,2200.2402480637334,90420.71647789209,6.394884621840902e-12,7.275957614183426e-12,0.0,0.0,0.0,1.7763568394002505e-15,2.8776980798284073e-13,181.5259395995771,177.55300484072126,0.0,highs-ds,Italy,Ferrara,Ferrara YARA,Reforming,1,2024,63919.0,41.09583785564535,8760,flex_ml0p4_b24,True,0.4,1.5,0.6,24.0,high_investment_small_cavern,16,2.0,2,optimal,182.27504418710663,optimal,125.71255188369553,22320.641333145213,47.3545295684738,168.9657484922545,27.69826875515251,29.031602088485847,1.5,0.5,0.1532672922370956,0.0429548626682417,0.1535690011415525,0.0449816423787779,306.43378833134915,2235952.205062957,2235.952205062957,986.3001085358056,359999.5396154533,1072.9583808800603,44094.12364650273,7.901235221652314e-12,3.637978807091713e-12,4.2582160020288014e-10,4.292814992368221e-10,0.0,3.552713678800501e-15,0.0,121.01729306638474,242.03458613276948,24.00000000000772,highs-ds,16.03072000170149,1.0,True,True,True,1,2,1,1
italy_ferrara,2019,Italy,Ferrara,Ferrara YARA,Reforming,1,2024,63919.0,41.09583785564535,8760,rigid,False,1.0,1.5,0.6,0.0,high_investment_small_cavern,16,2.0,3,optimal,182.27504418710663,optimal,83.56933686055469,14837.986872137932,47.3545295684738,168.9657484922545,27.69826875515251,29.031602088485847,1.5,0.5,0.1532672922370956,0.0429548626682417,0.1583153824200913,0.048959009411936,169.0934546696501,1233822.4348207037,1233.8224348207036,-0.0,359999.5396154533,1137.481237406119,46745.7444962807,6.792788553866558e-12,1.8189894035458565e-12,0.0,0.0,0.0,3.552713678800501e-15,0.0,181.5259395995771,359.0789444402984,0.0,highs-ds,Italy,Ferrara,Ferrara YARA,Reforming,1,2024,63919.0,41.09583785564535,8760,flex_ml0p4_b24,True,0.4,1.5,0.6,24.0,high_investment_small_cavern,16,2.0,2,optimal,182.27504418710663,optimal,59.56933686055432,10576.714755960556,47.3545295684738,168.9657484922545,27.69826875515251,29.031602088485847,1.5,0.5,0.1532672922370956,0.0429548626682417,0.1583153824200913,0.048959009411936,107.56900249965422,784897.6108191092,784.8976108191092,986.3001085355075,359999.5396154533,693.5210512015951,28500.82866965747,1.801936377887614e-11,3.7545078157563694e-11,3.01638491961853e-10,3.019522409886122e-10,0.0,3.552713678800501e-15,0.0,121.01729306638474,242.03458613276948,24.00000000000047,highs-ds,28.718667518024226,1.0,True,True,True,1,2,1,1
italy_ferrara,2020,Italy,Ferrara,Ferrara YARA,Reforming,1,2024,63919.0,41.09583785564535,8784,rigid,False,1.0,1.5,0.6,0.0,high_investment_small_cavern,16,2.0,4,optimal,182.27504418710663,optimal,247.5647073928992,43955.85769012317,47.3545295684738,168.9657484922545,27.69826875515251,29.031602088485847,1.5,0.5,0.1532672922370956,0.0429548626682417,0.1619056045081967,0.0484108638810316,393.20353508366526,2869084.104910137,2869.0841049101373,-0.0,360985.8397239887,1419.851435252434,58349.98436223935,7.702283255639486e-12,7.247535904753022e-12,0.0,0.0,0.0,3.552713678800501e-15,4.583000645652646e-13,242.03458613276948,419.5875909734907,0.0,highs-ds,Italy,Ferrara,Ferrara YARA,Reforming,1,2024,63919.0,41.09583785564535,8784,flex_ml0p4_b24,True,0.4,1.5,0.6,24.0,high_investment_small_cavern,16,2.0,3,optimal,182.27504418710663,optimal,223.56470739289867,39694.58557394577,47.3545295684738,168.9657484922545,27.69826875515251,29.031602088485847,1.5,0.5,0.1532672922370956,0.0429548626682417,0.1619056045081967,0.0484108638810316,306.7420235889805,2238201.302030142,2238.201302030142,986.3001085353034,360985.8397239887,1106.1544196862503,45458.34267473162,1.1624479157035239e-11,5.573497219302226e-11,2.640034857392948e-10,2.6557245291769505e-10,0.0,3.552713678800501e-15,2.8332891588433995e-11,181.5259395995771,266.32950726108186,23.9999999999955,highs-ds,9.694435144954317,1.0,False,False,True,2,2,2,1
italy_ferrara,2021,Italy,Ferrara,Ferrara YARA,Reforming,1,2024,63919.0,41.09583785564535,8760,rigid,False,1.0,1.5,0.6,0.0,high_investment_small_cavern,16,2.0,3,optimal,182.27504418710663,optimal,173.70634554834402,30842.083612009123,47.3545295684738,168.9657484922545,27.69826875515251,29.031602088485847,1.5,0.5,0.1532672922370956,0.0429548626682417,0.1593394520547945,0.0434347267970895,294.0316996876724,2145458.015106887,2145.458015106887,-0.0,359999.5396154533,1334.895204280685,54858.6368693976,6.849631972727366e-12,3.637978807091713e-12,0.0,0.0,0.0,3.552713678800501e-15,7.460698725481053e-14,181.5259395995771,359.0789444402984,0.0,highs-ds,Italy,Ferrara,Ferrara YARA,Reforming,1,2024,63919.0,41.09583785564535,8760,flex_ml0p4_b24,True,0.4,1.5,0.6,24.0,high_investment_small_cavern,16,2.0,2,optimal,182.27504418710663,optimal,149.70634554848291,26580.81149585648,47.3545295684738,168.9657484922545,27.69826875515251,29.031602088485847,1.5,0.5,0.1532672922370956,0.0429548626682417,0.1593394520547945,0.0434347267970895,193.96646643983348,1415313.0785807895,1415.3130785807896,986.3001085313284,359999.5396154533,816.0623426309339,33536.76571285896,6.366462912410498e-12,3.623767952376511e-12,2.988920222435354e-10,3.0013325158506627e-10,0.0,3.552713678800501e-15,0.0,121.01729306638474,242.03458613276948,23.999999999898773,highs-ds,13.81642099722931,1.0,True,True,True,1,2,1,1
italy_ferrara,2022,Italy,Ferrara,Ferrara YARA,Reforming,1,2024,63919.0,41.09583785564535,8760,rigid,False,1.0,1.5,0.6,0.0,high_investment_small_cavern,16,2.0,4,optimal,182.27504418710663,optimal,387.9069279515193,68874.04065632542,47.3545295684738,168.9657484922545,27.69826875515251,29.031602088485847,1.5,0.5,0.1532672922370956,0.0429548626682417,0.1636676780821918,0.0381873192637825,540.3640798124488,3942868.906110949,3942.868906110949,-0.0,359999.5396154533,1662.7568205917771,68332.38469240807,7.219114195322618e-12,7.247535904753022e-12,0.0,0.0,0.0,3.552713678800501e-15,4.636291350834654e-13,242.03458613276948,419.5875909734907,0.0,highs-ds,Italy,Ferrara,Ferrara YARA,Reforming,1,2024,63919.0,41.09583785564535,8760,flex_ml0p4_b24,True,0.4,1.5,0.6,24.0,high_investment_small_cavern,16,2.0,3,optimal,182.27504418710663,optimal,363.9069279516669,64612.76854017432,47.3545295684738,168.9657484922545,27.69826875515251,29.031602088485847,1.5,0.5,0.1532672922370956,0.0429548626682417,0.1636676780821918,0.0381873192637825,446.2233933637059,3255953.5479925475,3255.953547992548,986.3001085299736,359999.5396154533,1343.793525634209,55224.32084092945,6.574651933988204e-10,6.286171583269606e-11,2.5022606209290643e-10,2.510205376893282e-10,4.440892098500626e-16,3.552713678800501e-15,0.0,181.5259395995771,266.32950726108186,23.99999999986581,highs-ds,6.187051137909029,1.0,False,False,True,3,1,2,1
italy_ferrara,2023,Italy,Ferrara,Ferrara YARA,Reforming,1,2024,63919.0,41.09583785564535,8760,rigid,False,1.0,1.5,0.6,0.0,high_investment_small_cavern,16,2.0,3,optimal,182.27504418710663,optimal,185.79637303025143,32988.704320028686,47.3545295684738,168.9657484922545,27.69826875515251,29.031602088485847,1.5,0.5,0.1532672922370956,0.0429548626682417,0.1610264497716894,0.051879863333548,293.74570152455675,2143371.175313715,2143.371175313715,-0.0,359999.5396154533,1115.326306214431,45835.26903632411,6.565414878423326e-12,3.637978807091713e-12,0.0,0.0,0.0,3.552713678800501e-15,0.0,181.5259395995771,359.0789444402984,0.0,highs-ds,Italy,Ferrara,Ferrara YARA,Reforming,1,2024,63919.0,41.09583785564535,8760,flex_ml0p4_b24,True,0.4,1.5,0.6,24.0,high_investment_small_cavern,16,2.0,2,optimal,182.27504418710663,optimal,161.79637303038285,28727.43220387471,47.3545295684738,168.9657484922545,27.69826875515251,29.031602088485847,1.5,0.5,0.1532672922370956,0.0429548626682417,0.1610264497716894,0.051879863333548,234.845951415762,1713597.987276723,1713.5979872767227,986.300108533704,359999.5396154533,752.994419742031,30944.936579924262,1.0109602044394704e-10,6.573941391252447e-11,3.00717672985229e-10,3.019522409886122e-10,0.0,3.552713678800501e-15,5.56140022922591e-10,121.01729306638474,242.03458613276948,23.99999999995658,highs-ds,12.91736733523904,1.0,False,True,True,2,1,1,1
netherlands_geleen,2015,Netherlands,Geleen,Geleen OCI Nitrogen,Reforming,1,2024,145053.0,93.2598220947594,8760,rigid,False,1.0,1.5,0.6,0.0,high_investment_small_cavern,16,2.0,5,optimal,80.32125188307494,optimal,212.57943087686667,37744.11671951808,60.60720882288522,36.78709989053515,27.69826875515251,29.031602088485847,1.5,0.5,0.1197530898235472,0.1972947186301257,0.123349156392694,0.2224574890468003,325.7822862804123,5394486.06984391,5394.48606984391,-0.0,816956.0415500924,903.6649535376212,84275.63280018758,5.2011728257639326e-12,3.637978807091713e-12,0.0,0.0,0.0,3.552713678800501e-15,0.0,133.3185862324503,177.55300484072126,0.0,highs-ds,Netherlands,Geleen,Geleen OCI Nitrogen,Reforming,1,2024,145053.0,93.2598220947594,8760,flex_ml0p4_b24,True,0.4,1.5,0.6,24.0,high_investment_small_cavern,16,2.0,4,optimal,80.32125188307494,optimal,188.5794308768664,33482.84460334072,60.60720882288522,36.78709989053515,27.69826875515251,29.031602088485847,1.5,0.5,0.1197530898235472,0.1972947186301257,0.123349156392694,0.2224574890468003,236.497968953092,3916066.197551696,3916.066197551696,2238.235730274267,816956.0415500924,367.146824313155,34240.04751810072,6.139089236967266e-12,3.609557097661309e-12,1.5971601818876024e-10,1.6189005691558123e-10,0.0,3.552713678800501e-15,0.0,106.65486898596022,213.30973797192044,24.000000000000444,highs-ds,11.28989756958277,1.0,False,False,True,3,2,3,1
netherlands_geleen,2016,Netherlands,Geleen,Geleen OCI Nitrogen,Reforming,1,2024,145053.0,93.2598220947594,8784,rigid,False,1.0,1.5,0.6,0.0,high_investment_small_cavern,16,2.0,6,optimal,80.32125188307494,optimal,200.93942280261493,35677.39830956442,60.60720882288522,36.78709989053515,27.69826875515251,29.031602088485847,1.5,0.5,0.1197530898235472,0.1972947186301257,0.1210207229052823,0.180783573808908,292.97147776904,4851186.274524265,4851.186274524265,-0.0,819194.2772803665,1463.3246961143018,136469.40082648766,6.622258297284134e-12,3.637978807091713e-12,0.0,0.0,0.0,3.552713678800501e-15,0.0,159.98230347894034,177.55300484072126,0.0,highs-ds,Netherlands,Geleen,Geleen OCI Nitrogen,Reforming,1,2024,145053.0,93.2598220947594,8784,flex_ml0p4_b24,True,0.4,1.5,0.6,24.0,high_investment_small_cavern,16,2.0,4,optimal,80.32125188307494,optimal,176.9394228026148,31416.12619338709,60.60720882288522,36.78709989053515,27.69826875515251,29.031602088485847,1.5,0.5,0.1197530898235472,0.1972947186301257,0.1210207229052823,0.180783573808908,217.94750454410263,3608897.1891136672,3608.897189113667,2238.23573027425,819194.2772803665,451.38342505102025,42095.93791678131,7.503331289626658e-12,3.637978807091713e-12,2.7866853269387093e-10,2.8194335754960765e-10,0.0,3.552713678800501e-15,0.0,106.65486898596022,213.30973797192044,24.00000000000026,highs-ds,11.943898148635366,2.0,False,False,True,3,3,3,1
netherlands_geleen,2017,Netherlands,Geleen,Geleen OCI Nitrogen,Reforming,1,2024,145053.0,93.2598220947594,8760,rigid,False,1.0,1.5,0.6,0.0,high_investment_small_cavern,16,2.0,5,optimal,80.32125188307494,optimal,92.18325088149852,16367.413189996128,60.60720882288522,36.78709989053515,27.69826875515251,29.031602088485847,1.5,0.5,0.1197530898235472,0.1972947186301257,0.1191195285388127,0.1909924697033574,242.5063371715053,4015556.133075156,4015.556133075156,-0.0,816956.0415500924,2074.511578213401,193468.5807177004,5.2011728257639326e-12,3.637978807091713e-12,0.0,0.0,0.0,1.5543122344752197e-15,8.171241461241152e-14,133.3185862324503,177.55300484072126,0.0,highs-ds,Netherlands,Geleen,Geleen OCI Nitrogen,Reforming,1,2024,145053.0,93.2598220947594,8760,flex_ml0p4_b24,True,0.4,1.5,0.6,24.0,high_investment_small_cavern,16,2.0,3,optimal,80.32125188307494,optimal,68.18325088149844,12106.141073818804,60.60720882288522,36.78709989053515,27.69826875515251,29.031602088485847,1.5,0.5,0.1197530898235472,0.1972947186301257,0.1191195285388127,0.1909924697033574,116.99373540594743,1937247.9796619744,1937.2479796619743,2238.235730274203,816956.0415500924,348.180933786678,32471.2919417328,9.026734915096311e-11,1.870432697614888e-10,2.8620794623179775e-10,2.8740032576024527e-10,0.0,3.552713678800501e-15,0.0,79.99115173947017,159.98230347894034,23.99999999999976,highs-ds,26.035098318296523,2.0,False,True,True,2,3,1,2
netherlands_geleen,2018,Netherlands,Geleen,Geleen OCI Nitrogen,Reforming,1,2024,145053.0,93.2598220947594,8760,rigid,False,1.0,1.5,0.6,0.0,high_investment_small_cavern,16,2.0,5,optimal,80.32125188307494,optimal,80.44515105870092,14283.278295338076,60.60720882288522,36.78709989053515,27.69826875515251,29.031602088485847,1.5,0.5,0.1197530898235472,0.1972947186301257,0.1334269394977169,0.1790335367169862,355.16403411254186,5881005.552525861,5881.005552525861,-0.0,816956.0415500924,1564.5619201822972,145910.76633243618,5.485389920067973e-12,3.637978807091713e-12,0.0,0.0,0.0,3.552713678800501e-15,0.0,133.3185862324503,177.55300484072126,0.0,highs-ds,Netherlands,Geleen,Geleen OCI Nitrogen,Reforming,1,2024,145053.0,93.2598220947594,8760,flex_ml0p4_b24,True,0.4,1.5,0.6,24.0,high_investment_small_cavern,16,2.0,3,optimal,80.32125188307494,optimal,56.4451510587008,10022.006179160746,60.60720882288522,36.78709989053515,27.69826875515251,29.031602088485847,1.5,0.5,0.1197530898235472,0.1972947186301257,0.1334269394977169,0.1790335367169862,67.06470967889567,1110495.1293439332,1110.4951293439333,2238.2357302742307,816956.0415500924,1024.3720116607576,95532.75156633306,5.2295945351943366e-12,1.2505552149377765e-12,3.066182863165068e-10,3.0922819860279555e-10,0.0,3.552713678800501e-15,0.0,79.99115173947017,159.98230347894034,24.000000000000057,highs-ds,29.8339920854736,2.0,False,True,True,2,3,1,2
netherlands_geleen,2019,Netherlands,Geleen,Geleen OCI Nitrogen,Reforming,1,2024,145053.0,93.2598220947594,8760,rigid,False,1.0,1.5,0.6,0.0,high_investment_small_cavern,16,2.0,5,optimal,80.32125188307494,optimal,79.35258237617727,14089.289442761135,60.60720882288522,36.78709989053515,27.69826875515251,29.031602088485847,1.5,0.5,0.1197530898235472,0.1972947186301257,0.1264764908675799,0.205890839104247,180.55249211990187,2989689.57071554,2989.68957071554,-0.0,816956.0415500924,1398.588497967354,130432.1145042122,5.2011728257639326e-12,1.8189894035458565e-12,0.0,0.0,0.0,3.552713678800501e-15,0.0,133.3185862324503,177.55300484072126,0.0,highs-ds,Netherlands,Geleen,Geleen OCI Nitrogen,Reforming,1,2024,145053.0,93.2598220947594,8760,flex_ml0p4_b24,True,0.4,1.5,0.6,24.0,high_investment_small_cavern,16,2.0,2,optimal,80.32125188307494,optimal,55.35258237630198,9828.017326605968,60.60720882288522,36.78709989053515,27.69826875515251,29.031602088485847,1.5,0.5,0.1197530898235472,0.1972947186301257,0.1264764908675799,0.205890839104247,111.3879663538594,1844424.507251869,1844.424507251869,2238.235730274062,816956.0415500924,780.3783656138714,72777.94754374876,4.774847184307873e-12,5.606892727882951e-11,2.1251400639243911e-10,2.1464074961841104e-10,0.0,3.552713678800501e-15,0.0,53.32743449298011,106.65486898596022,23.999999999998245,highs-ds,30.244762402439992,3.0,True,True,True,1,4,1,1
netherlands_geleen,2020,Netherlands,Geleen,Geleen OCI Nitrogen,Reforming,1,2024,145053.0,93.2598220947594,8784,rigid,False,1.0,1.5,0.6,0.0,high_investment_small_cavern,16,2.0,4,optimal,80.32125188307494,optimal,86.6910405233702,15392.254737693112,60.60720882288522,36.78709989053515,27.69826875515251,29.031602088485847,1.5,0.5,0.1197530898235472,0.1972947186301257,0.1289063888888889,0.2373273198056511,300.1007270437148,4969236.388113239,4969.236388113239,-0.0,819194.2772803665,1737.4073594878955,162030.30125196683,4.916955731459893e-12,3.637978807091713e-12,0.0,0.0,0.0,8.881784197001252e-16,0.0,106.65486898596022,177.55300484072126,0.0,highs-ds,Netherlands,Geleen,Geleen OCI Nitrogen,Reforming,1,2024,145053.0,93.2598220947594,8784,flex_ml0p4_b24,True,0.4,1.5,0.6,24.0,high_investment_small_cavern,16,2.0,2,optimal,80.32125188307494,optimal,62.69104052337001,11130.982621515768,60.60720882288522,36.78709989053515,27.69826875515251,29.031602088485847,1.5,0.5,0.1197530898235472,0.1972947186301257,0.1289063888888889,0.2373273198056511,124.99162688575468,2069681.5587510704,2069.6815587510705,2238.235730274208,819194.2772803665,843.5482899461699,78669.16344871833,1.4864554032101296e-11,2.516742370062275e-11,1.998401444325281e-14,0.0,0.0,3.552713678800501e-15,2.0889956431346945e-12,53.32743449298011,106.65486898596022,23.99999999999981,highs-ds,27.684521785766616,2.0,False,True,True,2,2,1,1
netherlands_geleen,2021,Netherlands,Geleen,Geleen OCI Nitrogen,Reforming,1,2024,145053.0,93.2598220947594,8760,rigid,False,1.0,1.5,0.6,0.0,high_investment_small_cavern,16,2.0,6,optimal,80.32125188307494,optimal,154.20077781544188,27378.81144990813,60.60720882288522,36.78709989053515,27.69826875515251,29.031602088485847,1.5,0.5,0.1197530898235472,0.1972947186301257,0.1202649052511415,0.1790537220855849,355.4016814966674,5884940.6513854,5884.940651385399,-0.0,816956.0415500924,1535.130654348946,143166.01171679428,6.963318810448982e-12,3.637978807091713e-12,0.0,0.0,0.0,3.552713678800501e-15,0.0,159.98230347894423,177.55300484072126,0.0,highs-ds,Netherlands,Geleen,Geleen OCI Nitrogen,Reforming,1,2024,145053.0,93.2598220947594,8760,flex_ml0p4_b24,True,0.4,1.5,0.6,24.0,high_investment_small_cavern,16,2.0,4,optimal,80.32125188307494,optimal,130.20077781556952,23117.539333753488,60.60720882288522,36.78709989053515,27.69826875515251,29.031602088485847,1.5,0.5,0.1197530898235472,0.1972947186301257,0.1202649052511415,0.1790537220855849,272.17731713545686,4506864.883841259,4506.864883841259,2238.2357302743403,816956.0415500924,706.7049377159735,65907.17676487971,5.8548721426632255e-12,3.637978807091713e-12,2.847495572666503e-10,2.8740032576024527e-10,0.0,3.552713678800501e-15,0.0,106.65486898936796,213.30973797192044,24.00000000000123,highs-ds,15.564123826014166,2.0,False,False,True,2,4,2,2
netherlands_geleen,2022,Netherlands,Geleen,Geleen OCI Nitrogen,Reforming,1,2024,145053.0,93.2598220947594,8760,rigid,False,1.0,1.5,0.6,0.0,high_investment_small_cavern,16,2.0,5,optimal,80.32125188307494,optimal,235.62137353764592,41835.28287630704,60.60720882288522,36.78709989053515,27.69826875515251,29.031602088485847,1.5,0.5,0.1197530898235472,0.1972947186301257,0.1314473904109589,0.1851579907472504,291.8464861066172,4832558.030733236,4832.558030733236,-0.0,816956.0415500924,1801.7651299094364,168032.2954718951,5.2580162446247406e-12,3.637978807091713e-12,0.0,0.0,0.0,3.552713678800501e-15,0.0,133.3185862324503,177.55300484072126,0.0,highs-ds,Netherlands,Geleen,Geleen OCI Nitrogen,Reforming,1,2024,145053.0,93.2598220947594,8760,flex_ml0p4_b24,True,0.4,1.5,0.6,24.0,high_investment_small_cavern,16,2.0,3,optimal,80.32125188307494,optimal,211.62137353764595,37574.010760129735,60.60720882288522,36.78709989053515,27.69826875515251,29.031602088485847,1.5,0.5,0.1197530898235472,0.1972947186301257,0.1314473904109589,0.1851579907472504,232.7453141963732,3853927.632434535,3853.927632434535,2238.235730274231,816956.0415500924,297.6712166237743,27760.76470506377,1.4055672181711994e-09,1.842153096731636e-10,2.5313084961453566e-14,1.8189894035458565e-12,0.0,3.552713678800501e-15,7.318590178329032e-13,79.99115173947017,159.98230347894034,24.00000000000006,highs-ds,10.18583316091459,2.0,False,False,True,3,2,3,0
netherlands_geleen,2023,Netherlands,Geleen,Geleen OCI Nitrogen,Reforming,1,2024,145053.0,93.2598220947594,8760,rigid,False,1.0,1.5,0.6,0.0,high_investment_small_cavern,16,2.0,4,optimal,80.32125188307494,optimal,96.99377560818616,17221.53631008011,60.60720882288522,36.78709989053515,27.69826875515251,29.031602088485847,1.5,0.5,0.1197530898235472,0.1972947186301257,0.12103775456621,0.2508092127539803,218.23074305159224,3613587.2113998416,3613.5872113998416,-0.0,816956.0415500924,1335.014722615274,124503.23552498502,5.2864379540551446e-12,3.637978807091713e-12,0.0,0.0,0.0,8.881784197001252e-16,0.0,106.65486898596022,177.55300484072126,0.0,highs-ds,Netherlands,Geleen,Geleen OCI Nitrogen,Reforming,1,2024,145053.0,93.2598220947594,8760,flex_ml0p4_b24,True,0.4,1.5,0.6,24.0,high_investment_small_cavern,16,2.0,2,optimal,80.32125188307494,optimal,72.99377560818617,12960.2641939028,60.60720882288522,36.78709989053515,27.69826875515251,29.031602088485847,1.5,0.5,0.1197530898235472,0.1972947186301257,0.12103775456621,0.2508092127539803,135.36607798898413,2241467.5468648537,2241.467546864854,2238.235730274317,816956.0415500924,347.5098013221343,32408.702247487432,6.491518433904275e-11,5.7347904203197686e-11,2.4868995751603507e-14,0.0,0.0,3.552713678800501e-15,0.0,53.32743449298011,106.65486898596022,24.00000000000098,highs-ds,24.74385582941924,2.0,False,True,True,2,2,1,1
netherlands_sluiskil,2015,Netherlands,Sluiskil,Sluiskil YARA,Reforming,1,2024,222970.0,143.35548063444742,8760,rigid,False,1.0,1.5,0.6,0.0,high_investment_small_cavern,16,2.0,7,optimal,52.25294232136911,optimal,147.90019047180508,26260.123234784,60.580852051744216,30.031536924951705,27.69826875515251,29.031602088485847,1.5,0.5,0.1198051905232735,0.2416759601834175,0.1233752237442922,0.2764636616030323,262.62618597463086,6684675.877484412,6684.675877484412,-0.0,1255794.0103577594,851.2320258709905,122028.77620017022,5.1159076974727205e-12,3.637978807091713e-12,0.0,0.0,0.0,8.881784197001252e-16,0.0,121.42245703137576,177.55300484072126,0.0,highs-ds,Netherlands,Sluiskil,Sluiskil YARA,Reforming,1,2024,222970.0,143.35548063444742,8760,flex_ml0p4_b24,True,0.4,1.5,0.6,24.0,high_investment_small_cavern,16,2.0,4,optimal,52.25294232136911,optimal,123.90019047180516,21998.851118606704,60.580852051744216,30.031536924951705,27.69826875515251,29.031602088485847,1.5,0.5,0.1198051905232735,0.2416759601834175,0.1233752237442922,0.2764636616030323,194.84956255269805,4959544.173787111,4959.544173787111,3440.531535226595,1255794.0103577594,330.6522438243336,47400.81133629584,3.9355541048280414e-10,3.1370461783808417e-11,1.3350964778169327e-10,1.3460521586239338e-10,0.0,3.552713678800501e-15,7.075229291331198e-12,69.38426116078615,138.7685223215723,23.999999999999005,highs-ds,16.22715962936853,3.0,False,False,True,3,4,3,1
netherlands_sluiskil,2016,Netherlands,Sluiskil,Sluiskil YARA,Reforming,1,2024,222970.0,143.35548063444742,8784,rigid,False,1.0,1.5,0.6,0.0,high_investment_small_cavern,16,2.0,8,optimal,52.25294232136911,optimal,142.2241913388879,25252.33253326123,60.580852051744216,30.031536924951705,27.69826875515251,29.031602088485847,1.5,0.5,0.1198051905232735,0.2416759601834175,0.1256092679872495,0.2277345171999167,279.1638242043933,7105611.630462737,7105.611630462737,-0.0,1259234.541892986,1240.2638483242265,177798.62009004888,6.963318810448982e-12,3.637978807091713e-12,0.0,0.0,0.0,3.552713678800501e-15,7.638334409421078e-14,138.7685223215723,177.55300484072126,0.0,highs-ds,Netherlands,Sluiskil,Sluiskil YARA,Reforming,1,2024,222970.0,143.35548063444742,8784,flex_ml0p4_b24,True,0.4,1.5,0.6,24.0,high_investment_small_cavern,16,2.0,5,optimal,52.25294232136911,optimal,118.22419133888788,20991.06041708392,60.580852051744216,30.031536924951705,27.69826875515251,29.031602088485847,1.5,0.5,0.1198051905232735,0.2416759601834175,0.1256092679872495,0.2277345171999167,179.6949562223186,4573811.003297988,4573.8110032979885,3440.5315352267708,1259234.541892986,516.3726177115333,74024.84479850462,3.0809133022557944e-11,5.9898752624576446e-12,4.6407322429331543e-14,0.0,0.0,3.552713678800501e-15,0.0,86.73032645098269,173.46065290196535,24.000000000000227,highs-ds,16.8747663629273,3.0,False,False,True,3,5,3,2
netherlands_sluiskil,2017,Netherlands,Sluiskil,Sluiskil YARA,Reforming,1,2024,222970.0,143.35548063444742,8760,rigid,False,1.0,1.5,0.6,0.0,high_investment_small_cavern,16,2.0,7,optimal,52.25294232136911,optimal,109.67355873764824,19472.869905444782,60.580852051744216,30.031536924951705,27.69826875515251,29.031602088485847,1.5,0.5,0.1198051905232735,0.2416759601834175,0.122020109589041,0.2296067334547365,257.19700586532645,6546485.890158885,6546.485890158885,-0.0,1255794.0103577594,2305.3220736147728,330480.5538802467,5.115907697472721e-12,3.637978807091713e-12,0.0,0.0,0.0,8.881784197001252e-16,0.0,121.42245703137576,177.55300484072126,0.0,highs-ds,Netherlands,Sluiskil,Sluiskil YARA,Reforming,1,2024,222970.0,143.35548063444742,8760,flex_ml0p4_b24,True,0.4,1.5,0.6,24.0,high_investment_small_cavern,16,2.0,4,optimal,52.25294232136911,optimal,85.67355873764824,15211.597789267476,60.580852051744216,30.031536924951705,27.69826875515251,29.031602088485847,1.5,0.5,0.1198051905232735,0.2416759601834175,0.122020109589041,0.2296067334547365,146.1862480120286,3720907.273886075,3720.9072738860746,3440.5315352268417,1255794.0103577594,469.3213396646776,67279.78621963262,1.4921397450962104e-11,3.9440806176571636e-10,2.339404225892849e-10,2.3283064365386963e-10,0.0,3.552713678800501e-15,0.0,69.38426116078615,138.7685223215723,24.000000000000725,highs-ds,21.883123221533058,3.0,False,False,True,3,4,2,2
netherlands_sluiskil,2018,Netherlands,Sluiskil,Sluiskil YARA,Reforming,1,2024,222970.0,143.35548063444742,8760,rigid,False,1.0,1.5,0.6,0.0,high_investment_small_cavern,16,2.0,7,optimal,52.25294232136911,optimal,73.27756775021913,13010.65234147094,60.580852051744216,30.031536924951705,27.69826875515251,29.031602088485847,1.5,0.5,0.1198051905232735,0.2416759601834175,0.1320652248858447,0.2268330747447781,233.17981444758053,5935171.601298749,5935.171601298749,-0.0,1255794.0103577594,1424.4559433537577,204203.5664020732,5.115907697472721e-12,3.637978807091713e-12,0.0,0.0,0.0,1.6653345369377348e-15,0.0,121.42245703137576,177.55300484072126,0.0,highs-ds,Netherlands,Sluiskil,Sluiskil YARA,Reforming,1,2024,222970.0,143.35548063444742,8760,flex_ml0p4_b24,True,0.4,1.5,0.6,24.0,high_investment_small_cavern,16,2.0,4,optimal,52.25294232136911,optimal,49.27756775033145,8749.38022531357,60.580852051744216,30.031536924951705,27.69826875515251,29.031602088485847,1.5,0.5,0.1198051905232735,0.2416759601834175,0.1320652248858447,0.2268330747447781,58.81105523268559,1496929.336213688,1496.929336213688,3440.531535213406,1255794.0103577594,323.7906838000034,46417.16910110588,1.8900436771218665e-11,1.2036593943776096e-11,3.6193270602780103e-14,0.0,0.0,3.552713678800501e-15,2.889034789177458e-09,69.38426116078615,138.7685223215723,23.999999999907,highs-ds,32.75217878641437,3.0,False,True,True,2,5,1,3
netherlands_sluiskil,2019,Netherlands,Sluiskil,Sluiskil YARA,Reforming,1,2024,222970.0,143.35548063444742,8760,rigid,False,1.0,1.5,0.6,0.0,high_investment_small_cavern,16,2.0,7,optimal,52.25294232136911,optimal,85.24949116940553,15136.303318270484,60.580852051744216,30.031536924951705,27.69826875515251,29.031602088485847,1.5,0.5,0.1198051905232735,0.2416759601834175,0.1268255958904109,0.2522240504691707,118.4531251442194,3015010.6522153653,3015.010652215365,-0.0,1255794.0103577594,1668.5485194941275,239195.5749739764,5.115907697472721e-12,1.8189894035458565e-12,0.0,0.0,0.0,1.6653345369377348e-15,0.0,121.42245703137576,177.55300484072126,0.0,highs-ds,Netherlands,Sluiskil,Sluiskil YARA,Reforming,1,2024,222970.0,143.35548063444742,8760,flex_ml0p4_b24,True,0.4,1.5,0.6,24.0,high_investment_small_cavern,16,2.0,4,optimal,52.25294232136911,optimal,61.24949116951847,10875.031202113229,60.580852051744216,30.031536924951705,27.69826875515251,29.031602088485847,1.5,0.5,0.1198051905232735,0.2416759601834175,0.1268255958904109,0.2522240504691707,73.70014920531375,1875904.3685284029,1875.904368528403,3440.53153521519,1255794.0103577594,198.8072393234352,28500.107346818662,4.945377440890297e-12,1.3926637620897964e-12,1.9781876137159315e-10,2.0008883439004416e-10,0.0,3.552713678800501e-15,4.5594816810989853e-10,69.38426116078615,138.7685223215723,23.99999999991945,highs-ds,28.152660702918325,3.0,False,False,True,2,5,2,2
netherlands_sluiskil,2020,Netherlands,Sluiskil,Sluiskil YARA,Reforming,1,2024,222970.0,143.35548063444742,8784,rigid,False,1.0,1.5,0.6,0.0,high_investment_small_cavern,16,2.0,6,optimal,52.25294232136911,optimal,109.51872401411696,19445.378535028125,60.580852051744216,30.031536924951705,27.69826875515251,29.031602088485847,1.5,0.5,0.1198051905232735,0.2416759601834175,0.1283542953096539,0.2934259491026521,208.4990025031953,5306966.048874139,5306.966048874139,-0.0,1259234.541892986,959.9629877216868,137615.95549612257,5.002220859751105e-12,3.637978807091713e-12,0.0,0.0,0.0,1.7763568394002505e-15,1.2434497875801753e-13,104.07639174117924,177.55300484072126,0.0,highs-ds,Netherlands,Sluiskil,Sluiskil YARA,Reforming,1,2024,222970.0,143.35548063444742,8784,flex_ml0p4_b24,True,0.4,1.5,0.6,24.0,high_investment_small_cavern,16,2.0,4,optimal,52.25294232136911,optimal,85.5187240141168,15184.106418850786,60.580852051744216,30.031536924951705,27.69826875515251,29.031602088485847,1.5,0.5,0.1198051905232735,0.2416759601834175,0.1283542953096539,0.2934259491026521,102.08058163266328,2598277.0875154035,2598.277087515404,3440.5315352267685,1259234.541892986,270.8202113270142,38823.56156030674,4.945377440890297e-12,4.652633833757136e-11,9.25282073183098e-11,9.458744898438454e-11,0.0,3.552713678800501e-15,0.0,69.38426116078615,138.7685223215723,24.000000000000213,highs-ds,21.914061011984177,2.0,False,False,True,3,3,2,2
netherlands_sluiskil,2021,Netherlands,Sluiskil,Sluiskil YARA,Reforming,1,2024,222970.0,143.35548063444742,8760,rigid,False,1.0,1.5,0.6,0.0,high_investment_small_cavern,16,2.0,8,optimal,52.25294232136911,optimal,186.14693480501435,33050.947616520134,60.580852051744216,30.031536924951705,27.69826875515251,29.031602088485847,1.5,0.5,0.1198051905232735,0.2416759601834175,0.1209941038812785,0.2194638078926175,352.11553933871,8962465.959629243,8962.465959629244,-0.0,1255794.0103577594,1500.40432026993,215091.1824782972,6.565414878423326e-12,3.637978807091713e-12,0.0,0.0,0.0,1.7763568394002505e-15,0.0,138.7685223215723,177.55300484072126,0.0,highs-ds,Netherlands,Sluiskil,Sluiskil YARA,Reforming,1,2024,222970.0,143.35548063444742,8760,flex_ml0p4_b24,True,0.4,1.5,0.6,24.0,high_investment_small_cavern,16,2.0,6,optimal,52.25294232136911,optimal,162.1469348050143,28789.67550034281,60.580852051744216,30.031536924951705,27.69826875515251,29.031602088485847,1.5,0.5,0.1198051905232735,0.2416759601834175,0.1209941038812785,0.2194638078926175,245.1759696312697,6240512.094598655,6240.512094598655,3440.531535222928,1255794.0103577594,612.9593421231392,87871.08109943732,4.0444092519464896e-11,1.2305179097893415e-10,2.33377317471195e-10,2.346496330574155e-10,0.0,3.552713678800501e-15,0.0,104.07639174842916,208.15278348235847,23.999999999973426,highs-ds,12.89304066442976,2.0,False,False,True,4,4,4,2
netherlands_sluiskil,2022,Netherlands,Sluiskil,Sluiskil YARA,Reforming,1,2024,222970.0,143.35548063444742,8760,rigid,False,1.0,1.5,0.6,0.0,high_investment_small_cavern,16,2.0,7,optimal,52.25294232136911,optimal,201.806915189457,35831.42418952468,60.580852051744216,30.031536924951705,27.69826875515251,29.031602088485847,1.5,0.5,0.1198051905232735,0.2416759601834175,0.1324676586757991,0.2257513551710785,317.6085879731368,8084153.751183826,8084.153751183826,-0.0,1255794.0103577594,1698.4290797690842,243479.1170538193,5.059064278611913e-12,3.637978807091713e-12,0.0,0.0,0.0,1.3322676295501878e-15,1.119104808822158e-13,121.42245703137576,177.55300484072126,0.0,highs-ds,Netherlands,Sluiskil,Sluiskil YARA,Reforming,1,2024,222970.0,143.35548063444742,8760,flex_ml0p4_b24,True,0.4,1.5,0.6,24.0,high_investment_small_cavern,16,2.0,5,optimal,52.25294232136911,optimal,177.80691518945707,31570.152073347388,60.580852051744216,30.031536924951705,27.69826875515251,29.031602088485847,1.5,0.5,0.1198051905232735,0.2416759601834175,0.1324676586757991,0.2257513551710785,200.5002941043384,5103373.35347538,5103.37335347538,3440.5315352267407,1255794.0103577594,294.9624180726668,42284.47921190597,1.1198153515579179e-11,2.916067387559451e-11,2.2266943844329035e-10,2.219167072325945e-10,0.0,3.552713678800501e-15,0.0,86.73032645098269,173.46065290196535,24.000000000000018,highs-ds,11.892555801404841,2.0,False,False,True,4,3,4,1
netherlands_sluiskil,2023,Netherlands,Sluiskil,Sluiskil YARA,Reforming,1,2024,222970.0,143.35548063444742,8760,rigid,False,1.0,1.5,0.6,0.0,high_investment_small_cavern,16,2.0,6,optimal,52.25294232136911,optimal,86.32772910987207,15327.747704533587,60.580852051744216,30.031536924951705,27.69826875515251,29.031602088485847,1.5,0.5,0.1198051905232735,0.2416759601834175,0.1197610547945205,0.2892664775518832,201.015694303984,5116491.935954261,5116.491935954261,-0.0,1255794.0103577594,972.440301279306,139404.64677820177,5.172751116333529e-12,3.637978807091713e-12,0.0,0.0,0.0,1.7763568394002505e-15,5.684341886080804e-14,104.07639174117924,177.55300484072126,0.0,highs-ds,Netherlands,Sluiskil,Sluiskil YARA,Reforming,1,2024,222970.0,143.35548063444742,8760,flex_ml0p4_b24,True,0.4,1.5,0.6,24.0,high_investment_small_cavern,16,2.0,4,optimal,52.25294232136911,optimal,62.32772910987203,11066.475588356272,60.580852051744216,30.031536924951705,27.69826875515251,29.031602088485847,1.5,0.5,0.1198051905232735,0.2416759601834175,0.1197610547945205,0.2892664775518832,101.01694724297302,2571204.1925531616,2571.2041925531616,3440.531535226789,1255794.0103577594,488.2915948841561,69999.27627437908,6.394884621840902e-12,1.8047785488306545e-12,6.040457023459567e-11,6.184563972055912e-11,0.0,3.552713678800501e-15,0.0,69.38426116078615,138.7685223215723,24.000000000000355,highs-ds,27.80103246947973,2.0,False,False,True,2,4,2,2
poland_kedzierzyn,2015,Poland,Kedzierzyn,Kedzierzyn Grupa Azoty,Reforming,2,2024,74071.0,47.62292598140626,8760,rigid,False,1.0,1.5,0.6,0.0,high_investment_small_cavern,16,2.0,3,optimal,157.29284807003646,optimal,114.3106115538742,20296.19256657084,58.49320414572369,44.0699917135679,27.69826875515251,29.031602088485847,1.5,0.5,0.1240810898996045,0.1646903083008059,0.1308463356164383,0.1762859064020224,150.94368288570232,1276318.4400715588,1276.3184400715588,-0.0,417176.8315971189,399.0271967069929,19002.84265334516,6.73594513500575e-12,1.8189894035458565e-12,0.0,0.0,0.0,3.552713678800501e-15,0.0,156.64641402526453,177.55300484072126,0.0,highs-ds,Poland,Kedzierzyn,Kedzierzyn Grupa Azoty,Reforming,2,2024,74071.0,47.62292598140626,8760,flex_ml0p4_b24,True,0.4,1.5,0.6,24.0,high_investment_small_cavern,16,2.0,2,optimal,157.29284807003646,optimal,90.31061155387418,16034.92045039352,58.49320414572369,44.0699917135679,27.69826875515251,29.031602088485847,1.5,0.5,0.1240810898996045,0.1646903083008059,0.1308463356164383,0.1762859064020224,117.64057019904324,994720.8533348552,994.7208533348552,1142.9502235537589,417176.8315971189,269.75639531966146,12846.588847319204,6.849631972727366e-12,1.6768808563938364e-12,1.7259749185427606e-10,1.7462298274040222e-10,0.0,3.552713678800501e-15,0.0,104.43094268350968,208.86188536701937,24.00000000000018,highs-ds,20.99542612339966,1.0,True,True,True,1,2,1,1
poland_kedzierzyn,2016,Poland,Kedzierzyn,Kedzierzyn Grupa Azoty,Reforming,2,2024,74071.0,47.62292598140626,8784,rigid,False,1.0,1.5,0.6,0.0,high_investment_small_cavern,16,2.0,3,optimal,157.29284807003646,optimal,97.26001843081735,17268.808523255553,58.49320414572369,44.0699917135679,27.69826875515251,29.031602088485847,1.5,0.5,0.1240810898996045,0.1646903083008059,0.1209786805555555,0.1478326229492134,204.5284979320778,1729409.8596263623,1729.4098596263625,-0.0,418319.7818206726,1934.486301154674,92125.89793193342,6.73594513500575e-12,3.637978807091713e-12,0.0,0.0,0.0,1.7763568394002505e-15,0.0,156.64641402527013,177.55300484072126,0.0,highs-ds,Poland,Kedzierzyn,Kedzierzyn Grupa Azoty,Reforming,2,2024,74071.0,47.62292598140626,8784,flex_ml0p4_b24,True,0.4,1.5,0.6,24.0,high_investment_small_cavern,16,2.0,2,optimal,157.29284807003646,optimal,73.2600184308172,13007.536407078214,58.49320414572369,44.0699917135679,27.69826875515251,29.031602088485847,1.5,0.5,0.1240810898996045,0.1646903083008059,0.1209786805555555,0.1478326229492134,112.87699229583735,954441.9744686036,954.4419744686036,1142.9502235537648,418319.7818206726,524.969391123923,25000.578455998497,7.662492862436919e-11,4.867217739956686e-12,2.891955563910641e-10,2.9103830456733704e-10,0.0,3.552713678800501e-15,0.0,104.43094268350968,208.86188536701937,24.000000000000306,highs-ds,24.67612117210501,1.0,True,True,True,1,2,1,1
poland_kedzierzyn,2017,Poland,Kedzierzyn,Kedzierzyn Grupa Azoty,Reforming,2,2024,74071.0,47.62292598140626,8760,rigid,False,1.0,1.5,0.6,0.0,high_investment_small_cavern,16,2.0,3,optimal,157.29284807003646,optimal,102.15629658995564,18138.15742294655,58.49320414572369,44.0699917135679,27.69826875515251,29.031602088485847,1.5,0.5,0.1240810898996045,0.1646903083008059,0.1212459817351598,0.1833149413207782,207.2127565719926,1752106.8598223815,1752.1068598223817,-0.0,417176.8315971189,527.7256108004582,25131.837701642628,6.565414878423326e-12,3.581135388230905e-12,0.0,0.0,0.0,1.7763568394002505e-15,0.0,156.64641402526453,177.55300484072126,0.0,highs-ds,Poland,Kedzierzyn,Kedzierzyn Grupa Azoty,Reforming,2,2024,74071.0,47.62292598140626,8760,flex_ml0p4_b24,True,0.4,1.5,0.6,24.0,high_investment_small_cavern,16,2.0,2,optimal,157.29284807003646,optimal,78.15629658995564,13876.885306769242,58.49320414572369,44.0699917135679,27.69826875515251,29.031602088485847,1.5,0.5,0.1240810898996045,0.1646903083008059,0.1212459817351598,0.1833149413207782,154.0082358824778,1302231.0548003442,1302.231054800344,1142.9502235537511,417176.8315971189,401.3833996148903,19115.051930025133,5.485389920067973e-12,6.16928730323707e-12,1.6950529868609007e-10,1.7098500393331048e-10,0.0,3.552713678800501e-15,0.0,104.43094268350968,208.86188536701937,24.000000000000018,highs-ds,23.493412350619376,1.0,True,True,True,1,2,1,1
poland_kedzierzyn,2018,Poland,Kedzierzyn,Kedzierzyn Grupa Azoty,Reforming,2,2024,74071.0,47.62292598140626,8760,rigid,False,1.0,1.5,0.6,0.0,high_investment_small_cavern,16,2.0,3,optimal,157.29284807003646,optimal,120.93106548116074,21471.674054770112,58.49320414572369,44.0699917135679,27.69826875515251,29.031602088485847,1.5,0.5,0.1240810898996045,0.1646903083008059,0.1311093630136986,0.1662510199999866,177.935125194979,1504547.107113846,1504.547107113846,-0.0,417176.8315971189,527.3190257807117,25112.47493334209,6.87805368215777e-12,1.8189894035458565e-12,0.0,0.0,0.0,1.7763568394002505e-15,9.059419880941277e-14,156.64641402526453,177.55300484072126,0.0,highs-ds,Poland,Kedzierzyn,Kedzierzyn Grupa Azoty,Reforming,2,2024,74071.0,47.62292598140626,8760,flex_ml0p4_b24,True,0.4,1.5,0.6,24.0,high_investment_small_cavern,16,2.0,2,optimal,157.29284807003646,optimal,96.93106548116069,17210.401938592793,58.49320414572369,44.0699917135679,27.69826875515251,29.031602088485847,1.5,0.5,0.1240810898996045,0.1646903083008059,0.1311093630136986,0.1662510199999866,130.01333914831343,1099339.9593669777,1099.3399593669776,1142.9502235537575,417176.8315971189,358.095860827819,17053.572674451185,6.224354365258478e-12,1.7692514120426497e-12,1.913313951718009e-10,1.9281287677586079e-10,8.881784197001252e-16,3.552713678800501e-15,0.0,104.43094268350968,208.86188536701937,24.00000000000016,highs-ds,19.846017154077664,1.0,True,True,True,1,2,1,1
poland_kedzierzyn,2019,Poland,Kedzierzyn,Kedzierzyn Grupa Azoty,Reforming,2,2024,74071.0,47.62292598140626,8760,rigid,False,1.0,1.5,0.6,0.0,high_investment_small_cavern,16,2.0,2,optimal,157.29284807003646,optimal,69.39745882138185,12321.727342046566,58.49320414572369,44.0699917135679,27.69826875515251,29.031602088485847,1.5,0.5,0.1240810898996045,0.1646903083008059,0.1305810947488584,0.1929218258051938,256.1127312415816,2165585.1730359807,2165.5851730359805,-0.0,417176.8315971189,1102.5654145635006,52507.39112741609,5.229594535194337e-12,3.637978807091713e-12,0.0,0.0,0.0,8.881784197001252e-16,8.704148513061227e-14,104.43094268350968,177.55300484072126,0.0,highs-ds,Poland,Kedzierzyn,Kedzierzyn Grupa Azoty,Reforming,2,2024,74071.0,47.62292598140626,8760,flex_ml0p4_b24,True,0.4,1.5,0.6,24.0,high_investment_small_cavern,16,2.0,2,optimal,157.29284807003646,optimal,45.39745882138185,8060.455225869256,58.49320414572369,44.0699917135679,27.69826875515251,29.031602088485847,1.5,0.5,0.1240810898996045,0.1646903083008059,0.1305810947488584,0.1929218258051938,56.51207586649188,477843.1474322968,477.8431474322968,1142.9502235537543,417176.8315971189,226.1066390577473,10767.85973575164,7.44648787076585e-12,1.3571366253017916e-12,1.4392742553326343e-10,1.4551915228366852e-10,0.0,3.552713678800501e-15,0.0,104.43094268350968,208.86188536701937,24.000000000000085,highs-ds,34.583398884636715,0.0,True,True,True,1,1,1,1
poland_kedzierzyn,2020,Poland,Kedzierzyn,Kedzierzyn Grupa Azoty,Reforming,2,2024,74071.0,47.62292598140626,8784,rigid,False,1.0,1.5,0.6,0.0,high_investment_small_cavern,16,2.0,3,optimal,157.29284807003646,optimal,103.4249866136284,18363.41714886109,58.49320414572369,44.0699917135679,27.69826875515251,29.031602088485847,1.5,0.5,0.1240810898996045,0.1646903083008059,0.126665885701275,0.1816392502315684,196.9871355115544,1665643.1637530078,1665.6431637530077,-0.0,418319.7818206726,1131.975702521107,53907.99509391303,6.508571459562518e-12,3.609557097661309e-12,0.0,0.0,0.0,3.552713678800501e-15,0.0,156.64641402526453,177.55300484072126,0.0,highs-ds,Poland,Kedzierzyn,Kedzierzyn Grupa Azoty,Reforming,2,2024,74071.0,47.62292598140626,8784,flex_ml0p4_b24,True,0.4,1.5,0.6,24.0,high_investment_small_cavern,16,2.0,2,optimal,157.29284807003646,optimal,79.42498661362832,14102.14503268377,58.49320414572369,44.0699917135679,27.69826875515251,29.031602088485847,1.5,0.5,0.1240810898996045,0.1646903083008059,0.126665885701275,0.1816392502315684,98.78946665769035,835323.5827399297,835.3235827399296,1142.9502235537627,418319.7818206726,305.4318828561955,14545.559949622146,6.59383658785373e-12,1.7763568394002505e-12,1.4202550246977808e-10,1.4551915228366852e-10,0.0,3.552713678800501e-15,0.0,104.43094268350968,208.86188536701937,24.00000000000026,highs-ds,23.205224178233138,1.0,True,True,True,1,2,1,1
poland_kedzierzyn,2021,Poland,Kedzierzyn,Kedzierzyn Grupa Azoty,Reforming,2,2024,74071.0,47.62292598140626,8760,rigid,False,1.0,1.5,0.6,0.0,high_investment_small_cavern,16,2.0,3,optimal,157.29284807003646,optimal,140.42245417704467,24932.428686242773,58.49320414572369,44.0699917135679,27.69826875515251,29.031602088485847,1.5,0.5,0.1240810898996045,0.1646903083008059,0.1281099771689497,0.1573007369971061,245.73548348919792,2077839.3832794952,2077.839383279495,-0.0,417176.8315971189,743.2750416461947,35396.932292143385,6.508571459562518e-12,3.637978807091713e-12,0.0,0.0,0.0,1.7763568394002505e-15,0.0,156.64641402526453,177.55300484072126,0.0,highs-ds,Poland,Kedzierzyn,Kedzierzyn Grupa Azoty,Reforming,2,2024,74071.0,47.62292598140626,8760,flex_ml0p4_b24,True,0.4,1.5,0.6,24.0,high_investment_small_cavern,16,2.0,2,optimal,157.29284807003646,optimal,116.42245417704468,20671.15657006546,58.49320414572369,44.0699917135679,27.69826875515251,29.031602088485847,1.5,0.5,0.1240810898996045,0.1646903083008059,0.1281099771689497,0.1573007369971061,164.22464059234122,1388616.8211547155,1388.6168211547156,1142.950223552338,417176.8315971189,579.3388912478836,27589.81313604793,6.139089236967266e-12,1.8189894035458565e-12,2.356530526270717e-10,2.364686224609613e-10,0.0,3.552713678800501e-15,6.79449385643238e-10,104.43094268350968,208.86188536701937,23.999999999970345,highs-ds,17.091283684403336,1.0,True,True,True,1,2,1,1
poland_kedzierzyn,2022,Poland,Kedzierzyn,Kedzierzyn Grupa Azoty,Reforming,2,2024,74071.0,47.62292598140626,8760,rigid,False,1.0,1.5,0.6,0.0,high_investment_small_cavern,16,2.0,3,optimal,157.29284807003646,optimal,286.2084987847383,50817.178970182205,58.49320414572369,44.0699917135679,27.69826875515251,29.031602088485847,1.5,0.5,0.1240810898996045,0.1646903083008059,0.1304111369863013,0.1725778822847291,345.1859422204463,2918752.046371082,2918.7520463710816,-0.0,417176.8315971189,949.4707645816762,45216.575943182375,6.764366844436154e-12,3.637978807091713e-12,0.0,0.0,0.0,3.552713678800501e-15,1.3322676295501878e-13,156.64641402526453,177.55300484072126,0.0,highs-ds,Poland,Kedzierzyn,Kedzierzyn Grupa Azoty,Reforming,2,2024,74071.0,47.62292598140626,8760,flex_ml0p4_b24,True,0.4,1.5,0.6,24.0,high_investment_small_cavern,16,2.0,2,optimal,157.29284807003646,optimal,262.20849878473774,46555.9068540048,58.49320414572369,44.0699917135679,27.69826875515251,29.031602088485847,1.5,0.5,0.1240810898996045,0.1646903083008059,0.1304111369863013,0.1725778822847291,303.2450354375336,2564116.783092871,2564.1167830928707,1142.9502235537389,417176.8315971189,474.0630383373676,22576.268985261016,1.8332002582610582e-10,1.697486595730879e-11,1.914175484785119e-10,1.9281287677586079e-10,0.0,3.552713678800501e-15,4.991562718714704e-12,104.43094268350968,208.86188536701937,23.99999999999976,highs-ds,8.385495225301232,1.0,False,False,True,2,1,2,0
poland_kedzierzyn,2023,Poland,Kedzierzyn,Kedzierzyn Grupa Azoty,Reforming,2,2024,74071.0,47.62292598140626,8760,rigid,False,1.0,1.5,0.6,0.0,high_investment_small_cavern,16,2.0,3,optimal,157.29284807003646,optimal,110.3641814378143,19595.49204107048,58.49320414572369,44.0699917135679,27.69826875515251,29.031602088485847,1.5,0.5,0.1240810898996045,0.1646903083008059,0.1213242043378995,0.1799478285718983,132.80171400389978,1122917.323970646,1122.917323970646,-0.0,417176.8315971189,631.6087400908699,30079.056278556764,6.508571459562518e-12,1.8189894035458565e-12,0.0,0.0,0.0,3.552713678800501e-15,0.0,156.64641402526453,177.55300484072126,0.0,highs-ds,Poland,Kedzierzyn,Kedzierzyn Grupa Azoty,Reforming,2,2024,74071.0,47.62292598140626,8760,flex_ml0p4_b24,True,0.4,1.5,0.6,24.0,high_investment_small_cavern,16,2.0,2,optimal,157.29284807003646,optimal,86.36418143781415,15334.219924893148,58.49320414572369,44.0699917135679,27.69826875515251,29.031602088485847,1.5,0.5,0.1240810898996045,0.1646903083008059,0.1213242043378995,0.1799478285718983,94.47655253500083,798855.3336552565,798.8553336552566,1142.9502235537495,417176.8315971189,244.1633625766612,11627.773743359596,5.027800398238469e-11,2.0179413695586845e-12,2.0096679875791776e-10,2.0008883439004416e-10,0.0,3.552713678800501e-15,0.0,104.43094268350968,208.86188536701937,23.999999999999982,highs-ds,21.746185843387206,1.0,True,True,True,1,2,1,1
poland_police,2015,Poland,Police,Police Grupa Azoty,Reforming,1,2024,56007.0,36.008926778909704,8760,rigid,False,1.0,1.5,0.6,0.0,high_investment_small_cavern,16,2.0,2,optimal,208.02468529640348,optimal,168.37543519241083,29895.56445977667,60.34365426904652,31.554986950829488,27.69826875515251,29.031602088485847,1.5,0.5,0.1202761186745766,0.2300080343379978,0.1229574235159817,0.261956843270813,256.5706695283224,1640382.818295976,1640.3828182959762,-0.0,315438.198583249,575.8536163356263,20735.87070599993,6.16751094639767e-12,3.637978807091713e-12,0.0,0.0,0.0,3.552713678800501e-15,0.0,138.1131707734791,177.55300484072126,0.0,highs-ds,Poland,Police,Police Grupa Azoty,Reforming,1,2024,56007.0,36.008926778909704,8760,flex_ml0p4_b24,True,0.4,1.5,0.6,24.0,high_investment_small_cavern,16,2.0,1,optimal,208.02468529640348,optimal,144.37543519241044,25634.29234359929,60.34365426904652,31.554986950829488,27.69826875515251,29.031602088485847,1.5,0.5,0.1202761186745766,0.2300080343379978,0.1229574235159817,0.261956843270813,206.379670219074,1319487.0079862643,1319.4870079862644,864.2142426938271,315438.198583249,428.0150507775149,15412.362623718853,5.172751116333529e-12,6.693312570860144e-12,2.353672812205332e-14,0.0,0.0,3.552713678800501e-15,5.9046101341664325e-12,69.05658538673956,138.1131707734791,23.99999999999984,highs-ds,14.253860708703991,1.0,True,True,True,1,1,1,0
poland_police,2016,Poland,Police,Police Grupa Azoty,Reforming,1,2024,56007.0,36.008926778909704,8784,rigid,False,1.0,1.5,0.6,0.0,high_investment_small_cavern,16,2.0,3,optimal,208.02468529640348,optimal,139.18451775718572,24712.62935509505,60.34365426904652,31.554986950829488,27.69826875515251,29.031602088485847,1.5,0.5,0.1202761186745766,0.2300080343379978,0.1191578085154826,0.2019854166282504,174.35148034842015,1114714.9954194028,1114.7149954194028,-0.0,316302.41282594285,557.3813167162327,20070.703021567104,6.73594513500575e-12,1.8189894035458565e-12,0.0,0.0,0.0,3.552713678800501e-15,0.0,207.16975616021867,384.72276100094,0.0,highs-ds,Poland,Police,Police Grupa Azoty,Reforming,1,2024,56007.0,36.008926778909704,8784,flex_ml0p4_b24,True,0.4,1.5,0.6,24.0,high_investment_small_cavern,16,2.0,2,optimal,208.02468529640348,optimal,115.18451775718567,20451.35723891773,60.34365426904652,31.554986950829488,27.69826875515251,29.031602088485847,1.5,0.5,0.1202761186745766,0.2300080343379978,0.1191578085154826,0.2019854166282504,138.43689150917783,885095.3176660414,885.0953176660414,864.2142426938225,316302.41282594285,426.2890453301789,15350.211019945731,2.347633198951371e-11,1.6711965145077556e-11,2.3240165347715447e-10,2.3283064365386963e-10,0.0,3.552713678800501e-15,0.0,138.1131707734791,266.32950726108186,23.999999999999712,highs-ds,17.243297161735494,1.0,True,True,True,1,2,1,1
poland_police,2017,Poland,Police,Police Grupa Azoty,Reforming,1,2024,56007.0,36.008926778909704,8760,rigid,False,1.0,1.5,0.6,0.0,high_investment_small_cavern,16,2.0,2,optimal,208.02468529640348,optimal,227.07784386706103,40318.35351134884,60.34365426904652,31.554986950829488,27.69826875515251,29.031602088485847,1.5,0.5,0.1202761186745766,0.2300080343379978,0.1105366278538812,0.2525808289777837,305.5537330937503,1953555.6997011043,1953.555699701104,-0.0,315438.198583249,503.4772962374884,18129.67709505915,6.565414878423326e-12,3.637978807091713e-12,0.0,0.0,0.0,8.881784197001252e-16,0.0,138.1131707734791,177.55300484072126,0.0,highs-ds,Poland,Police,Police Grupa Azoty,Reforming,1,2024,56007.0,36.008926778909704,8760,flex_ml0p4_b24,True,0.4,1.5,0.6,24.0,high_investment_small_cavern,16,2.0,2,optimal,208.02468529640348,optimal,203.07784386706123,36057.08139517156,60.34365426904652,31.554986950829488,27.69826875515251,29.031602088485847,1.5,0.5,0.1202761186745766,0.2300080343379978,0.1105366278538812,0.2525808289777837,241.7181227755889,1545423.1623621471,1545.4231623621472,864.2142426938516,315438.198583249,416.9581445938969,15014.21529855168,7.787548383930698e-12,3.623767952376511e-12,1.0878609124631564e-10,1.0913936421275139e-10,0.0,3.552713678800501e-15,0.0,138.1131707734791,266.32950726108186,24.00000000000052,highs-ds,10.569062833822837,0.0,False,True,True,2,0,1,1
poland_police,2018,Poland,Police,Police Grupa Azoty,Reforming,1,2024,56007.0,36.008926778909704,8760,rigid,False,1.0,1.5,0.6,0.0,high_investment_small_cavern,16,2.0,2,optimal,208.02468529640348,optimal,128.41647479851477,22800.73097152905,60.34365426904652,31.554986950829488,27.69826875515251,29.031602088485847,1.5,0.5,0.1202761186745766,0.2300080343379978,0.1317346061643835,0.2050582979354744,246.1725219418404,1573902.3329219923,1573.9023329219922,-0.0,315438.198583249,1296.2760915542494,46677.51086602822,6.565414878423326e-12,3.623767952376511e-12,0.0,0.0,0.0,1.7763568394002505e-15,0.0,138.11317077348212,177.55300484072126,0.0,highs-ds,Poland,Police,Police Grupa Azoty,Reforming,1,2024,56007.0,36.008926778909704,8760,flex_ml0p4_b24,True,0.4,1.5,0.6,24.0,high_investment_small_cavern,16,2.0,1,optimal,208.02468529640348,optimal,104.41647479851484,18539.45885535176,60.34365426904652,31.554986950829488,27.69826875515251,29.031602088485847,1.5,0.5,0.1202761186745766,0.2300080343379978,0.1317346061643835,0.2050582979354744,181.9283615965831,1163157.7337830856,1163.1577337830856,864.214242693497,315438.198583249,1015.4694289568432,36565.96431352822,4.831690603168681e-12,2.9407587476271146e-12,2.4154100941586876e-10,2.4374458007514477e-10,0.0,3.552713678800501e-15,0.0,69.05658538673956,138.1131707734791,23.99999999999067,highs-ds,18.689190804883786,1.0,True,True,True,1,1,1,0
poland_police,2019,Poland,Police,Police Grupa Azoty,Reforming,1,2024,56007.0,36.008926778909704,8760,rigid,False,1.0,1.5,0.6,0.0,high_investment_small_cavern,16,2.0,2,optimal,208.02468529640348,optimal,138.56815912435997,24603.19302777732,60.34365426904652,31.554986950829488,27.69826875515251,29.031602088485847,1.5,0.5,0.1202761186745766,0.2300080343379978,0.1220777614155251,0.2435970176221884,166.92753254436104,1067250.0359831084,1067.2500359831083,-0.0,315438.198583249,986.9805584468746,35540.11066132092,6.73594513500575e-12,1.8189894035458565e-12,0.0,0.0,0.0,3.552713678800501e-15,0.0,138.1131707734791,177.55300484072126,0.0,highs-ds,Poland,Police,Police Grupa Azoty,Reforming,1,2024,56007.0,36.008926778909704,8760,flex_ml0p4_b24,True,0.4,1.5,0.6,24.0,high_investment_small_cavern,16,2.0,1,optimal,208.02468529640348,optimal,114.56815912436,20341.920911600013,60.34365426904652,31.554986950829488,27.69826875515251,29.031602088485847,1.5,0.5,0.1202761186745766,0.2300080343379978,0.1220777614155251,0.2435970176221884,132.45484301617864,846849.1315989861,846.8491315989861,864.214242693866,315438.198583249,299.6414106390137,10789.76561562946,5.115907697472721e-12,1.8047785488306545e-12,1.709743457922741e-14,1.8189894035458565e-12,0.0,3.552713678800501e-15,0.0,69.05658538673956,138.1131707734791,24.00000000000092,highs-ds,17.31999627595603,1.0,True,True,True,1,1,1,0
poland_police,2020,Poland,Police,Police Grupa Azoty,Reforming,1,2024,56007.0,36.008926778909704,8784,rigid,False,1.0,1.5,0.6,0.0,high_investment_small_cavern,16,2.0,2,optimal,208.02468529640348,optimal,128.30217362358852,22780.43645446407,60.34365426904652,31.554986950829488,27.69826875515251,29.031602088485847,1.5,0.5,0.1202761186745766,0.2300080343379978,0.1197780339253187,0.2409060199222519,225.7381326782508,1443255.205126803,1443.2552051268028,-0.0,316302.41282594285,1324.148550410553,47681.16819613303,5.7696070143720135e-12,3.630873379734112e-12,0.0,0.0,0.0,3.552713678800501e-15,0.0,138.1131707734894,177.55300484072126,0.0,highs-ds,Poland,Police,Police Grupa Azoty,Reforming,1,2024,56007.0,36.008926778909704,8784,flex_ml0p4_b24,True,0.4,1.5,0.6,24.0,high_investment_small_cavern,16,2.0,1,optimal,208.02468529640348,optimal,104.30217362358856,18519.16433828677,60.34365426904652,31.554986950829488,27.69826875515251,29.031602088485847,1.5,0.5,0.1202761186745766,0.2300080343379978,0.1197780339253187,0.2409060199222519,163.21772646048186,1043531.4161954576,1043.5314161954575,864.2142426938631,316302.41282594285,451.7198254677449,16265.946119849898,3.163336259603966e-11,5.608669084722351e-11,1.6434276162158312e-10,1.6552803572267294e-10,0.0,3.552713678800501e-15,0.0,69.05658538673956,138.1131707734791,24.00000000000084,highs-ds,18.705840534246047,1.0,True,True,True,1,1,1,0
poland_police,2021,Poland,Police,Police Grupa Azoty,Reforming,1,2024,56007.0,36.008926778909704,8760,rigid,False,1.0,1.5,0.6,0.0,high_investment_small_cavern,16,2.0,3,optimal,208.02468529640348,optimal,180.02755837564408,31964.43394373396,60.34365426904652,31.554986950829488,27.69826875515251,29.031602088485847,1.5,0.5,0.1202761186745766,0.2300080343379978,0.1159404269406392,0.2085446540748928,232.9260630682595,1489211.1888429236,1489.2111888429235,-0.0,315438.198583249,998.95007834797,35971.12022701817,6.991740519879386e-12,3.623767952376511e-12,0.0,0.0,0.0,3.552713678800501e-15,0.0,207.16975616021867,384.72276100094,0.0,highs-ds,Poland,Police,Police Grupa Azoty,Reforming,1,2024,56007.0,36.008926778909704,8760,flex_ml0p4_b24,True,0.4,1.5,0.6,24.0,high_investment_small_cavern,16,2.0,2,optimal,208.02468529640348,optimal,156.02755837577402,27703.161827579723,60.34365426904652,31.554986950829488,27.69826875515251,29.031602088485847,1.5,0.5,0.1202761186745766,0.2300080343379978,0.1159404269406392,0.2085446540748928,191.7858568269209,1226181.5620211598,1226.1815620211598,864.2142426920246,315438.198583249,727.8694697494304,26209.79844081107,8.185452315956354e-12,2.7654323275783096e-11,2.070770221962448e-10,2.0736479200422764e-10,0.0,3.552713678800501e-15,1.4061356523598079e-09,138.1131707734791,266.32950726108186,23.999999999949782,highs-ds,13.331292284591143,1.0,True,True,True,1,2,1,1
poland_police,2022,Poland,Police,Police Grupa Azoty,Reforming,1,2024,56007.0,36.008926778909704,8760,rigid,False,1.0,1.5,0.6,0.0,high_investment_small_cavern,16,2.0,3,optimal,208.02468529640348,optimal,360.26204343673294,63965.60834225037,60.34365426904652,31.554986950829488,27.69826875515251,29.031602088485847,1.5,0.5,0.1202761186745766,0.2300080343379978,0.1258953127853881,0.2280311453949328,386.20293980913647,2469185.850444099,2469.185850444099,-0.0,315438.198583249,655.9369182405766,23619.5844605086,7.048583938740194e-12,7.133849067031406e-12,0.0,0.0,0.0,3.552713678800501e-15,3.659295089164516e-13,207.16975616021867,384.72276100094,0.0,highs-ds,Poland,Police,Police Grupa Azoty,Reforming,1,2024,56007.0,36.008926778909704,8760,flex_ml0p4_b24,True,0.4,1.5,0.6,24.0,high_investment_small_cavern,16,2.0,2,optimal,208.02468529640348,optimal,336.2620434367329,59704.33622607306,60.34365426904652,31.554986950829488,27.69826875515251,29.031602088485847,1.5,0.5,0.1202761186745766,0.2300080343379978,0.1258953127853881,0.2280311453949328,355.0054653789939,2269725.011356314,2269.725011356314,864.2142426938424,315438.198583249,496.451120611931,17876.672051422694,4.1885073187586386e-10,5.2205351153133954e-11,1.0954703810739376e-10,1.0913936421275139e-10,0.0,3.552713678800501e-15,3.2436275887448573e-12,138.1131707734791,266.32950726108186,24.000000000000263,highs-ds,6.6618175401025255,1.0,False,False,True,2,1,2,0
poland_police,2023,Poland,Police,Police Grupa Azoty,Reforming,1,2024,56007.0,36.008926778909704,8760,rigid,False,1.0,1.5,0.6,0.0,high_investment_small_cavern,16,2.0,2,optimal,208.02468529640348,optimal,114.02434787092248,20245.365589485984,60.34365426904652,31.554986950829488,27.69826875515251,29.031602088485847,1.5,0.5,0.1202761186745766,0.2300080343379978,0.1192081289954338,0.2422421866961148,171.50660788842822,1096526.3228318722,1096.5263228318722,-0.0,315438.198583249,1104.4294526657184,39769.31929351117,6.565414878423326e-12,1.8189894035458565e-12,0.0,0.0,0.0,1.6653345369377348e-15,3.5527136788005016e-14,138.1131707734791,177.55300484072126,0.0,highs-ds,Poland,Police,Police Grupa Azoty,Reforming,1,2024,56007.0,36.008926778909704,8760,flex_ml0p4_b24,True,0.4,1.5,0.6,24.0,high_investment_small_cavern,16,2.0,1,optimal,208.02468529640348,optimal,90.02434787092247,15984.093473308672,60.34365426904652,31.554986950829488,27.69826875515251,29.031602088485847,1.5,0.5,0.1202761186745766,0.2300080343379978,0.1192081289954338,0.2422421866961148,105.53134297841775,674713.9185150964,674.7139185150965,864.2142426938424,315438.198583249,742.5072107803534,26736.887785802217,5.6274984672199935e-12,1.8189894035458565e-11,3.907985046680551e-14,0.0,0.0,3.552713678800501e-15,0.0,69.05658538673956,138.1131707734791,24.000000000000263,highs-ds,21.048136164013343,1.0,True,True,True,1,1,1,0
poland_pulawy,2015,Poland,Pulawy,Pulawy Grupa Azoty,Reforming,1,2024,114348.0,73.5184666080091,8760,rigid,False,1.0,1.5,0.6,0.0,high_investment_small_cavern,16,2.0,4,optimal,101.88930763455129,optimal,151.89396047591674,26969.229099656768,60.34102010464223,48.31430568079742,27.69826875515251,29.031602088485847,1.5,0.5,0.1202813692830341,0.1502225980452436,0.1272058847031963,0.1687507265518,201.32639234040388,2627998.893988642,2627.998893988642,-0.0,644021.7674861598,541.0805467838995,39779.41211097543,5.9969806898152456e-12,3.538502824085299e-12,0.0,0.0,0.0,3.552713678800501e-15,0.0,135.294090941866,177.55300484072126,0.0,highs-ds,Poland,Pulawy,Pulawy Grupa Azoty,Reforming,1,2024,114348.0,73.5184666080091,8760,flex_ml0p4_b24,True,0.4,1.5,0.6,24.0,high_investment_small_cavern,16,2.0,2,optimal,101.88930763455129,optimal,127.89396047591671,22707.956983479457,60.34102010464223,48.31430568079742,27.69826875515251,29.031602088485847,1.5,0.5,0.1202813692830341,0.1502225980452436,0.1272058847031963,0.1687507265518,152.9785650082586,1996894.1725530084,1996.8941725530085,1764.4431985922206,644021.7674861598,382.9979982591303,28157.4255459482,2.1998403099132705e-11,3.481837040908431e-11,1.3547518662448963e-10,1.3460521586239338e-10,0.0,3.552713678800501e-15,0.0,67.647045470933,135.294090941866,24.00000000000003,highs-ds,15.800496560102074,2.0,False,False,True,2,2,2,0
poland_pulawy,2016,Poland,Pulawy,Pulawy Grupa Azoty,Reforming,1,2024,114348.0,73.5184666080091,8784,rigid,False,1.0,1.5,0.6,0.0,high_investment_small_cavern,16,2.0,4,optimal,101.88930763455129,optimal,121.6308534572901,21595.923512683286,60.34102010464223,48.31430568079742,27.69826875515251,29.031602088485847,1.5,0.5,0.1202813692830341,0.1502225980452436,0.1189311293260473,0.1449710905604118,209.8462868586477,2739212.695172677,2739.212695172677,-0.0,645786.210684752,1758.2145130296417,129261.2349658867,6.195932655828074e-12,3.637978807091713e-12,0.0,0.0,0.0,1.1102230246251563e-15,0.0,135.294090941866,177.55300484072126,0.0,highs-ds,Poland,Pulawy,Pulawy Grupa Azoty,Reforming,1,2024,114348.0,73.5184666080091,8784,flex_ml0p4_b24,True,0.4,1.5,0.6,24.0,high_investment_small_cavern,16,2.0,2,optimal,101.88930763455129,optimal,97.63085345728996,17334.651396505953,60.34102010464223,48.31430568079742,27.69826875515251,29.031602088485847,1.5,0.5,0.1202813692830341,0.1502225980452436,0.1189311293260473,0.1449710905604118,164.11733962573138,2142293.327799444,2142.2933277994434,1764.4431985914332,645786.210684752,527.6072116337327,38788.873170639374,5.5706550483591855e-12,4.7883474962873145e-11,2.2011259481757856e-10,2.219167072325945e-10,0.0,3.552713678800501e-15,0.0,67.647045470933,135.294090941866,23.99999999998932,highs-ds,19.731835564590188,2.0,False,True,True,2,2,1,1
poland_pulawy,2017,Poland,Pulawy,Pulawy Grupa Azoty,Reforming,1,2024,114348.0,73.5184666080091,8760,rigid,False,1.0,1.5,0.6,0.0,high_investment_small_cavern,16,2.0,3,optimal,101.88930763455129,optimal,151.29895195643113,26863.58354911627,60.34102010464223,48.31430568079742,27.69826875515251,29.031602088485847,1.5,0.5,0.1202813692830341,0.1502225980452436,0.1157698664383561,0.1762746175510511,243.8166387889065,3182642.1246842328,3182.642124684233,-0.0,644021.7674861598,2202.0689972845103,161892.73604539337,5.286437954055145e-12,3.637978807091713e-12,0.0,0.0,0.0,8.881784197001252e-16,0.0,101.47056820639948,177.55300484072126,0.0,highs-ds,Poland,Pulawy,Pulawy Grupa Azoty,Reforming,1,2024,114348.0,73.5184666080091,8760,flex_ml0p4_b24,True,0.4,1.5,0.6,24.0,high_investment_small_cavern,16,2.0,2,optimal,101.88930763455129,optimal,127.29895195643128,22602.311432938983,60.34102010464223,48.31430568079742,27.69826875515251,29.031602088485847,1.5,0.5,0.1202813692830341,0.1502225980452436,0.1157698664383561,0.1762746175510511,171.1780058288523,2234459.202113881,2234.459202113881,1764.4431985922513,644021.7674861598,302.3966772473876,22231.74001858497,5.400124791776762e-12,3.382183422218077e-12,5.3226312246579255e-11,5.4569682106375694e-11,0.0,3.552713678800501e-15,0.0,67.647045470933,135.294090941866,24.000000000000444,highs-ds,15.862634664456246,1.0,False,False,True,2,1,2,0
poland_pulawy,2018,Poland,Pulawy,Pulawy Grupa Azoty,Reforming,1,2024,114348.0,73.5184666080091,8760,rigid,False,1.0,1.5,0.6,0.0,high_investment_small_cavern,16,2.0,4,optimal,101.88930763455129,optimal,155.25471033584597,27565.94033580524,60.34102010464223,48.31430568079742,27.69826875515251,29.031602088485847,1.5,0.5,0.1202813692830341,0.1502225980452436,0.1300437351598173,0.1369139445614183,256.44464127833413,3347480.803755131,3347.480803755131,-0.0,644021.7674861598,1875.794595222884,137905.54231237757,5.7980287238024175e-12,3.637978807091713e-12,0.0,0.0,0.0,1.5543122344752196e-15,0.0,135.294090941866,177.55300484072126,0.0,highs-ds,Poland,Pulawy,Pulawy Grupa Azoty,Reforming,1,2024,114348.0,73.5184666080091,8760,flex_ml0p4_b24,True,0.4,1.5,0.6,24.0,high_investment_small_cavern,16,2.0,2,optimal,101.88930763455129,optimal,131.254710335846,23304.66821962793,60.34102010464223,48.31430568079742,27.69826875515251,29.031602088485847,1.5,0.5,0.1202813692830341,0.1502225980452436,0.1300437351598173,0.1369139445614183,192.0995242805748,2507556.6669446533,2507.556666944653,1764.4431985922795,644021.7674861598,891.6624726093521,65553.65771814549,3.2002844818634907e-10,9.688960744824726e-11,2.4332680315097827e-10,2.4374458007514477e-10,0.0,3.552713678800501e-15,0.0,67.647045470933,135.294090941866,24.000000000000828,highs-ds,15.458468183080134,2.0,False,False,True,2,2,2,0
poland_pulawy,2019,Poland,Pulawy,Pulawy Grupa Azoty,Reforming,1,2024,114348.0,73.5184666080091,8760,rigid,False,1.0,1.5,0.6,0.0,high_investment_small_cavern,16,2.0,3,optimal,101.88930763455129,optimal,88.24998275772087,15669.04961577518,60.34102010464223,48.31430568079742,27.69826875515251,29.031602088485847,1.5,0.5,0.1202813692830341,0.1502225980452436,0.1287399817351598,0.1688393618639586,215.7105243799748,2815761.0778312045,2815.7610778312046,-0.0,644021.7674861598,1394.35547232558,102510.87623186292,5.286437954055145e-12,3.637978807091713e-12,0.0,0.0,0.0,8.881784197001252e-16,0.0,101.47056820639948,177.55300484072126,0.0,highs-ds,Poland,Pulawy,Pulawy Grupa Azoty,Reforming,1,2024,114348.0,73.5184666080091,8760,flex_ml0p4_b24,True,0.4,1.5,0.6,24.0,high_investment_small_cavern,16,2.0,2,optimal,101.88930763455129,optimal,64.24998275772079,11407.777499597856,60.34102010464223,48.31430568079742,27.69826875515251,29.031602088485847,1.5,0.5,0.1202813692830341,0.1502225980452436,0.1287399817351598,0.1688393618639586,78.44517070385415,1023978.1255301728,1023.9781255301727,1764.4431985922256,644021.7674861598,202.94479359793235,14920.19003139889,5.5138116294983774e-12,9.094947017729282e-13,1.5906342909488558e-10,1.6007106751203534e-10,0.0,3.552713678800501e-15,2.273736754432321e-13,67.647045470933,135.294090941866,24.000000000000096,highs-ds,27.19547273554607,1.0,True,True,True,1,2,1,1
poland_pulawy,2020,Poland,Pulawy,Pulawy Grupa Azoty,Reforming,1,2024,114348.0,73.5184666080091,8784,rigid,False,1.0,1.5,0.6,0.0,high_investment_small_cavern,16,2.0,4,optimal,101.88930763455129,optimal,187.5552202250061,33300.992924513055,60.34102010464223,48.31430568079742,27.69826875515251,29.031602088485847,1.5,0.5,0.1202813692830341,0.1502225980452436,0.1241440152550091,0.1551936439563569,367.2415879329613,4793760.399196146,4793.760399196146,-0.0,645786.210684752,1381.8149065234002,101588.91306368982,5.172751116333529e-12,3.637978807091713e-12,0.0,0.0,0.0,3.552713678800501e-15,0.0,135.294090941866,177.55300484072126,0.0,highs-ds,Poland,Pulawy,Pulawy Grupa Azoty,Reforming,1,2024,114348.0,73.5184666080091,8784,flex_ml0p4_b24,True,0.4,1.5,0.6,24.0,high_investment_small_cavern,16,2.0,3,optimal,101.88930763455129,optimal,163.5552202250063,29039.720808335776,60.34102010464223,48.31430568079742,27.69826875515251,29.031602088485847,1.5,0.5,0.1202813692830341,0.1502225980452436,0.1241440152550091,0.1551936439563569,218.13802604785403,2847448.2879589056,2847.448287958905,1764.4431985921092,645786.210684752,489.7100870150281,36002.73467981957,5.400124791776762e-12,3.552713678800501e-12,2.1112933623612662e-10,2.1282176021486518e-10,0.0,3.552713678800501e-15,2.3376856006507296e-12,101.47056820639948,202.94113641279893,23.99999999999851,highs-ds,12.796231409185784,1.0,False,False,True,2,2,2,1
poland_pulawy,2021,Poland,Pulawy,Pulawy Grupa Azoty,Reforming,1,2024,114348.0,73.5184666080091,8760,rigid,False,1.0,1.5,0.6,0.0,high_investment_small_cavern,16,2.0,4,optimal,101.88930763455129,optimal,161.2450608470623,28629.545069120843,60.34102010464223,48.31430568079742,27.69826875515251,29.031602088485847,1.5,0.5,0.1202813692830341,0.1502225980452436,0.1232903961187214,0.1436254545935241,239.91129296800605,3131663.987249492,3131.663987249492,-0.0,644021.7674861598,922.040108290154,67786.97491257479,6.679101716144942e-12,3.623767952376511e-12,0.0,0.0,0.0,3.552713678800501e-15,1.882938249764265e-13,135.294090941866,177.55300484072126,0.0,highs-ds,Poland,Pulawy,Pulawy Grupa Azoty,Reforming,1,2024,114348.0,73.5184666080091,8760,flex_ml0p4_b24,True,0.4,1.5,0.6,24.0,high_investment_small_cavern,16,2.0,2,optimal,101.88930763455129,optimal,137.2450608470623,24368.27295294353,60.34102010464223,48.31430568079742,27.69826875515251,29.031602088485847,1.5,0.5,0.1202813692830341,0.1502225980452436,0.1232903961187214,0.1436254545935241,199.6761668767952,2606457.800231481,2606.457800231481,1764.4431985910985,644021.7674861598,620.2722568413121,45601.46520246245,7.8017592386459e-12,8.116174399219743e-11,1.7543666519515e-10,1.7826096154749388e-10,0.0,3.552713678800501e-15,8.867395706602109e-11,67.647045470933,135.294090941866,23.99999999998476,highs-ds,14.884176838609351,2.0,False,False,True,2,2,2,0
poland_pulawy,2022,Poland,Pulawy,Pulawy Grupa Azoty,Reforming,1,2024,114348.0,73.5184666080091,8760,rigid,False,1.0,1.5,0.6,0.0,high_investment_small_cavern,16,2.0,5,optimal,101.88930763455129,optimal,304.32716449408,54034.20251058036,60.34102010464223,48.31430568079742,27.69826875515251,29.031602088485847,1.5,0.5,0.1202813692830341,0.1502225980452436,0.12554675,0.1546160550527624,381.9978701054774,4986380.416760402,4986.380416760402,-0.0,644021.7674861598,1068.531718916821,78556.81349678489,6.59383658785373e-12,7.275957614183426e-12,0.0,0.0,0.0,3.552713678800501e-15,3.375077994860477e-13,169.11761367733249,177.55300484072126,0.0,highs-ds,Poland,Pulawy,Pulawy Grupa Azoty,Reforming,1,2024,114348.0,73.5184666080091,8760,flex_ml0p4_b24,True,0.4,1.5,0.6,24.0,high_investment_small_cavern,16,2.0,4,optimal,101.88930763455129,optimal,280.3271644940799,49772.93039440303,60.34102010464223,48.31430568079742,27.69826875515251,29.031602088485847,1.5,0.5,0.1202813692830341,0.1502225980452436,0.12554675,0.1546160550527624,320.7713403797103,4187164.52394282,4187.16452394282,1764.4431985923368,644021.7674861598,669.2753145599409,49204.094865039806,5.057643193140391e-10,1.049329512170516e-10,1.6862333751532788e-10,1.7098500393331048e-10,0.0,3.552713678800501e-15,0.0,135.294090941866,266.32950726108186,24.00000000000161,highs-ds,7.886249668148496,1.0,False,False,True,3,2,3,1
poland_pulawy,2023,Poland,Pulawy,Pulawy Grupa Azoty,Reforming,1,2024,114348.0,73.5184666080091,8760,rigid,False,1.0,1.5,0.6,0.0,high_investment_small_cavern,16,2.0,4,optimal,101.88930763455129,optimal,153.44097995589402,27243.907056873864,60.34102010464223,48.31430568079742,27.69826875515251,29.031602088485847,1.5,0.5,0.1202813692830341,0.1502225980452436,0.1187201883561644,0.1571498927485578,190.36853311406588,2484961.304169772,2484.961304169772,-0.0,644021.7674861598,1154.5204962183714,84878.57654949244,6.565414878423326e-12,3.353761712787673e-12,0.0,0.0,0.0,3.552713678800501e-15,0.0,135.294090941866,177.55300484072126,0.0,highs-ds,Poland,Pulawy,Pulawy Grupa Azoty,Reforming,1,2024,114348.0,73.5184666080091,8760,flex_ml0p4_b24,True,0.4,1.5,0.6,24.0,high_investment_small_cavern,16,2.0,2,optimal,101.88930763455129,optimal,129.4409799558939,22982.63494069653,60.34102010464223,48.31430568079742,27.69826875515251,29.031602088485847,1.5,0.5,0.1202813692830341,0.1502225980452436,0.1187201883561644,0.1571498927485578,136.86632232961134,1786574.2266833782,1786.574226683378,1764.4431985922563,644021.7674861598,223.1861867474964,16408.3062177647,5.144329406903125e-12,3.0127011996228248e-12,1.8380585942168184e-10,1.8371792975813148e-10,0.0,3.552713678800501e-15,0.0,67.647045470933,135.294090941866,24.000000000000515,highs-ds,15.641193119920647,2.0,False,False,True,2,2,2,0
poland_tarnow,2015,Poland,Tarnow,Tarnow Grupa Azoty,Reforming,1,2024,26961.0,17.334202419093764,8760,rigid,False,1.0,1.5,0.6,0.0,high_investment_small_cavern,16,2.0,1,optimal,432.136736374603,optimal,157.0087708486032,27877.37905051774,59.01976584991299,49.44352066946543,27.69826875515251,29.031602088485847,1.5,0.5,0.1229740650035493,0.1467917418470502,0.1270234805936073,0.1522589222565158,174.16668959271675,536039.7395101868,536.0397395101868,-0.0,151847.61319126136,716.6593742005863,12422.718657934023,6.59383658785373e-12,1.8118839761882559e-12,0.0,0.0,0.0,3.552713678800501e-15,5.861977570020829e-14,143.4535876916703,177.55300484072126,0.0,highs-ds,Poland,Tarnow,Tarnow Grupa Azoty,Reforming,1,2024,26961.0,17.334202419093764,8760,flex_ml0p4_b24,True,0.4,1.5,0.6,24.0,high_investment_small_cavern,16,2.0,1,optimal,432.136736374603,optimal,133.0087708486032,23616.106934340427,59.01976584991299,49.44352066946543,27.69826875515251,29.031602088485847,1.5,0.5,0.1229740650035493,0.1467917418470502,0.1270234805936073,0.1522589222565158,133.0087708486032,409366.3779508208,409.3663779508208,416.0208580582489,151847.61319126136,251.57829122972072,4360.9090244257,8.412825991399586e-12,9.272582701669307e-12,1.8313395244717867e-10,1.8371792975813148e-10,0.0,3.552713678800501e-15,1.0622613899613498e-12,143.4535876916703,266.32950726108186,23.99999999999992,highs-ds,15.285770260020803,0.0,True,True,True,1,0,1,0
poland_tarnow,2016,Poland,Tarnow,Tarnow Grupa Azoty,Reforming,1,2024,26961.0,17.334202419093764,8784,rigid,False,1.0,1.5,0.6,0.0,high_investment_small_cavern,16,2.0,1,optimal,432.136736374603,optimal,96.35712409064848,17108.496920104888,59.01976584991299,49.44352066946543,27.69826875515251,29.031602088485847,1.5,0.5,0.1229740650035493,0.1467917418470502,0.1199284096083788,0.1406685168986099,260.1250579485705,800597.2245834941,800.5972245834942,-0.0,152263.63404931963,1964.3542090837927,34050.51348305729,5.9401372709544376e-12,3.637978807091713e-12,0.0,0.0,0.0,3.552713678800501e-15,0.0,143.4535876916703,177.55300484072126,0.0,highs-ds,Poland,Tarnow,Tarnow Grupa Azoty,Reforming,1,2024,26961.0,17.334202419093764,8784,flex_ml0p4_b24,True,0.4,1.5,0.6,24.0,high_investment_small_cavern,16,2.0,1,optimal,432.136736374603,optimal,72.35712409064848,12847.224803927578,59.01976584991299,49.44352066946543,27.69826875515251,29.031602088485847,1.5,0.5,0.1229740650035493,0.1467917418470502,0.1199284096083788,0.1406685168986099,78.67699587382326,242147.31572535945,242.14731572535945,416.02085805825146,152263.63404931963,271.5580347517056,4707.241942917363,3.7118752516107634e-11,5.9117155615240335e-12,2.4446933366562007e-10,2.4556356947869057e-10,0.0,3.552713678800501e-15,0.0,143.4535876916703,266.32950726108186,24.000000000000064,highs-ds,24.907343620407218,0.0,True,True,True,1,0,1,0
poland_tarnow,2017,Poland,Tarnow,Tarnow Grupa Azoty,Reforming,1,2024,26961.0,17.334202419093764,8760,rigid,False,1.0,1.5,0.6,0.0,high_investment_small_cavern,16,2.0,1,optimal,432.136736374603,optimal,162.21307995212035,28801.41976996713,59.01976584991299,49.44352066946543,27.69826875515251,29.031602088485847,1.5,0.5,0.1229740650035493,0.1467917418470502,0.1217521940639269,0.1718553013990561,263.8493648993246,812059.6720377501,812.0596720377501,-0.0,151847.61319126136,565.8509177445707,9808.574347214362,6.0822458181064576e-12,3.609557097661309e-12,0.0,0.0,0.0,3.552713678800501e-15,0.0,143.4535876916703,177.55300484072126,0.0,highs-ds,Poland,Tarnow,Tarnow Grupa Azoty,Reforming,1,2024,26961.0,17.334202419093764,8760,flex_ml0p4_b24,True,0.4,1.5,0.6,24.0,high_investment_small_cavern,16,2.0,1,optimal,432.136736374603,optimal,138.21307995212015,24540.147653789783,59.01976584991299,49.44352066946543,27.69826875515251,29.031602088485847,1.5,0.5,0.1229740650035493,0.1467917418470502,0.1217521940639269,0.1718553013990561,176.22932508858327,542387.9947161294,542.3879947161294,416.02085805825743,151847.61319126136,427.6874829811978,7413.621402108802,4.220623850414995e-11,2.8279600883251987e-12,1.2244072422618046e-10,1.2369127944111824e-10,0.0,3.552713678800501e-15,0.0,143.4535876916703,266.32950726108186,24.00000000000041,highs-ds,14.79535436173468,0.0,True,True,True,1,0,1,0
poland_tarnow,2018,Poland,Tarnow,Tarnow Grupa Azoty,Reforming,1,2024,26961.0,17.334202419093764,8760,rigid,False,1.0,1.5,0.6,0.0,high_investment_small_cavern,16,2.0,1,optimal,432.136736374603,optimal,186.826621111774,33171.627962634404,59.01976584991299,49.44352066946543,27.69826875515251,29.031602088485847,1.5,0.5,0.1229740650035493,0.1467917418470502,0.1290662488584474,0.1422499947981176,246.0513687554273,757282.0722619949,757.2820722619949,-0.0,151847.61319126136,842.5694311019122,14605.269070861224,6.423306331271306e-12,3.637978807091713e-12,0.0,0.0,0.0,3.552713678800501e-15,0.0,143.4535876916707,177.55300484072126,0.0,highs-ds,Poland,Tarnow,Tarnow Grupa Azoty,Reforming,1,2024,26961.0,17.334202419093764,8760,flex_ml0p4_b24,True,0.4,1.5,0.6,24.0,high_investment_small_cavern,16,2.0,1,optimal,432.136736374603,optimal,162.826621111774,28910.35584645709,59.01976584991299,49.44352066946543,27.69826875515251,29.031602088485847,1.5,0.5,0.1229740650035493,0.1467917418470502,0.1290662488584474,0.1422499947981176,184.3274405007232,567311.8862260273,567.3118862260272,416.0208580582559,151847.61319126136,350.32156485700995,6072.544917005094,7.787548383930698e-12,4.206412995699793e-12,1.9814372365090089e-10,2.0008883439004416e-10,0.0,3.552713678800501e-15,0.0,143.4535876916703,266.32950726108186,24.00000000000032,highs-ds,12.846135019292225,0.0,True,True,True,1,0,1,0
poland_tarnow,2019,Poland,Tarnow,Tarnow Grupa Azoty,Reforming,1,2024,26961.0,17.334202419093764,8760,rigid,False,1.0,1.5,0.6,0.0,high_investment_small_cavern,16,2.0,1,optimal,432.136736374603,optimal,78.15522598804348,13876.69521818275,59.01976584991299,49.44352066946543,27.69826875515251,29.031602088485847,1.5,0.5,0.1229740650035493,0.1467917418470502,0.1284669006849315,0.1658881354628891,136.75860881891455,420907.403238214,420.9074032382141,-0.0,151847.61319126136,649.2604256093363,11254.411640219205,5.9401372709544376e-12,1.8189894035458565e-12,0.0,0.0,0.0,3.552713678800501e-15,4.423128530106624e-13,143.4535876916703,177.55300484072126,0.0,highs-ds,Poland,Tarnow,Tarnow Grupa Azoty,Reforming,1,2024,26961.0,17.334202419093764,8760,flex_ml0p4_b24,True,0.4,1.5,0.6,24.0,high_investment_small_cavern,16,2.0,1,optimal,432.136736374603,optimal,54.15522598804342,9615.423102005429,59.01976584991299,49.44352066946543,27.69826875515251,29.031602088485847,1.5,0.5,0.1229740650035493,0.1467917418470502,0.1284669006849315,0.1658881354628891,65.4314608650968,201381.00643651537,201.38100643651532,416.0208580582524,151847.61319126136,208.32227637786804,3611.10050714036,8.58335624798201e-12,3.609557097661309e-12,1.262261406509424e-10,1.2732925824820995e-10,0.0,3.552713678800501e-15,0.0,143.4535876916703,266.32950726108186,24.00000000000012,highs-ds,30.708119254458666,0.0,True,True,True,1,0,1,0
poland_tarnow,2020,Poland,Tarnow,Tarnow Grupa Azoty,Reforming,1,2024,26961.0,17.334202419093764,8784,rigid,False,1.0,1.5,0.6,0.0,high_investment_small_cavern,16,2.0,1,optimal,432.136736374603,optimal,170.02901756342447,30189.162978501787,59.01976584991299,49.44352066946543,27.69826875515251,29.031602088485847,1.5,0.5,0.1229740650035493,0.1467917418470502,0.1273072199453551,0.1492721580240087,427.6122210782754,1316079.1201474182,1316.0791201474185,-0.0,152263.63404931963,1634.6870199586417,28335.995695828264,5.9401372709544376e-12,7.275957614183426e-12,0.0,0.0,0.0,3.552713678800501e-15,0.0,143.4535876916703,177.55300484072126,0.0,highs-ds,Poland,Tarnow,Tarnow Grupa Azoty,Reforming,1,2024,26961.0,17.334202419093764,8784,flex_ml0p4_b24,True,0.4,1.5,0.6,24.0,high_investment_small_cavern,16,2.0,1,optimal,432.136736374603,optimal,146.02901756342445,25927.89086232447,59.01976584991299,49.44352066946543,27.69826875515251,29.031602088485847,1.5,0.5,0.1229740650035493,0.1467917418470502,0.1273072199453551,0.1492721580240087,187.7638274700156,577888.1909154213,577.8881909154213,416.0208580582587,152263.63404931963,587.5070430002058,10183.966006008792,3.1718627724330866e-11,1.3301360013429075e-11,1.7558421383512268e-10,1.7826096154749388e-10,0.0,3.552713678800501e-15,0.0,143.4535876916703,266.32950726108186,24.000000000000483,highs-ds,14.115237707026985,0.0,True,True,True,1,0,1,0
poland_tarnow,2021,Poland,Tarnow,Tarnow Grupa Azoty,Reforming,1,2024,26961.0,17.334202419093764,8760,rigid,False,1.0,1.5,0.6,0.0,high_investment_small_cavern,16,2.0,1,optimal,432.136736374603,optimal,156.70204246824775,27822.918504915702,59.01976584991299,49.44352066946543,27.69826875515251,29.031602088485847,1.5,0.5,0.1229740650035493,0.1467917418470502,0.1260293184931507,0.1476398775249718,180.45825086342413,555403.5275717783,555.4035275717782,-0.0,151847.61319126136,679.7354598126329,11782.672051827954,6.0538241086760536e-12,1.8189894035458565e-12,0.0,0.0,0.0,3.552713678800501e-15,0.0,143.4535876916703,177.55300484072126,0.0,highs-ds,Poland,Tarnow,Tarnow Grupa Azoty,Reforming,1,2024,26961.0,17.334202419093764,8760,flex_ml0p4_b24,True,0.4,1.5,0.6,24.0,high_investment_small_cavern,16,2.0,1,optimal,432.136736374603,optimal,132.70204246824792,23561.646388738423,59.01976584991299,49.44352066946543,27.69826875515251,29.031602088485847,1.5,0.5,0.1229740650035493,0.1467917418470502,0.1260293184931507,0.1476398775249718,134.2697626113475,413247.3823932123,413.24738239321226,416.0208580582488,151847.61319126136,236.3764544125297,4097.397307894479,7.617018127348274e-12,1.8047785488306545e-12,1.6667911495460428e-10,1.673470251262188e-10,0.0,3.552713678800501e-15,7.638334409421077e-13,143.4535876916703,266.32950726108186,23.99999999999991,highs-ds,15.315690607455167,0.0,True,True,True,1,0,1,0
poland_tarnow,2022,Poland,Tarnow,Tarnow Grupa Azoty,Reforming,1,2024,26961.0,17.334202419093764,8760,rigid,False,1.0,1.5,0.6,0.0,high_investment_small_cavern,16,2.0,1,optimal,432.136736374603,optimal,235.6270360845248,41836.28827852044,59.01976584991299,49.44352066946543,27.69826875515251,29.031602088485847,1.5,0.5,0.1229740650035493,0.1467917418470502,0.1292503173515981,0.1482016670400704,376.4875317356622,1158730.6327768478,1158.730632776848,-0.0,151847.61319126136,1361.7243300928235,23604.40517683385,5.7127635955112055e-12,7.02016222930979e-12,0.0,0.0,0.0,3.552713678800501e-15,0.0,143.4535876916703,177.55300484072126,0.0,highs-ds,Poland,Tarnow,Tarnow Grupa Azoty,Reforming,1,2024,26961.0,17.334202419093764,8760,flex_ml0p4_b24,True,0.4,1.5,0.6,24.0,high_investment_small_cavern,16,2.0,1,optimal,432.136736374603,optimal,211.6270360845247,37575.01616234311,59.01976584991299,49.44352066946543,27.69826875515251,29.031602088485847,1.5,0.5,0.1229740650035493,0.1467917418470502,0.1292503173515981,0.1482016670400704,237.4380445952741,730772.5023211399,730.7725023211399,416.0208580582491,151847.61319126136,461.768145365592,8004.382502456685,1.7422507880837657e-11,1.7180923350679222e-11,1.24790844324707e-10,1.255102688446641e-10,0.0,3.552713678800501e-15,3.137046178380843e-12,143.4535876916703,266.32950726108186,23.99999999999993,highs-ds,10.18558837678999,0.0,True,True,True,1,0,1,0
poland_tarnow,2023,Poland,Tarnow,Tarnow Grupa Azoty,Reforming,1,2024,26961.0,17.334202419093764,8760,rigid,False,1.0,1.5,0.6,0.0,high_investment_small_cavern,16,2.0,1,optimal,432.136736374603,optimal,141.03394343579956,25041.000441562526,59.01976584991299,49.44352066946543,27.69826875515251,29.031602088485847,1.5,0.5,0.1229740650035493,0.1467917418470502,0.1200181267123287,0.1592515807255469,184.24389096628053,567054.7425047818,567.0547425047818,-0.0,151847.61319126136,1125.2226694303697,19504.83751845906,6.423306331271306e-12,1.8189894035458565e-12,0.0,0.0,0.0,3.552713678800501e-15,7.460698725481053e-14,143.4535876916703,177.55300484072126,0.0,highs-ds,Poland,Tarnow,Tarnow Grupa Azoty,Reforming,1,2024,26961.0,17.334202419093764,8760,flex_ml0p4_b24,True,0.4,1.5,0.6,24.0,high_investment_small_cavern,16,2.0,1,optimal,432.136736374603,optimal,117.0339434357994,20779.728325385186,59.01976584991299,49.44352066946543,27.69826875515251,29.031602088485847,1.5,0.5,0.1229740650035493,0.1467917418470502,0.1200181267123287,0.1592515807255469,117.91519846207446,362912.2906091312,362.9122906091312,416.020858058251,151847.61319126136,258.73106932466385,4484.896727782304,6.866684998385608e-11,3.709033080667723e-12,1.7364021331900403e-10,1.7462298274040222e-10,0.0,3.552713678800501e-15,3.730349362740526e-13,143.4535876916703,266.32950726108186,24.00000000000004,highs-ds,17.017179988961495,0.0,True,True,True,1,0,1,0
poland_wloclawek,2015,Poland,Wloclawek,Wloclawek Anwil S.A. (Grupa Orlen),By-product | Reforming,2,2024,52849.0,33.978534314257125,8760,rigid,False,1.0,1.5,0.6,0.0,high_investment_small_cavern,16,2.0,2,optimal,220.45523187563947,optimal,134.52810427472352,23885.86914950304,60.397517323716805,38.06377967503051,27.69826875515251,29.031602088485847,1.5,0.5,0.120168855339215,0.1906773469184033,0.1265079611872146,0.2171563888670108,148.91715678517326,898415.8469109157,898.4158469109157,-0.0,297651.9605928924,551.4037864594737,18735.89247922453,6.30961949354969e-12,1.8189894035458565e-12,0.0,0.0,0.0,3.552713678800501e-15,0.0,146.36614421295096,177.55300484072126,0.0,highs-ds,Poland,Wloclawek,Wloclawek Anwil S.A. (Grupa Orlen),By-product | Reforming,2,2024,52849.0,33.978534314257125,8760,flex_ml0p4_b24,True,0.4,1.5,0.6,24.0,high_investment_small_cavern,16,2.0,1,optimal,220.45523187563947,optimal,110.52810427472346,19624.59703332572,60.397517323716805,38.06377967503051,27.69826875515251,29.031602088485847,1.5,0.5,0.120168855339215,0.1906773469184033,0.1265079611872146,0.2171563888670108,111.92308066970712,675230.9235517526,675.2309235517525,815.4848235421713,297651.9605928924,385.26134465781104,13090.615819412273,5.343281372915953e-12,5.4143356464919634e-12,2.0872192862952943e-14,0.0,0.0,3.552713678800501e-15,0.0,73.18307210647548,146.36614421295096,24.000000000000007,highs-ds,17.840138407799905,1.0,True,True,True,1,1,1,0
poland_wloclawek,2016,Poland,Wloclawek,Wloclawek Anwil S.A. (Grupa Orlen),By-product | Reforming,2,2024,52849.0,33.978534314257125,8784,rigid,False,1.0,1.5,0.6,0.0,high_investment_small_cavern,16,2.0,2,optimal,220.45523187563947,optimal,124.71929886197248,22144.28627457116,60.397517323716805,38.06377967503051,27.69826875515251,29.031602088485847,1.5,0.5,0.120168855339215,0.1906773469184033,0.1193991575591985,0.1781364984735219,167.22897793452117,1008890.8966736884,1008.8908966736884,-0.0,298467.4454164346,1185.7302750450708,40289.37683807248,5.343281372915953e-12,1.8189894035458565e-12,0.0,0.0,0.0,3.552713678800501e-15,8.526512829121202e-14,146.36614421295096,177.55300484072126,0.0,highs-ds,Poland,Wloclawek,Wloclawek Anwil S.A. (Grupa Orlen),By-product | Reforming,2,2024,52849.0,33.978534314257125,8784,flex_ml0p4_b24,True,0.4,1.5,0.6,24.0,high_investment_small_cavern,16,2.0,1,optimal,220.45523187563947,optimal,100.71929886197262,17883.014158393875,60.397517323716805,38.06377967503051,27.69826875515251,29.031602088485847,1.5,0.5,0.120168855339215,0.1906773469184033,0.1193991575591985,0.1781364984735219,117.77379515531136,710528.2306122204,710.5282306122203,815.4848235414725,298467.4454164346,919.5661702773932,31245.51067100041,2.4726887204451486e-11,3.2727598409110215e-11,1.5099033134902132e-14,0.0,0.0,3.552713678800501e-15,2.108816232748722e-09,73.18307210647548,146.36614421295096,23.99999999997944,highs-ds,19.24321273370915,1.0,True,True,True,1,1,1,0
poland_wloclawek,2017,Poland,Wloclawek,Wloclawek Anwil S.A. (Grupa Orlen),By-product | Reforming,2,2024,52849.0,33.978534314257125,8760,rigid,False,1.0,1.5,0.6,0.0,high_investment_small_cavern,16,2.0,2,optimal,220.45523187563947,optimal,213.54382924560363,37915.348547750815,60.397517323716805,38.06377967503051,27.69826875515251,29.031602088485847,1.5,0.5,0.120168855339215,0.1906773469184033,0.1102488173515981,0.2214796628696791,280.2631138579053,1690824.8064242513,1690.8248064242514,-0.0,297651.9605928924,546.1829817971504,18558.49718885775,6.224354365258478e-12,3.6219915955371123e-12,0.0,0.0,0.0,1.4432899320127037e-15,1.6697754290362354e-13,146.36614421295096,177.55300484072126,0.0,highs-ds,Poland,Wloclawek,Wloclawek Anwil S.A. (Grupa Orlen),By-product | Reforming,2,2024,52849.0,33.978534314257125,8760,flex_ml0p4_b24,True,0.4,1.5,0.6,24.0,high_investment_small_cavern,16,2.0,2,optimal,220.45523187563947,optimal,189.5438292456036,33654.0764315735,60.397517323716805,38.06377967503051,27.69826875515251,29.031602088485847,1.5,0.5,0.120168855339215,0.1906773469184033,0.1102488173515981,0.2214796628696791,210.43662744909628,1269562.2516047135,1269.5622516047135,815.4848235421682,297651.9605928924,374.793222729824,12734.92437927634,8.01492205937393e-12,3.538502824085299e-12,5.2408966055850215e-11,5.275069270282984e-11,4.440892098500626e-16,3.552713678800501e-15,4.440892098500626e-13,146.36614421295096,266.32950726108186,23.99999999999992,highs-ds,11.238910571560865,0.0,True,True,True,1,1,1,1
poland_wloclawek,2018,Poland,Wloclawek,Wloclawek Anwil S.A. (Grupa Orlen),By-product | Reforming,2,2024,52849.0,33.978534314257125,8760,rigid,False,1.0,1.5,0.6,0.0,high_investment_small_cavern,16,2.0,2,optimal,220.45523187563947,optimal,124.52577079543904,22109.92478483713,60.397517323716805,38.06377967503051,27.69826875515251,29.031602088485847,1.5,0.5,0.120168855339215,0.1906773469184033,0.1301396289954338,0.1786046759696149,181.1049249119788,1092604.358067713,1092.604358067713,-0.0,297651.9605928924,868.718040956396,29517.765764051128,6.849631972727366e-12,1.8189894035458565e-12,0.0,0.0,0.0,1.6653345369377348e-15,0.0,146.36614421295096,177.55300484072126,0.0,highs-ds,Poland,Wloclawek,Wloclawek Anwil S.A. (Grupa Orlen),By-product | Reforming,2,2024,52849.0,33.978534314257125,8760,flex_ml0p4_b24,True,0.4,1.5,0.6,24.0,high_investment_small_cavern,16,2.0,1,optimal,220.45523187563947,optimal,100.5257707954391,17848.652668659834,60.397517323716805,38.06377967503051,27.69826875515251,29.031602088485847,1.5,0.5,0.120168855339215,0.1906773469184033,0.1301396289954338,0.1786046759696149,143.1137471349066,863403.9294900317,863.4039294900317,815.4848235421716,297651.9605928924,557.9690319212302,18958.96989742835,5.343281372915953e-12,4.3513637137948535e-11,1.7705792387801012e-10,1.7826096154749388e-10,0.0,3.552713678800501e-15,0.0,73.18307210647548,146.36614421295096,24.000000000000018,highs-ds,19.273119007169385,1.0,True,True,True,1,1,1,0
poland_wloclawek,2019,Poland,Wloclawek,Wloclawek Anwil S.A. (Grupa Orlen),By-product | Reforming,2,2024,52849.0,33.978534314257125,8760,rigid,False,1.0,1.5,0.6,0.0,high_investment_small_cavern,16,2.0,2,optimal,220.45523187563947,optimal,106.98692777191084,18995.85050457998,60.397517323716805,38.06377967503051,27.69826875515251,29.031602088485847,1.5,0.5,0.120168855339215,0.1906773469184033,0.1260777477168949,0.2149713670807395,116.86605602279056,705051.8487155775,705.0518487155775,-0.0,297651.9605928924,289.8166390990881,9847.544616471036,6.622258297284134e-12,1.7905676941154525e-12,0.0,0.0,0.0,3.552713678800501e-15,0.0,146.36614421295096,177.55300484072126,0.0,highs-ds,Poland,Wloclawek,Wloclawek Anwil S.A. (Grupa Orlen),By-product | Reforming,2,2024,52849.0,33.978534314257125,8760,flex_ml0p4_b24,True,0.4,1.5,0.6,24.0,high_investment_small_cavern,16,2.0,1,optimal,220.45523187563947,optimal,82.98692777191071,14734.57838840265,60.397517323716805,38.06377967503051,27.69826875515251,29.031602088485847,1.5,0.5,0.120168855339215,0.1906773469184033,0.1260777477168949,0.2149713670807395,91.55924015891183,552376.0597212707,552.3760597212707,815.4848235421787,297651.9605928924,202.42378514443192,6878.063529551891,3.6465053199208335e-11,2.321698389096128e-11,2.1760371282653068e-14,0.0,0.0,3.552713678800501e-15,0.0,73.18307210647548,146.36614421295096,24.000000000000227,highs-ds,22.432647146543513,1.0,True,True,True,1,1,1,0
poland_wloclawek,2020,Poland,Wloclawek,Wloclawek Anwil S.A. (Grupa Orlen),By-product | Reforming,2,2024,52849.0,33.978534314257125,8784,rigid,False,1.0,1.5,0.6,0.0,high_investment_small_cavern,16,2.0,2,optimal,220.45523187563947,optimal,161.63824200261385,28699.35556473577,60.397517323716805,38.06377967503051,27.69826875515251,29.031602088485847,1.5,0.5,0.120168855339215,0.1906773469184033,0.1210956967213114,0.2060901361573177,231.98742809181897,1399578.0350712943,1399.5780350712946,-0.0,298467.4454164346,1118.0741607376544,37990.52123650863,6.16751094639767e-12,3.637978807091713e-12,0.0,0.0,0.0,3.552713678800501e-15,0.0,146.36614421295096,177.55300484072126,0.0,highs-ds,Poland,Wloclawek,Wloclawek Anwil S.A. (Grupa Orlen),By-product | Reforming,2,2024,52849.0,33.978534314257125,8784,flex_ml0p4_b24,True,0.4,1.5,0.6,24.0,high_investment_small_cavern,16,2.0,1,optimal,220.45523187563947,optimal,137.63824200261408,24438.0834485585,60.397517323716805,38.06377967503051,27.69826875515251,29.031602088485847,1.5,0.5,0.120168855339215,0.1906773469184033,0.1210956967213114,0.2060901361573177,178.53495831696287,1077099.7730699966,1077.099773069997,815.4848235421858,298467.4454164346,660.697272123233,22449.52493217535,5.3944404498906806e-11,1.5944578990456648e-11,1.3794942965716928e-10,1.382431946694851e-10,0.0,3.552713678800501e-15,0.0,73.18307210647548,146.36614421295096,24.00000000000044,highs-ds,14.847971434638387,1.0,True,True,True,1,1,1,0
poland_wloclawek,2021,Poland,Wloclawek,Wloclawek Anwil S.A. (Grupa Orlen),By-product | Reforming,2,2024,52849.0,33.978534314257125,8760,rigid,False,1.0,1.5,0.6,0.0,high_investment_small_cavern,16,2.0,2,optimal,220.45523187563947,optimal,133.75724442778528,23749.00066736809,60.397517323716805,38.06377967503051,27.69826875515251,29.031602088485847,1.5,0.5,0.120168855339215,0.1906773469184033,0.1215013447488584,0.182700472337317,254.64559978906183,1536274.5779968183,1536.2745779968184,-0.0,297651.9605928924,937.2307252771876,31845.726359207016,6.764366844436154e-12,3.609557097661309e-12,0.0,0.0,0.0,3.552713678800501e-15,0.0,146.36614421295096,177.55300484072126,0.0,highs-ds,Poland,Wloclawek,Wloclawek Anwil S.A. (Grupa Orlen),By-product | Reforming,2,2024,52849.0,33.978534314257125,8760,flex_ml0p4_b24,True,0.4,1.5,0.6,24.0,high_investment_small_cavern,16,2.0,1,optimal,220.45523187563947,optimal,109.75724442778532,19487.7285511908,60.397517323716805,38.06377967503051,27.69826875515251,29.031602088485847,1.5,0.5,0.120168855339215,0.1906773469184033,0.1215013447488584,0.182700472337317,216.46812037820368,1305950.1933638912,1305.9501933638912,815.4848235435721,297651.9605928924,688.3762269349559,23390.01524802825,1.6768808563938364e-11,7.892708708823193e-11,1.8084156394593262e-10,1.818989403545856e-10,0.0,3.552713678800501e-15,0.0,73.18307210647548,146.36614421295096,24.00000000004124,highs-ds,17.942953372486237,1.0,True,True,True,1,1,1,0
poland_wloclawek,2022,Poland,Wloclawek,Wloclawek Anwil S.A. (Grupa Orlen),By-product | Reforming,2,2024,52849.0,33.978534314257125,8760,rigid,False,1.0,1.5,0.6,0.0,high_investment_small_cavern,16,2.0,3,optimal,220.45523187563947,optimal,332.8458378707708,59097.77866268289,60.397517323716805,38.06377967503051,27.69826875515251,29.031602088485847,1.5,0.5,0.120168855339215,0.1906773469184033,0.1261073698630136,0.1908524762853035,383.8854401847215,2315977.3548313184,2315.9773548313183,-0.0,297651.9605928924,868.6216538043134,29514.49066989664,7.133849067031406e-12,7.23332505003782e-12,0.0,0.0,0.0,1.7763568394002505e-15,0.0,219.5492163194264,397.1022211601477,0.0,highs-ds,Poland,Wloclawek,Wloclawek Anwil S.A. (Grupa Orlen),By-product | Reforming,2,2024,52849.0,33.978534314257125,8760,flex_ml0p4_b24,True,0.4,1.5,0.6,24.0,high_investment_small_cavern,16,2.0,2,optimal,220.45523187563947,optimal,308.8458378707699,54836.50654650542,60.397517323716805,38.06377967503051,27.69826875515251,29.031602088485847,1.5,0.5,0.120168855339215,0.1906773469184033,0.1261073698630136,0.1908524762853035,351.60610814787225,2121236.439441427,2121.236439441427,815.484823542166,297651.9605928924,725.5596980260997,24653.455096421865,3.1008084988570767e-10,3.510081114654895e-11,1.2839551644105995e-10,1.2914824765175578e-10,0.0,3.552713678800501e-15,0.0,146.36614421295096,266.32950726108186,23.99999999999985,highs-ds,7.21054532438499,1.0,False,False,True,2,1,2,0
poland_wloclawek,2023,Poland,Wloclawek,Wloclawek Anwil S.A. (Grupa Orlen),By-product | Reforming,2,2024,52849.0,33.978534314257125,8760,rigid,False,1.0,1.5,0.6,0.0,high_investment_small_cavern,16,2.0,2,optimal,220.45523187563947,optimal,157.47343457269687,27959.88149097105,60.397517323716805,38.06377967503051,27.69826875515251,29.031602088485847,1.5,0.5,0.120168855339215,0.1906773469184033,0.1176085993150685,0.1971150089161895,215.82563812481388,1302074.1037966085,1302.0741037966084,-0.0,297651.9605928924,778.7899852620135,26462.142237825126,6.338041202980094e-12,3.637978807091713e-12,0.0,0.0,0.0,3.552713678800501e-15,6.927791673660978e-14,146.36614421295096,177.55300484072126,0.0,highs-ds,Poland,Wloclawek,Wloclawek Anwil S.A. (Grupa Orlen),By-product | Reforming,2,2024,52849.0,33.978534314257125,8760,flex_ml0p4_b24,True,0.4,1.5,0.6,24.0,high_investment_small_cavern,16,2.0,1,optimal,220.45523187563947,optimal,133.47343457269685,23698.60937479373,60.397517323716805,38.06377967503051,27.69826875515251,29.031602088485847,1.5,0.5,0.120168855339215,0.1906773469184033,0.1176085993150685,0.1971150089161895,182.2378024703022,1099438.9980311643,1099.4389980311646,815.4848235421762,297651.9605928924,414.5579054659526,14086.070016121432,1.2204282029415478e-10,5.636024980049114e-11,1.84824155979868e-10,1.8553691916167736e-10,0.0,3.552713678800501e-15,0.0,73.18307210647548,146.36614421295096,24.00000000000016,highs-ds,15.240665871754096,1.0,True,True,True,1,1,1,0
spain_huelva,2015,Spain,Huelva,Huelva Fertiberia,Reforming,1,2024,47390.0,30.468745693440656,8760,rigid,False,1.0,1.5,0.6,0.0,high_investment_small_cavern,16,2.0,2,optimal,245.8501487528101,optimal,55.653902064175696,9881.517542605614,37.87705231779908,58.81027645985802,27.69826875515251,29.031602088485847,1.5,0.5,0.1916173534631376,0.1234121136477817,0.1947667785388127,0.1121014601216313,197.70652268876967,1069556.1769658446,1069.5561769658443,-0.0,266906.21227454016,1094.503034647195,33348.13462336444,6.679101716144942e-12,3.637978807091713e-12,0.0,0.0,0.0,3.552713678800501e-15,0.0,163.226510983546,177.55300484072126,0.0,highs-ds,Spain,Huelva,Huelva Fertiberia,Reforming,1,2024,47390.0,30.468745693440656,8760,flex_ml0p4_b24,True,0.4,1.5,0.6,24.0,high_investment_small_cavern,16,2.0,1,optimal,245.8501487528101,optimal,31.65390206417577,5620.245426428318,37.87705231779908,58.81027645985802,27.69826875515251,29.031602088485847,1.5,0.5,0.1916173534631376,0.1234121136477817,0.1947667785388127,0.1121014601216313,152.75703778959473,826387.6736128875,826.3876736128875,731.2498966407785,266906.21227454016,763.6431138637555,23267.247836861912,9.663381206337364e-11,6.379491379604474e-11,1.8454349159924277e-10,1.8553691916167736e-10,0.0,3.552713678800501e-15,0.0,81.613255491773,163.226510983546,23.99999999994101,highs-ds,43.12366089322006,1.0,True,True,True,1,1,1,0
spain_huelva,2016,Spain,Huelva,Huelva Fertiberia,Reforming,1,2024,47390.0,30.468745693440656,8784,rigid,False,1.0,1.5,0.6,0.0,high_investment_small_cavern,16,2.0,2,optimal,245.8501487528101,optimal,71.04480154360013,12614.217992378915,37.87705231779908,58.81027645985802,27.69826875515251,29.031602088485847,1.5,0.5,0.1916173534631376,0.1234121136477817,0.1907727811930783,0.1261049185112502,89.1613918716581,482346.8448399403,482.34684483994033,-0.0,267637.46217118273,436.288186354587,13293.153799090358,6.821210263296962e-12,9.094947017729282e-13,0.0,0.0,0.0,3.552713678800501e-15,0.0,163.226510983546,177.55300484072126,0.0,highs-ds,Spain,Huelva,Huelva Fertiberia,Reforming,1,2024,47390.0,30.468745693440656,8784,flex_ml0p4_b24,True,0.4,1.5,0.6,24.0,high_investment_small_cavern,16,2.0,1,optimal,245.8501487528101,optimal,47.04480154360012,8352.945876201602,37.87705231779908,58.81027645985802,27.69826875515251,29.031602088485847,1.5,0.5,0.1916173534631376,0.1234121136477817,0.1907727811930783,0.1261049185112502,63.749342310877765,344872.2981863581,344.87229818635814,731.2498966425763,267637.46217118273,278.25794234108184,8478.170482370495,5.343281372915953e-12,8.952838470577262e-13,1.5971179934126667e-10,1.6007106751203534e-10,0.0,3.552713678800501e-15,1.0302869668521453e-13,81.613255491773,163.226510983546,24.000000000000018,highs-ds,33.78150051594026,1.0,True,True,True,1,1,1,0
spain_huelva,2017,Spain,Huelva,Huelva Fertiberia,Reforming,1,2024,47390.0,30.468745693440656,8760,rigid,False,1.0,1.5,0.6,0.0,high_investment_small_cavern,16,2.0,2,optimal,245.8501487528101,optimal,48.966897699057526,8694.219824195863,37.87705231779908,58.81027645985802,27.69826875515251,29.031602088485847,1.5,0.5,0.1916173534631376,0.1234121136477817,0.2011980148401826,0.1170366751728099,130.8086093201237,707650.6844384319,707.6506844384319,-0.0,266906.21227454016,595.7344234433032,18151.28064872249,6.87805368215777e-12,1.7763568394002505e-12,0.0,0.0,0.0,3.552713678800501e-15,3.907985046680551e-14,163.226510983546,177.55300484072126,0.0,highs-ds,Spain,Huelva,Huelva Fertiberia,Reforming,1,2024,47390.0,30.468745693440656,8760,flex_ml0p4_b24,True,0.4,1.5,0.6,24.0,high_investment_small_cavern,16,2.0,1,optimal,245.8501487528101,optimal,24.96689769905769,4432.947708018582,37.87705231779908,58.81027645985802,27.69826875515251,29.031602088485847,1.5,0.5,0.1916173534631376,0.1234121136477817,0.2011980148401826,0.1170366751728099,97.41497944136222,526997.2460874607,526.9972460874607,731.2498966425876,266906.21227454016,405.2994181473524,12348.964901231147,5.172751116333529e-12,1.7337242752546445e-12,1.5898526939395194e-10,1.6007106751203534e-10,0.0,3.552713678800501e-15,0.0,81.613255491773,163.226510983546,24.000000000000387,highs-ds,49.012702719089695,1.0,True,True,True,1,1,1,0
spain_huelva,2018,Spain,Huelva,Huelva Fertiberia,Reforming,1,2024,47390.0,30.468745693440656,8760,rigid,False,1.0,1.5,0.6,0.0,high_investment_small_cavern,16,2.0,2,optimal,245.8501487528101,optimal,49.368031465441376,8765.442329760392,37.87705231779908,58.81027645985802,27.69826875515251,29.031602088485847,1.5,0.5,0.1916173534631376,0.1234121136477817,0.1915636289954338,0.124776051058805,212.1318843219522,1147594.7486321137,1147.5947486321136,-0.0,266906.21227454016,1114.475997852566,33956.68576001335,6.73594513500575e-12,3.637978807091713e-12,0.0,0.0,0.0,3.552713678800501e-15,0.0,163.226510983546,177.55300484072126,0.0,highs-ds,Spain,Huelva,Huelva Fertiberia,Reforming,1,2024,47390.0,30.468745693440656,8760,flex_ml0p4_b24,True,0.4,1.5,0.6,24.0,high_investment_small_cavern,16,2.0,1,optimal,245.8501487528101,optimal,25.36803146544143,4504.170213583091,37.87705231779908,58.81027645985802,27.69826875515251,29.031602088485847,1.5,0.5,0.1916173534631376,0.1234121136477817,0.1915636289954338,0.124776051058805,173.31882441791407,937623.1836946288,937.6231836946288,731.2498966425342,266906.21227454016,695.5346420834569,21192.068130619115,6.963318810448982e-12,2.3035795493342448e-11,1.4485790345020175e-10,1.4551915228366852e-10,0.0,3.552713678800501e-15,0.0,81.613255491773,163.226510983546,23.99999999999864,highs-ds,48.614456132002005,1.0,True,True,True,1,1,1,0
spain_huelva,2019,Spain,Huelva,Huelva Fertiberia,Reforming,1,2024,47390.0,30.468745693440656,8760,rigid,False,1.0,1.5,0.6,0.0,high_investment_small_cavern,16,2.0,2,optimal,245.8501487528101,optimal,41.236621179908106,7321.685999971212,37.87705231779908,58.81027645985802,27.69826875515251,29.031602088485847,1.5,0.5,0.1916173534631376,0.1234121136477817,0.1998143687214612,0.1282476003714575,88.35252643633389,477971.0305728154,477.9710305728154,-0.0,266906.21227454016,482.4438158395384,14699.457936188011,6.934897101018578e-12,9.094947017729282e-13,0.0,0.0,0.0,3.552713678800501e-15,3.730349362740527e-14,163.226510983546,177.55300484072126,0.0,highs-ds,Spain,Huelva,Huelva Fertiberia,Reforming,1,2024,47390.0,30.468745693440656,8760,flex_ml0p4_b24,True,0.4,1.5,0.6,24.0,high_investment_small_cavern,16,2.0,1,optimal,245.8501487528101,optimal,17.236621179908095,3060.413883793901,37.87705231779908,58.81027645985802,27.69826875515251,29.031602088485847,1.5,0.5,0.1916173534631376,0.1234121136477817,0.1998143687214612,0.1282476003714575,58.43180392881828,316105.3867793035,316.1053867793035,731.2498966402187,266906.21227454016,324.4202573061151,9884.678317660604,5.172751116333529e-12,1.815436689867056e-12,9.712897153235643e-11,9.822542779147624e-11,0.0,3.552713678800501e-15,1.348997358263659e-09,81.613255491773,163.226510983546,23.99999999992264,highs-ds,58.200694706029,1.0,True,True,True,1,1,1,0
spain_huelva,2020,Spain,Huelva,Huelva Fertiberia,Reforming,1,2024,47390.0,30.468745693440656,8784,rigid,False,1.0,1.5,0.6,0.0,high_investment_small_cavern,16,2.0,2,optimal,245.8501487528101,optimal,88.11574544165589,15645.215376946093,37.87705231779908,58.81027645985802,27.69826875515251,29.031602088485847,1.5,0.5,0.1916173534631376,0.1234121136477817,0.1904070047814207,0.1046372093953358,197.00099328785672,1065739.3917707228,1065.7393917707227,-0.0,267637.46217118273,1106.566579452891,33715.69570221063,5.8832938520936295e-12,3.609557097661309e-12,0.0,0.0,0.0,1.7763568394002505e-15,0.0,163.226510983546,177.55300484072126,0.0,highs-ds,Spain,Huelva,Huelva Fertiberia,Reforming,1,2024,47390.0,30.468745693440656,8784,flex_ml0p4_b24,True,0.4,1.5,0.6,24.0,high_investment_small_cavern,16,2.0,1,optimal,245.8501487528101,optimal,64.11574544165579,11383.94326076876,37.87705231779908,58.81027645985802,27.69826875515251,29.031602088485847,1.5,0.5,0.1916173534631376,0.1234121136477817,0.1904070047814207,0.1046372093953358,159.2880136500202,861719.060145486,861.7190601454861,731.2498966415621,267637.46217118273,841.9725479057562,25653.847442998765,9.038103598868474e-12,8.490985692333197e-11,3.730349362740527e-14,0.0,0.0,3.552713678800501e-15,2.468748760975359e-09,81.613255491773,163.226510983546,23.99999999996673,highs-ds,27.236902870998495,1.0,True,True,True,1,1,1,0
spain_huelva,2021,Spain,Huelva,Huelva Fertiberia,Reforming,1,2024,47390.0,30.468745693440656,8760,rigid,False,1.0,1.5,0.6,0.0,high_investment_small_cavern,16,2.0,2,optimal,245.8501487528101,optimal,34.25220545617929,6081.582001166381,37.87705231779908,58.81027645985802,27.69826875515251,29.031602088485847,1.5,0.5,0.1916173534631376,0.1234121136477817,0.1942706278538812,0.1191325969064665,57.948655704062695,313491.6431296269,313.4916431296269,-0.0,266906.21227454016,472.6923070650224,14402.341695209929,6.423306331271306e-12,9.094947017729282e-13,0.0,0.0,0.0,3.552713678800501e-15,0.0,163.226510983546,177.55300484072126,0.0,highs-ds,Spain,Huelva,Huelva Fertiberia,Reforming,1,2024,47390.0,30.468745693440656,8760,flex_ml0p4_b24,True,0.4,1.5,0.6,24.0,high_investment_small_cavern,16,2.0,1,optimal,245.8501487528101,optimal,10.295537521358916,1828.003623367667,37.87705231779908,58.81027645985802,27.69826875515251,29.031602088485847,1.5,0.5,0.1916173534631376,0.1234121136477817,0.1942706278538812,0.1191325969064665,29.0967180426765,157407.93014183096,157.40793014183097,731.2498966425774,266906.21227454016,296.48325510424945,9033.472902134868,5.5138116294983774e-12,2.0605739337042905e-12,2.3203661214665772e-14,0.0,0.0,3.552713678800501e-15,0.0,81.613255491773,163.226510983546,24.000000000000053,highs-ds,69.94197195701587,1.0,True,True,True,1,1,1,0
spain_huelva,2022,Spain,Huelva,Huelva Fertiberia,Reforming,1,2024,47390.0,30.468745693440656,8760,rigid,False,1.0,1.5,0.6,0.0,high_investment_small_cavern,16,2.0,2,optimal,245.8501487528101,optimal,55.533129339205104,9860.073982384283,37.87705231779908,58.81027645985802,27.69826875515251,29.031602088485847,1.5,0.5,0.1916173534631376,0.1234121136477817,0.1929326963470319,0.1085293436473039,184.6670391105013,999014.9524482484,999.0149524482486,-0.0,266906.21227454016,752.8356955679185,22937.959357203417,6.565414878423326e-12,1.8189894035458565e-12,0.0,0.0,0.0,3.552713678800501e-15,0.0,163.226510983546,177.55300484072126,0.0,highs-ds,Spain,Huelva,Huelva Fertiberia,Reforming,1,2024,47390.0,30.468745693440656,8760,flex_ml0p4_b24,True,0.4,1.5,0.6,24.0,high_investment_small_cavern,16,2.0,1,optimal,245.8501487528101,optimal,31.533129339205065,5598.801866206966,37.87705231779908,58.81027645985802,27.69826875515251,29.031602088485847,1.5,0.5,0.1916173534631376,0.1234121136477817,0.1929326963470319,0.1085293436473039,151.22697403384856,818110.3081580005,818.1103081580005,731.249896642561,266906.21227454016,495.7215808070964,15104.014780361813,5.1727511163335285e-12,1.5362822125553066e-10,2.2762014495469877e-10,2.2919266484677792e-10,0.0,3.552713678800501e-15,6.679101716144945e-13,81.613255491773,163.226510983546,23.99999999999952,highs-ds,43.217445668160096,1.0,True,True,True,1,1,1,0
spain_huelva,2023,Spain,Huelva,Huelva Fertiberia,Reforming,1,2024,47390.0,30.468745693440656,8760,rigid,False,1.0,1.5,0.6,0.0,high_investment_small_cavern,16,2.0,2,optimal,245.8501487528101,optimal,63.66929929126338,11304.675405267017,37.87705231779908,58.81027645985802,27.69826875515251,29.031602088485847,1.5,0.5,0.1916173534631376,0.1234121136477817,0.1974469965753424,0.1050670681304175,205.15607804214125,1109856.910778205,1109.8569107782046,-0.0,266906.21227454016,1274.3978650263157,38829.30446175052,6.59383658785373e-12,3.637978807091713e-12,0.0,0.0,0.0,1.6653345369377348e-15,0.0,163.226510983546,177.55300484072126,0.0,highs-ds,Spain,Huelva,Huelva Fertiberia,Reforming,1,2024,47390.0,30.468745693440656,8760,flex_ml0p4_b24,True,0.4,1.5,0.6,24.0,high_investment_small_cavern,16,2.0,1,optimal,245.8501487528101,optimal,39.66929929137835,7043.403289110121,37.87705231779908,58.81027645985802,27.69826875515251,29.031602088485847,1.5,0.5,0.1916173534631376,0.1234121136477817,0.1974469965753424,0.1050670681304175,155.11097449510103,839122.0412468994,839.1220412468994,731.2498966414165,266906.21227454016,949.8413669265232,28940.47505799429,5.172751116333529e-12,1.8189894035458565e-12,2.010174249278407e-10,2.0190782379359007e-10,0.0,3.552713678800501e-15,2.1858603815871902e-10,81.613255491773,163.226510983546,23.99999999996196,highs-ds,37.694776394654426,1.0,True,True,True,1,1,1,0
spain_puertollano,2015,Spain,Puertollano,Puertollano Fertiberia,Reforming,1,2024,23695.0,15.234372846720328,8760,rigid,False,1.0,1.5,0.6,0.0,high_investment_small_cavern,16,2.0,2,optimal,491.7002975056202,optimal,177.23907855369228,31469.3309724087,39.14845385625457,90.16335982257318,27.69826875515251,29.031602088485847,1.5,0.5,0.1853943082598113,0.080497227880636,0.1949639634703196,0.0686257665762015,188.98965689181924,511199.7625629745,511.1997625629745,-0.0,133453.10613727008,937.3539453366936,14279.999492603496,7.503331289626658e-12,3.623767952376511e-12,0.0,0.0,0.0,1.7763568394002505e-15,2.238209617644316e-13,326.453021967092,504.00602680781327,0.0,highs-ds,Spain,Puertollano,Puertollano Fertiberia,Reforming,1,2024,23695.0,15.234372846720328,8760,flex_ml0p4_b24,True,0.4,1.5,0.6,24.0,high_investment_small_cavern,16,2.0,1,optimal,491.7002975056202,optimal,153.23907855382657,27208.05885625524,39.14845385625457,90.16335982257318,27.69826875515251,29.031602088485847,1.5,0.5,0.1853943082598113,0.080497227880636,0.1949639634703196,0.0686257665762015,227.7182803125759,615957.1520555349,615.9571520555348,365.62494831894577,133453.10613727008,792.0265295689659,12066.02745594759,8.697043085703626e-12,3.637978807091713e-12,2.9823032932085875e-10,3.0013325158506627e-10,0.0,3.552713678800501e-15,1.2515446456973223e-09,163.226510983546,266.32950726108186,23.999999999846263,highs-ds,13.541031806140438,1.0,True,True,True,1,1,1,0
spain_puertollano,2016,Spain,Puertollano,Puertollano Fertiberia,Reforming,1,2024,23695.0,15.234372846720328,8784,rigid,False,1.0,1.5,0.6,0.0,high_investment_small_cavern,16,2.0,1,optimal,491.7002975056202,optimal,143.91603641115438,25552.724709567112,39.14845385625457,90.16335982257318,27.69826875515251,29.031602088485847,1.5,0.5,0.1853943082598113,0.080497227880636,0.1821877356557377,0.0886420732854696,282.23261100308736,763413.4380956799,763.4134380956799,-0.0,133818.73108559137,1360.0907136269686,20720.129036755166,6.45172804070171e-12,3.637978807091713e-12,0.0,0.0,0.0,3.552713678800501e-15,0.0,163.226510983546,177.55300484072126,0.0,highs-ds,Spain,Puertollano,Puertollano Fertiberia,Reforming,1,2024,23695.0,15.234372846720328,8784,flex_ml0p4_b24,True,0.4,1.5,0.6,24.0,high_investment_small_cavern,16,2.0,1,optimal,491.7002975056202,optimal,119.9160364111544,21291.452593389804,39.14845385625457,90.16335982257318,27.69826875515251,29.031602088485847,1.5,0.5,0.1853943082598113,0.080497227880636,0.1821877356557377,0.0886420732854696,136.37913429231185,368893.1035452431,368.8931035452431,365.6249483212914,133818.73108559137,455.907949460266,6945.471685861419,1.9468870959826745e-11,1.0345502232667059e-11,2.0363755126595606e-10,2.0372681319713595e-10,0.0,3.552713678800501e-15,0.0,163.226510983546,266.32950726108186,24.000000000000234,highs-ds,16.676390344321515,0.0,True,True,True,1,0,1,0
spain_puertollano,2017,Spain,Puertollano,Puertollano Fertiberia,Reforming,1,2024,23695.0,15.234372846720328,8760,rigid,False,1.0,1.5,0.6,0.0,high_investment_small_cavern,16,2.0,1,optimal,491.7002975056202,optimal,82.91446160495207,14721.711802709851,39.14845385625457,90.16335982257318,27.69826875515251,29.031602088485847,1.5,0.5,0.1853943082598113,0.080497227880636,0.1933091529680365,0.0743578114480066,272.96080895953384,738334.0603077803,738.3340603077803,-0.0,133453.10613727008,1364.4766115556774,20786.94544106877,6.821210263296962e-12,3.637978807091713e-12,0.0,0.0,0.0,1.7763568394002505e-15,0.0,163.226510983546,177.55300484072126,0.0,highs-ds,Spain,Puertollano,Puertollano Fertiberia,Reforming,1,2024,23695.0,15.234372846720328,8760,flex_ml0p4_b24,True,0.4,1.5,0.6,24.0,high_investment_small_cavern,16,2.0,1,optimal,491.7002975056202,optimal,58.91446160495183,10460.4396865325,39.14845385625457,90.16335982257318,27.69826875515251,29.031602088485847,1.5,0.5,0.1853943082598113,0.080497227880636,0.1933091529680365,0.0743578114480066,69.04760621225023,186767.4690866746,186.7674690866746,365.6249483212899,133453.10613727008,479.6842016030176,7307.687975901731,3.113598268100759e-11,1.538325022920617e-12,2.1700685692849215e-10,2.1827872842550278e-10,0.0,3.552713678800501e-15,0.0,163.226510983546,266.32950726108186,24.00000000000013,highs-ds,28.945493386122205,0.0,True,True,True,1,0,1,0
spain_puertollano,2018,Spain,Puertollano,Puertollano Fertiberia,Reforming,1,2024,23695.0,15.234372846720328,8760,rigid,False,1.0,1.5,0.6,0.0,high_investment_small_cavern,16,2.0,1,optimal,491.7002975056202,optimal,75.56490165690035,13416.775349676253,39.14845385625457,90.16335982257318,27.69826875515251,29.031602088485847,1.5,0.5,0.1853943082598113,0.080497227880636,0.1806343607305936,0.08672463952087,244.34119208558377,660920.6103273868,660.9206103273867,-0.0,133453.10613727008,2073.623562209516,31590.35449044413,6.423306331271306e-12,3.637978807091713e-12,0.0,0.0,0.0,1.6653345369377348e-15,0.0,163.226510983546,177.55300484072126,0.0,highs-ds,Spain,Puertollano,Puertollano Fertiberia,Reforming,1,2024,23695.0,15.234372846720328,8760,flex_ml0p4_b24,True,0.4,1.5,0.6,24.0,high_investment_small_cavern,16,2.0,1,optimal,491.7002975056202,optimal,51.56490165690028,9155.503233498932,39.14845385625457,90.16335982257318,27.69826875515251,29.031602088485847,1.5,0.5,0.1853943082598113,0.080497227880636,0.1806343607305936,0.08672463952087,92.17100235257492,249314.143920578,249.314143920578,365.6249483212977,133453.10613727008,498.2640014405555,7590.739574044217,3.149125404888764e-11,1.007549599307822e-11,2.3596191667252237e-10,2.364686224609613e-10,0.0,3.552713678800501e-15,0.0,163.226510983546,266.32950726108186,24.00000000000066,highs-ds,31.760777125035087,0.0,True,True,True,1,0,1,0
spain_puertollano,2019,Spain,Puertollano,Puertollano Fertiberia,Reforming,1,2024,23695.0,15.234372846720328,8760,rigid,False,1.0,1.5,0.6,0.0,high_investment_small_cavern,16,2.0,1,optimal,491.7002975056202,optimal,71.87732598014833,12762.035207691377,39.14845385625457,90.16335982257318,27.69826875515251,29.031602088485847,1.5,0.5,0.1853943082598113,0.080497227880636,0.189821051369863,0.0952523105071821,178.867793662846,483821.04689967306,483.821046899673,-0.0,133453.10613727008,631.9381388844522,9627.181223828278,6.139089236967266e-12,1.8189894035458565e-12,0.0,0.0,0.0,1.6653345369377348e-15,0.0,163.226510983546,177.55300484072126,0.0,highs-ds,Spain,Puertollano,Puertollano Fertiberia,Reforming,1,2024,23695.0,15.234372846720328,8760,flex_ml0p4_b24,True,0.4,1.5,0.6,24.0,high_investment_small_cavern,16,2.0,1,optimal,491.7002975056202,optimal,47.877325980282464,8500.763091537881,39.14845385625457,90.16335982257318,27.69826875515251,29.031602088485847,1.5,0.5,0.1853943082598113,0.080497227880636,0.189821051369863,0.0952523105071821,88.18637282309012,238536.08493642928,238.5360849364293,365.6249483178072,133453.10613727008,438.2661145381997,6676.70939495837,7.958078640513122e-12,2.4300561562995426e-12,1.0857936771913046e-10,1.0913936421275139e-10,0.0,3.552713678800501e-15,2.560867073952977e-09,163.226510983546,266.32950726108186,23.99999999977152,highs-ds,33.390223791149914,0.0,True,True,True,1,0,1,0
spain_puertollano,2020,Spain,Puertollano,Puertollano Fertiberia,Reforming,1,2024,23695.0,15.234372846720328,8784,rigid,False,1.0,1.5,0.6,0.0,high_investment_small_cavern,16,2.0,1,optimal,491.7002975056202,optimal,152.74364401116372,27120.09296450356,39.14845385625457,90.16335982257318,27.69826875515251,29.031602088485847,1.5,0.5,0.1853943082598113,0.080497227880636,0.1833836099726775,0.0760013350566446,296.1013654869412,800927.1524215835,800.9271524215835,-0.0,133818.73108559137,1019.766491052374,15535.502941283556,6.821210263296962e-12,3.637978807091713e-12,0.0,0.0,0.0,3.552713678800501e-15,7.105427357601003e-14,163.226510983546,177.55300484072126,0.0,highs-ds,Spain,Puertollano,Puertollano Fertiberia,Reforming,1,2024,23695.0,15.234372846720328,8784,flex_ml0p4_b24,True,0.4,1.5,0.6,24.0,high_investment_small_cavern,16,2.0,1,optimal,491.7002975056202,optimal,128.74364401116347,22858.8208483262,39.14845385625457,90.16335982257318,27.69826875515251,29.031602088485847,1.5,0.5,0.1853943082598113,0.080497227880636,0.1833836099726775,0.0760013350566446,157.5867369354948,426257.7319276883,426.2577319276882,365.6249483212958,133818.73108559137,567.1095156320437,8639.557806061524,1.3159251466277055e-11,1.8189894035458565e-12,2.884874561459583e-10,2.9103830456733704e-10,0.0,3.552713678800501e-15,0.0,163.226510983546,266.32950726108186,24.000000000000533,highs-ds,15.712601434496445,0.0,True,True,True,1,0,1,0
spain_puertollano,2021,Spain,Puertollano,Puertollano Fertiberia,Reforming,1,2024,23695.0,15.234372846720328,8760,rigid,False,1.0,1.5,0.6,0.0,high_investment_small_cavern,16,2.0,1,optimal,491.7002975056202,optimal,49.36497425454549,8764.899512779397,39.14845385625457,90.16335982257318,27.69826875515251,29.031602088485847,1.5,0.5,0.1853943082598113,0.080497227880636,0.1885583801369863,0.0819509219445853,102.48076417923916,277201.1081309443,277.2011081309443,-0.0,133453.10613727008,985.0575891736232,15006.734588962432,6.139089236967266e-12,1.7905676941154525e-12,0.0,0.0,0.0,3.552713678800501e-15,5.329070518200751e-15,163.226510983546,177.55300484072126,0.0,highs-ds,Spain,Puertollano,Puertollano Fertiberia,Reforming,1,2024,23695.0,15.234372846720328,8760,flex_ml0p4_b24,True,0.4,1.5,0.6,24.0,high_investment_small_cavern,16,2.0,1,optimal,491.7002975056202,optimal,25.36497425454553,4503.627396602093,39.14845385625457,90.16335982257318,27.69826875515251,29.031602088485847,1.5,0.5,0.1853943082598113,0.080497227880636,0.1885583801369863,0.0819509219445853,27.149556901139395,73437.07200599293,73.43707200599293,365.6249483212885,133453.10613727008,326.26358183935406,4970.421052047171,8.753886504564434e-12,1.6768808563938364e-12,1.9379076121595062e-10,1.9281287677586079e-10,0.0,3.552713678800501e-15,3.5527136788005016e-14,163.226510983546,266.32950726108186,24.000000000000043,highs-ds,48.61746686273225,0.0,True,True,True,1,0,1,0
spain_puertollano,2022,Spain,Puertollano,Puertollano Fertiberia,Reforming,1,2024,23695.0,15.234372846720328,8760,rigid,False,1.0,1.5,0.6,0.0,high_investment_small_cavern,16,2.0,1,optimal,491.7002975056202,optimal,48.107555288677645,8541.640997045848,39.14845385625457,90.16335982257318,27.69826875515251,29.031602088485847,1.5,0.5,0.1853943082598113,0.080497227880636,0.1861954988584475,0.0831743773214252,93.6425950664298,253294.6678195268,253.29466781952675,-0.0,133453.10613727008,862.7864419515129,13144.010343784572,6.565414878423326e-12,1.7905676941154525e-12,0.0,0.0,0.0,3.552713678800501e-15,2.0961010704922963e-13,163.226510983546,177.55300484072126,0.0,highs-ds,Spain,Puertollano,Puertollano Fertiberia,Reforming,1,2024,23695.0,15.234372846720328,8760,flex_ml0p4_b24,True,0.4,1.5,0.6,24.0,high_investment_small_cavern,16,2.0,1,optimal,491.7002975056202,optimal,24.10755528867777,4280.368880868559,39.14845385625457,90.16335982257318,27.69826875515251,29.031602088485847,1.5,0.5,0.1853943082598113,0.080497227880636,0.1861954988584475,0.0831743773214252,32.97177218323163,89185.63263489422,89.18563263489422,365.62494832128925,133453.10613727008,378.1887623615392,5761.468612255399,7.617018127348274e-12,1.7621459846850485e-12,1.6575674166574572e-10,1.673470251262188e-10,0.0,3.552713678800501e-15,0.0,163.226510983546,266.32950726108186,24.00000000000009,highs-ds,49.88821372440099,0.0,True,True,True,1,0,1,0
spain_puertollano,2023,Spain,Puertollano,Puertollano Fertiberia,Reforming,1,2024,23695.0,15.234372846720328,8760,rigid,False,1.0,1.5,0.6,0.0,high_investment_small_cavern,16,2.0,1,optimal,491.7002975056202,optimal,96.1414717903035,17070.207206177824,39.14845385625457,90.16335982257318,27.69826875515251,29.031602088485847,1.5,0.5,0.1853943082598113,0.080497227880636,0.1921121632420091,0.0781735766677673,215.08953034801527,581797.5367118975,581.7975367118975,-0.0,133453.10613727008,873.4256712570344,13306.09232982664,6.508571459562518e-12,3.637978807091713e-12,0.0,0.0,0.0,3.552713678800501e-15,1.2789769243681806e-13,163.226510983546,177.55300484072126,0.0,highs-ds,Spain,Puertollano,Puertollano Fertiberia,Reforming,1,2024,23695.0,15.234372846720328,8760,flex_ml0p4_b24,True,0.4,1.5,0.6,24.0,high_investment_small_cavern,16,2.0,1,optimal,491.7002975056202,optimal,72.14147179043391,12808.93509002367,39.14845385625457,90.16335982257318,27.69826875515251,29.031602088485847,1.5,0.5,0.1853943082598113,0.080497227880636,0.1921121632420091,0.0781735766677673,88.43592532156313,239211.10165461627,239.21110165461627,365.6249483185829,133453.10613727008,442.097793981756,6735.082628230622,8.128608897095546e-12,4.5147885430196766e-11,1.8828272274618027e-10,1.8917489796876907e-10,1.2878587085651816e-14,3.552713678800501e-15,1.5061019098538964e-09,163.226510983546,266.32950726108186,23.999999999822464,highs-ds,24.963212600090596,0.0,True,True,True,1,0,1,0
spain_sabinanigo,2015,Spain,Sabiñánigo,Sabinanigo Ercros,Reforming,1,2024,1066.0,0.6853699706521995,8760,rigid,False,1.0,1.5,0.6,0.0,high_investment_small_cavern,16,2.0,1,optimal,10929.49207260382,optimal,254.39039205448745,45167.778511883385,40.59085756127919,249.12426647432565,27.69826875515251,29.031602088485847,1.5,0.5,0.1788062868877395,0.0291336553633945,0.1845304394977168,0.0308264576516231,254.39039205448748,30956.63903311457,30.95663903311457,-0.0,6003.840942913268,1423.8197304736605,975.8432868887552,7.219114195322618e-12,3.581135388230905e-12,0.0,0.0,0.0,3.552713678800501e-15,0.0,3628.19153635565,3805.7445411963713,0.0,highs-ds,Spain,Sabiñánigo,Sabinanigo Ercros,Reforming,1,2024,1066.0,0.6853699706521995,8760,flex_ml0p4_b24,True,0.4,1.5,0.6,24.0,high_investment_small_cavern,16,2.0,1,optimal,10929.49207260382,optimal,230.3903920546432,40906.50639573373,40.59085756127919,249.12426647432565,27.69826875515251,29.031602088485847,1.5,0.5,0.1788062868877395,0.0291336553633945,0.1845304394977168,0.0308264576516231,230.39039205462976,28036.091087926405,28.036091087926405,16.4488792953226,6003.840942913268,1024.5140963392296,702.1711961407825,9.919176591211e-12,3.637978807091713e-12,1.9372414783447311e-10,1.9281287677586079e-10,0.0,3.552713678800501e-15,0.0,3628.19153635565,3805.7445411963713,23.999999999518234,highs-ds,9.4343185707673,0.0,True,True,True,1,0,1,0
spain_sabinanigo,2016,Spain,Sabiñánigo,Sabinanigo Ercros,Reforming,1,2024,1066.0,0.6853699706521995,8784,rigid,False,1.0,1.5,0.6,0.0,high_investment_small_cavern,16,2.0,1,optimal,10929.49207260382,optimal,469.5162967557328,83364.02931066815,40.59085756127919,249.12426647432565,27.69826875515251,29.031602088485847,1.5,0.5,0.1788062868877395,0.0291336553633945,0.1772747928051001,0.0241085827092361,469.5162967557326,57135.2023221017,57.1352023221017,-0.0,6020.289822208921,1967.408289440704,1348.402561594869,7.275957614183426e-12,7.275957614183426e-12,0.0,0.0,0.0,3.552713678800501e-15,8.633094239485217e-13,3628.19153635565,3805.7445411963713,0.0,highs-ds,Spain,Sabiñánigo,Sabinanigo Ercros,Reforming,1,2024,1066.0,0.6853699706521995,8784,flex_ml0p4_b24,True,0.4,1.5,0.6,24.0,high_investment_small_cavern,16,2.0,1,optimal,10929.49207260382,optimal,445.5162967558704,79102.75719451526,40.59085756127919,249.12426647432565,27.69826875515251,29.031602088485847,1.5,0.5,0.1788062868877395,0.0291336553633945,0.1772747928051001,0.0241085827092361,445.5162967558936,54214.65437691581,54.21465437691581,16.448879295366243,6020.289822208921,1656.3689502528944,1135.2255388240408,8.924416761146858e-12,7.275957614183426e-12,1.0116352200384424e-10,1.0186340659856795e-10,0.0,3.552713678800501e-15,1.4023306960098123e-09,3628.19153635565,3805.7445411963713,23.99999999958191,highs-ds,5.1116436566095285,0.0,True,True,True,1,0,1,0
spain_sabinanigo,2017,Spain,Sabiñánigo,Sabinanigo Ercros,Reforming,1,2024,1066.0,0.6853699706521995,8760,rigid,False,1.0,1.5,0.6,0.0,high_investment_small_cavern,16,2.0,1,optimal,10929.49207260382,optimal,81.1553211549761,14409.37112987976,40.59085756127919,249.12426647432565,27.69826875515251,29.031602088485847,1.5,0.5,0.1788062868877395,0.0291336553633945,0.1873290445205479,0.0296508012157097,81.15532115497608,9875.750268402338,9.87575026840234,-0.0,6003.840942913268,1080.9222835335008,740.831673742664,7.673861546209082e-12,9.094947017729282e-13,0.0,0.0,0.0,3.552713678800501e-15,2.238209617644316e-13,3628.19153635565,3805.7445411963713,0.0,highs-ds,Spain,Sabiñánigo,Sabinanigo Ercros,Reforming,1,2024,1066.0,0.6853699706521995,8760,flex_ml0p4_b24,True,0.4,1.5,0.6,24.0,high_investment_small_cavern,16,2.0,1,optimal,10929.49207260382,optimal,57.15532115497595,10148.099013702424,40.59085756127919,249.12426647432565,27.69826875515251,29.031602088485847,1.5,0.5,0.1788062868877395,0.0291336553633945,0.1873290445205479,0.0296508012157097,57.155321154975965,6955.202323196846,6.955202323196846,16.44887929565272,6003.840942913268,656.4313729561745,449.8983508181564,9.805489753489384e-12,9.094947017729282e-13,1.1037393221613455e-10,1.1095835361629723e-10,8.881784197001252e-16,3.552713678800501e-15,0.0,3628.19153635565,3805.7445411963713,23.9999999999999,highs-ds,29.572922216855233,0.0,True,True,True,1,0,1,0
spain_sabinanigo,2018,Spain,Sabiñánigo,Sabinanigo Ercros,Reforming,1,2024,1066.0,0.6853699706521995,8760,rigid,False,1.0,1.5,0.6,0.0,high_investment_small_cavern,16,2.0,1,optimal,10929.49207260382,optimal,226.0488840107465,40135.65859699972,40.59085756127919,249.12426647432565,27.69826875515251,29.031602088485847,1.5,0.5,0.1788062868877395,0.0291336553633945,0.1704990502283105,0.0216066467988881,226.0488840107469,27507.77515473244,27.507775154732435,-0.0,6003.840942913268,1483.7890185501228,1016.9444360977536,7.44648787076585e-12,3.637978807091713e-12,0.0,0.0,0.0,3.552713678800501e-15,0.0,3628.19153635565,3805.7445411963713,0.0,highs-ds,Spain,Sabiñánigo,Sabinanigo Ercros,Reforming,1,2024,1066.0,0.6853699706521995,8760,flex_ml0p4_b24,True,0.4,1.5,0.6,24.0,high_investment_small_cavern,16,2.0,1,optimal,10929.49207260382,optimal,202.0488840107463,35874.386480822366,40.59085756127919,249.12426647432565,27.69826875515251,29.031602088485847,1.5,0.5,0.1788062868877395,0.0291336553633945,0.1704990502283105,0.0216066467988881,202.0488840107465,24587.22720952692,24.58722720952692,16.448879295653374,6003.840942913268,1059.1515828668769,725.9106892657021,9.578116078046147e-12,3.637978807091713e-12,2.3468027521289514e-10,2.346496330574155e-10,8.881784197001252e-16,3.552713678800501e-15,0.0,3628.19153635565,3805.7445411963713,24.000000000000853,highs-ds,10.61717252223162,0.0,True,True,True,1,0,1,0
spain_sabinanigo,2019,Spain,Sabiñánigo,Sabinanigo Ercros,Reforming,1,2024,1066.0,0.6853699706521995,8760,rigid,False,1.0,1.5,0.6,0.0,high_investment_small_cavern,16,2.0,1,optimal,10929.49207260382,optimal,141.07481857317046,25048.25794502601,40.59085756127919,249.12426647432565,27.69826875515251,29.031602088485847,1.5,0.5,0.1788062868877395,0.0291336553633945,0.1849193378995433,0.0306203766721965,141.0748185731705,17167.323812671202,17.167323812671203,-0.0,6003.840942913268,1089.3354741378498,746.597821940258,7.673861546209082e-12,1.8047785488306545e-12,0.0,0.0,0.0,3.552713678800501e-15,0.0,3628.19153635565,3805.7445411963713,0.0,highs-ds,Spain,Sabiñánigo,Sabinanigo Ercros,Reforming,1,2024,1066.0,0.6853699706521995,8760,flex_ml0p4_b24,True,0.4,1.5,0.6,24.0,high_investment_small_cavern,16,2.0,1,optimal,10929.49207260382,optimal,117.07481857317072,20786.985828848745,40.59085756127919,249.12426647432565,27.69826875515251,29.031602088485847,1.5,0.5,0.1788062868877395,0.0291336553633945,0.1849193378995433,0.0306203766721965,117.07481857317065,14246.775867465742,14.24677586746574,16.448879295652862,6003.840942913268,688.5918257442592,471.94015940168737,9.407585821463726e-12,1.8189894035458565e-12,9.320588745254099e-11,9.276845958083868e-11,0.0,3.552713678800501e-15,0.0,3628.19153635565,3894.521043616732,24.000000000000107,highs-ds,17.012249416824027,0.0,True,True,True,1,0,1,0
spain_sabinanigo,2020,Spain,Sabiñánigo,Sabinanigo Ercros,Reforming,1,2024,1066.0,0.6853699706521995,8784,rigid,False,1.0,1.5,0.6,0.0,high_investment_small_cavern,16,2.0,1,optimal,10929.49207260382,optimal,202.66240593084265,35983.31914127112,40.59085756127919,249.12426647432565,27.69826875515251,29.031602088485847,1.5,0.5,0.1788062868877395,0.0291336553633945,0.1726163581511839,0.0200364144046574,202.6624059308426,24661.886383821708,24.661886383821702,-0.0,6020.289822208921,1564.5101854112202,1072.2682998603552,7.844391802791506e-12,3.609557097661309e-12,0.0,0.0,0.0,3.552713678800501e-15,0.0,3628.19153635565,3805.7445411963713,0.0,highs-ds,Spain,Sabiñánigo,Sabinanigo Ercros,Reforming,1,2024,1066.0,0.6853699706521995,8784,flex_ml0p4_b24,True,0.4,1.5,0.6,24.0,high_investment_small_cavern,16,2.0,1,optimal,10929.49207260382,optimal,178.66240593099246,31722.047025120413,40.59085756127919,249.12426647432565,27.69826875515251,29.031602088485847,1.5,0.5,0.1788062868877395,0.0291336553633945,0.1726163581511839,0.0200364144046574,178.6624059309824,21741.338438633247,21.74133843863325,16.44887929530669,6020.289822208921,1145.0342524351672,784.7720919872538,9.208633855450898e-12,1.8189894035458565e-12,1.889506329177948e-10,1.8917489796876907e-10,0.0,3.552713678800501e-15,1.6320917950451983e-09,3628.19153635565,3805.7445411963713,23.999999999495017,highs-ds,11.842354229249626,0.0,True,True,True,1,0,1,0
spain_sabinanigo,2021,Spain,Sabiñánigo,Sabinanigo Ercros,Reforming,1,2024,1066.0,0.6853699706521995,8760,rigid,False,1.0,1.5,0.6,0.0,high_investment_small_cavern,16,2.0,1,optimal,10929.49207260382,optimal,171.993004909736,30537.87483330855,40.59085756127919,249.12426647432565,27.69826875515251,29.031602088485847,1.5,0.5,0.1788062868877395,0.0291336553633945,0.1744179600456621,0.0227395199498549,171.99300490973587,20929.74237828521,20.92974237828521,-0.0,6003.840942913268,1503.3300955562668,1030.3373034719668,7.503331289626658e-12,1.8189894035458565e-12,0.0,0.0,0.0,3.552713678800501e-15,0.0,3628.19153635565,3805.7445411963713,0.0,highs-ds,Spain,Sabiñánigo,Sabinanigo Ercros,Reforming,1,2024,1066.0,0.6853699706521995,8760,flex_ml0p4_b24,True,0.4,1.5,0.6,24.0,high_investment_small_cavern,16,2.0,1,optimal,10929.49207260382,optimal,147.99300490988557,26276.6027171578,40.59085756127919,249.12426647432565,27.69826875515251,29.031602088485847,1.5,0.5,0.1788062868877395,0.0291336553633945,0.1744179600456621,0.0227395199498549,147.9930049099013,18009.19443309986,18.00919443309986,16.44887929531059,6003.840942913268,1137.8384241335327,779.8402873553442,1.4026113603904378e-10,1.3535839116229909e-11,1.467723720338654e-10,1.4733814168721435e-10,0.0,3.552713678800501e-15,0.0,3628.19153635565,3879.99919283468,23.99999999950071,highs-ds,13.954055871310526,0.0,True,True,True,1,0,1,0
spain_sabinanigo,2022,Spain,Sabiñánigo,Sabinanigo Ercros,Reforming,1,2024,1066.0,0.6853699706521995,8760,rigid,False,1.0,1.5,0.6,0.0,high_investment_small_cavern,16,2.0,1,optimal,10929.49207260382,optimal,385.2391266281924,68400.36451505068,40.59085756127919,249.12426647432565,27.69826875515251,29.031602088485847,1.5,0.5,0.1788062868877395,0.0291336553633945,0.176654350456621,0.0224326199892488,385.2391266281925,46879.555820280046,46.879555820280046,-0.0,6003.840942913268,1381.2499192576277,946.6672166249532,7.617018127348274e-12,7.219114195322618e-12,0.0,0.0,0.0,3.552713678800501e-15,0.0,3628.19153635565,3805.7445411963713,0.0,highs-ds,Spain,Sabiñánigo,Sabinanigo Ercros,Reforming,1,2024,1066.0,0.6853699706521995,8760,flex_ml0p4_b24,True,0.4,1.5,0.6,24.0,high_investment_small_cavern,16,2.0,1,optimal,10929.49207260382,optimal,361.2391266283534,64139.09239890195,40.59085756127919,249.12426647432565,27.69826875515251,29.031602088485847,1.5,0.5,0.1788062868877395,0.0291336553633945,0.176654350456621,0.0224326199892488,361.2391266283576,43959.00787509465,43.95900787509465,16.44887929533954,6003.840942913268,1000.5785354511032,685.7664814773433,1.6737544683564915e-10,6.721734280290548e-11,1.967435103722437e-10,1.9645085558295247e-10,4.440892098500626e-16,3.552713678800501e-15,8.808491713807596e-10,3628.19153635565,3876.76574313266,23.99999999954295,highs-ds,6.229896794206536,0.0,True,True,True,1,0,1,0
spain_sabinanigo,2023,Spain,Sabiñánigo,Sabinanigo Ercros,Reforming,1,2024,1066.0,0.6853699706521995,8760,rigid,False,1.0,1.5,0.6,0.0,high_investment_small_cavern,16,2.0,1,optimal,10929.49207260382,optimal,137.5296271514226,24418.798555359128,40.59085756127919,249.12426647432565,27.69826875515251,29.031602088485847,1.5,0.5,0.1788062868877395,0.0291336553633945,0.184014,0.0294892456264646,137.52962715142246,16735.91124924844,16.73591124924844,-0.0,6003.840942913268,1499.5606751241305,1027.7538559010177,7.815970093361102e-12,1.8189894035458565e-12,0.0,0.0,0.0,3.552713678800501e-15,0.0,3628.19153635565,3805.7445411963713,0.0,highs-ds,Spain,Sabiñánigo,Sabinanigo Ercros,Reforming,1,2024,1066.0,0.6853699706521995,8760,flex_ml0p4_b24,True,0.4,1.5,0.6,24.0,high_investment_small_cavern,16,2.0,1,optimal,10929.49207260382,optimal,113.52962715142468,20157.526439182187,40.59085756127919,249.12426647432565,27.69826875515251,29.031602088485847,1.5,0.5,0.1788062868877395,0.0291336553633945,0.184014,0.0294892456264646,113.5296271514246,13815.36330404322,13.815363304043222,16.44887929565326,6003.840942913268,1107.9670882589462,759.3673707636369,9.038103598868474e-12,1.4168222151056398e-11,1.3108136798223308e-10,1.3096723705530167e-10,4.440892098500626e-16,3.552713678800501e-15,0.0,3628.19153635565,3894.521043616732,24.00000000000069,highs-ds,17.45078533047537,0.0,True,True,True,1,0,1,0
