site_id,weather_year,country_rigid,city_cluster_rigid,project_names_rigid,process_types_rigid,eho_record_count_rigid,eho_reporting_year_rigid,eho_h2_output_t_per_year_estimate_rigid,service_reference_nh3_tph_rigid,local_year_hours_rigid,process_case_rigid,flexible_process_rigid,min_hb_load_fraction_of_nameplate_rigid,hb_nameplate_multiple_rigid,ramp_fraction_nameplate_per_hour_rigid,nh3_buffer_limit_hours_rigid,cavern_archetype_rigid,module_count_limit_rigid,withdrawal_to_injection_ratio_rigid,minimum_feasible_modules_rigid,status_rigid,module_reference_service_hours_at_site_scale_rigid,free_storage_status_rigid,free_h2_storage_service_hours_rigid,free_h2_storage_kg_per_normalized_tph_rigid,pv_capacity_mw_per_normalized_tph_rigid,wind_capacity_mw_per_normalized_tph_rigid,electrolyser_capacity_mw_per_normalized_tph_rigid,grid_connection_mw_per_normalized_tph_rigid,renewable_overbuild_rigid,wind_energy_share_rigid,training_pv_cf_mean_rigid,training_wind_cf_mean_rigid,evaluation_pv_cf_mean_rigid,evaluation_wind_cf_mean_rigid,h2_storage_service_hours_rigid,h2_storage_kg_at_site_scale_rigid,h2_storage_tonnes_at_site_scale_rigid,nh3_buffer_tonnes_at_site_scale_rigid,annual_nh3_equivalent_t_at_site_scale_rigid,grid_import_mwh_per_normalized_tph_rigid,grid_import_mwh_at_site_scale_rigid,max_h2_balance_residual_kgph_rigid,max_h2_storage_balance_residual_kg_rigid,max_nh3_balance_residual_tph_rigid,max_annual_nh3_service_residual_t_per_normalized_tph_rigid,max_hb_ramp_violation_tph_per_hour_rigid,max_site_power_violation_mw_rigid,max_hourly_matching_violation_mw_rigid,max_h2_charge_kgph_per_normalized_tph_rigid,max_h2_discharge_kgph_per_normalized_tph_rigid,peak_nh3_buffer_use_t_per_normalized_tph_rigid,solver_method_rigid,country_flex,city_cluster_flex,project_names_flex,process_types_flex,eho_record_count_flex,eho_reporting_year_flex,eho_h2_output_t_per_year_estimate_flex,service_reference_nh3_tph_flex,local_year_hours_flex,process_case_flex,flexible_process_flex,min_hb_load_fraction_of_nameplate_flex,hb_nameplate_multiple_flex,ramp_fraction_nameplate_per_hour_flex,nh3_buffer_limit_hours_flex,cavern_archetype_flex,module_count_limit_flex,withdrawal_to_injection_ratio_flex,minimum_feasible_modules_flex,status_flex,module_reference_service_hours_at_site_scale_flex,free_storage_status_flex,free_h2_storage_service_hours_flex,free_h2_storage_kg_per_normalized_tph_flex,pv_capacity_mw_per_normalized_tph_flex,wind_capacity_mw_per_normalized_tph_flex,electrolyser_capacity_mw_per_normalized_tph_flex,grid_connection_mw_per_normalized_tph_flex,renewable_overbuild_flex,wind_energy_share_flex,training_pv_cf_mean_flex,training_wind_cf_mean_flex,evaluation_pv_cf_mean_flex,evaluation_wind_cf_mean_flex,h2_storage_service_hours_flex,h2_storage_kg_at_site_scale_flex,h2_storage_tonnes_at_site_scale_flex,nh3_buffer_tonnes_at_site_scale_flex,annual_nh3_equivalent_t_at_site_scale_flex,grid_import_mwh_per_normalized_tph_flex,grid_import_mwh_at_site_scale_flex,max_h2_balance_residual_kgph_flex,max_h2_storage_balance_residual_kg_flex,max_nh3_balance_residual_tph_flex,max_annual_nh3_service_residual_t_per_normalized_tph_flex,max_hb_ramp_violation_tph_per_hour_flex,max_site_power_violation_mw_flex,max_hourly_matching_violation_mw_flex,max_h2_charge_kgph_per_normalized_tph_flex,max_h2_discharge_kgph_per_normalized_tph_flex,peak_nh3_buffer_use_t_per_normalized_tph_flex,solver_method_flex,free_h2_reduction_pct,reference_caverns_avoided,rigid_free_inventory_within_one_module_volume,flex_free_inventory_within_one_module_volume,module_pair_feasible,volume_only_module_lower_bound_rigid,flow_or_schedule_extra_modules_rigid,volume_only_module_lower_bound_flex,flow_or_schedule_extra_modules_flex
france_grand_quevilly,2015,France,Grand-Quevilly,Grand-Quevilly Agrofert,Reforming,1,2024,33458.0,21.511358797449617,8760,rigid,False,1.0,1.5,0.6,0.0,high_investment_small_cavern,16,2.0,1,optimal,348.22280319791,optimal,86.9676760038231,15441.372198493082,58.017508666961184,33.423713744433265,27.69826875515251,29.031602088485847,1.5,0.5,0.1250984519825575,0.2171482372550617,0.1283837226027397,0.2390674237484531,209.0897852547217,798598.862448913,798.598862448913,-0.0,188439.50306565865,1086.4934375117766,23371.95016539024,5.144329406903125e-12,3.637978807091713e-12,0.0,0.0,0.0,8.881784197001252e-16,0.0,115.5972316861475,177.55300484072126,0.0,highs-ds,France,Grand-Quevilly,Grand-Quevilly Agrofert,Reforming,1,2024,33458.0,21.511358797449617,8760,flex_ml0p6_b24,True,0.6,1.5,0.6,24.0,high_investment_small_cavern,16,2.0,1,optimal,348.22280319791,optimal,64.70228439007235,11488.08501351624,58.017508666961184,33.423713744433265,27.69826875515251,29.031602088485847,1.5,0.5,0.1250984519825575,0.2171482372550617,0.1283837226027397,0.2390674237484531,91.636792930266,349998.15272384015,349.9981527238401,308.80276665063616,188439.50306565865,318.3011852830781,6847.091002277783,4.376943252282217e-12,9.094947017729282e-13,2.452704706001896e-10,2.4556356947869057e-10,0.0,3.552713678800501e-15,1.6520118606422334e-13,115.5972316861475,174.3510109759317,14.355335223512135,highs-ds,25.601916294477004,0.0,True,True,True,1,0,1,0
france_grand_quevilly,2016,France,Grand-Quevilly,Grand-Quevilly Agrofert,Reforming,1,2024,33458.0,21.511358797449617,8784,rigid,False,1.0,1.5,0.6,0.0,high_investment_small_cavern,16,2.0,2,optimal,348.22280319791,optimal,117.17383649762206,20804.56675886817,58.017508666961184,33.423713744433265,27.69826875515251,29.031602088485847,1.5,0.5,0.1250984519825575,0.2171482372550617,0.1263728392531876,0.2003999767690627,136.13490493785764,519954.52618845215,519.9545261884522,-0.0,188955.77567679744,658.9973978850286,14175.929472490516,7.219114195322618e-12,1.8189894035458565e-12,0.0,0.0,0.0,3.552713678800501e-15,8.526512829121202e-14,231.194463372295,408.74746821301625,0.0,highs-ds,France,Grand-Quevilly,Grand-Quevilly Agrofert,Reforming,1,2024,33458.0,21.511358797449617,8784,flex_ml0p6_b24,True,0.6,1.5,0.6,24.0,high_investment_small_cavern,16,2.0,1,optimal,348.22280319791,optimal,93.1738364976224,16543.29464269092,58.017508666961184,33.423713744433265,27.69826875515251,29.031602088485847,1.5,0.5,0.1250984519825575,0.2171482372550617,0.1263728392531876,0.2003999767690627,283.66312112465306,1083424.7381950505,1083.4247381950502,306.705936784519,188955.77567679744,1487.598208553647,32000.258810640786,3.0411229090532288e-12,3.637978807091713e-12,4.4429193657435917e-10,4.4565240386873484e-10,0.0,3.552713678800501e-15,0.0,115.5972316861475,159.79770435664912,14.257859750862508,highs-ds,20.48238814855799,1.0,True,True,True,1,1,1,0
france_grand_quevilly,2017,France,Grand-Quevilly,Grand-Quevilly Agrofert,Reforming,1,2024,33458.0,21.511358797449617,8760,rigid,False,1.0,1.5,0.6,0.0,high_investment_small_cavern,16,2.0,2,optimal,348.22280319791,optimal,92.75499542017208,16468.92815083889,58.017508666961184,33.423713744433265,27.69826875515251,29.031602088485847,1.5,0.5,0.1250984519825575,0.2171482372550617,0.1222241712328767,0.1971013834409117,96.91003897062612,370138.8223606402,370.1388223606402,-0.0,188439.50306565865,473.19182983083977,10178.999231512917,7.30437932361383e-12,1.8189894035458565e-12,0.0,0.0,0.0,3.552713678800501e-15,0.0,231.194463372295,408.74746821301625,0.0,highs-ds,France,Grand-Quevilly,Grand-Quevilly Agrofert,Reforming,1,2024,33458.0,21.511358797449617,8760,flex_ml0p6_b24,True,0.6,1.5,0.6,24.0,high_investment_small_cavern,16,2.0,1,optimal,348.22280319791,optimal,76.75700098278419,13628.436167055528,58.017508666961184,33.423713744433265,27.69826875515251,29.031602088485847,1.5,0.5,0.1250984519825575,0.2171482372550617,0.1222241712328767,0.1971013834409117,131.23069723270024,501223.3639282745,501.22336392827447,359.01149888242986,188439.50306565865,1192.9559910530386,25662.104353109007,5.087485988042317e-12,1.8189894035458565e-12,4.5073100807258015e-10,4.5110937207937235e-10,0.0,8.881784197001252e-16,1.0302869668521453e-13,115.5972316861475,159.79770435664912,16.68939197485722,highs-ds,17.247582585626102,1.0,True,True,True,1,1,1,0
france_grand_quevilly,2018,France,Grand-Quevilly,Grand-Quevilly Agrofert,Reforming,1,2024,33458.0,21.511358797449617,8760,rigid,False,1.0,1.5,0.6,0.0,high_investment_small_cavern,16,2.0,2,optimal,348.22280319791,optimal,122.47498752669485,21745.80205319452,58.017508666961184,33.423713744433265,27.69826875515251,29.031602088485847,1.5,0.5,0.1250984519825575,0.2171482372550617,0.1303967317351598,0.2085745493919102,123.32174749887378,471015.8707554017,471.0158707554017,-0.0,188439.50306565865,284.41630666808925,6118.18122058273,7.503331289626658e-12,1.7905676941154525e-12,0.0,0.0,0.0,7.2164496600635185e-16,3.1974423109204515e-14,231.194463372295,408.74746821301625,0.0,highs-ds,France,Grand-Quevilly,Grand-Quevilly Agrofert,Reforming,1,2024,33458.0,21.511358797449617,8760,flex_ml0p6_b24,True,0.6,1.5,0.6,24.0,high_investment_small_cavern,16,2.0,1,optimal,348.22280319791,optimal,103.3853529359105,18356.3800702894,58.017508666961184,33.423713744433265,27.69826875515251,29.031602088485847,1.5,0.5,0.1250984519825575,0.2171482372550617,0.1303967317351598,0.2085745493919102,147.29096783875454,562564.0641494349,562.5640641494349,129.17311664102908,188439.50306565865,851.4063304977703,18314.907057757508,8.526512829121202e-12,1.3976375612401167e-11,3.3169200719385117e-10,3.310560714453459e-10,0.0,3.552713678800501e-15,5.3290705182007527e-14,115.5972316861475,231.194463372295,6.004879461930774,highs-ds,15.58655769336048,1.0,True,True,True,1,1,1,0
france_grand_quevilly,2019,France,Grand-Quevilly,Grand-Quevilly Agrofert,Reforming,1,2024,33458.0,21.511358797449617,8760,rigid,False,1.0,1.5,0.6,0.0,high_investment_small_cavern,16,2.0,1,optimal,348.22280319791,optimal,100.82575133483812,17901.91511482387,58.017508666961184,33.423713744433265,27.69826875515251,29.031602088485847,1.5,0.5,0.1250984519825575,0.2171482372550617,0.133271303652968,0.2336163885605835,215.0043711360732,821189.0695742851,821.1890695742851,-0.0,188439.50306565865,1319.433563494057,28382.808793718174,5.144329406903125e-12,3.609557097661309e-12,0.0,0.0,0.0,8.881784197001252e-16,0.0,115.5972316861475,177.55300484072126,0.0,highs-ds,France,Grand-Quevilly,Grand-Quevilly Agrofert,Reforming,1,2024,33458.0,21.511358797449617,8760,flex_ml0p6_b24,True,0.6,1.5,0.6,24.0,high_investment_small_cavern,16,2.0,1,optimal,348.22280319791,optimal,76.82575133463916,13640.642998611236,58.017508666961184,33.423713744433265,27.69826875515251,29.031602088485847,1.5,0.5,0.1250984519825575,0.2171482372550617,0.133271303652968,0.2336163885605835,114.6882764373649,438041.1361919355,438.0411361919355,234.7746525736744,188439.50306565865,380.0907902692357,8176.269365087699,6.0822458181064576e-12,1.0530243343964683e-11,2.4402302400972076e-10,2.4374458007514477e-10,0.0,3.552713678800501e-15,0.0,115.5972316861475,159.79770435664912,10.913985247715232,highs-ds,23.803442753921022,0.0,True,True,True,1,0,1,0
france_grand_quevilly,2020,France,Grand-Quevilly,Grand-Quevilly Agrofert,Reforming,1,2024,33458.0,21.511358797449617,8784,rigid,False,1.0,1.5,0.6,0.0,high_investment_small_cavern,16,2.0,1,optimal,348.22280319791,optimal,74.44005213361835,13217.05493682388,58.017508666961184,33.423713744433265,27.69826875515251,29.031602088485847,1.5,0.5,0.1250984519825575,0.2171482372550617,0.1317544888433515,0.2645110242828337,166.58665370450416,636262.1300964954,636.2621300964954,-0.0,188955.77567679744,620.4831028971348,13347.434654175117,5.144329406903125e-12,1.8189894035458565e-12,0.0,0.0,0.0,8.881784197001252e-16,0.0,115.5972316861475,177.55300484072126,0.0,highs-ds,France,Grand-Quevilly,Grand-Quevilly Agrofert,Reforming,1,2024,33458.0,21.511358797449617,8784,flex_ml0p6_b24,True,0.6,1.5,0.6,24.0,high_investment_small_cavern,16,2.0,1,optimal,348.22280319791,optimal,52.66080319483078,9350.083844568058,58.017508666961184,33.423713744433265,27.69826875515251,29.031602088485847,1.5,0.5,0.1250984519825575,0.2171482372550617,0.1317544888433515,0.2645110242828337,81.7363155460719,312184.20611192624,312.18420611192624,228.46820541929952,188955.77567679744,508.2315976553957,10932.752249366273,4.433786671143025e-12,9.094947017729282e-13,1.1893197537915512e-10,1.200533006340265e-10,0.0,3.552713678800501e-15,3.730349362740527e-14,115.5972316861475,159.79770435664912,10.62081700977377,highs-ds,29.257433753128318,0.0,True,True,True,1,0,1,0
france_grand_quevilly,2021,France,Grand-Quevilly,Grand-Quevilly Agrofert,Reforming,1,2024,33458.0,21.511358797449617,8760,rigid,False,1.0,1.5,0.6,0.0,high_investment_small_cavern,16,2.0,2,optimal,348.22280319791,optimal,154.82517795523555,27489.67557095148,58.017508666961184,33.423713744433265,27.69826875515251,29.031602088485847,1.5,0.5,0.1250984519825575,0.2171482372550617,0.1304517922374429,0.2094239138849964,191.75507740841704,732390.568485253,732.390568485253,-0.0,188439.50306565865,511.39133287856447,11000.722447456794,7.673861546209082e-12,3.572253604033904e-12,0.0,0.0,0.0,3.552713678800501e-15,1.882938249764265e-13,231.194463372295,408.74746821301625,0.0,highs-ds,France,Grand-Quevilly,Grand-Quevilly Agrofert,Reforming,1,2024,33458.0,21.511358797449617,8760,flex_ml0p6_b24,True,0.6,1.5,0.6,24.0,high_investment_small_cavern,16,2.0,1,optimal,348.22280319791,optimal,130.82517795500715,23228.403454733605,58.017508666961184,33.423713744433265,27.69826875515251,29.031602088485847,1.5,0.5,0.1250984519825575,0.2171482372550617,0.1304517922374429,0.2094239138849964,204.6584772496147,781673.8963262109,781.673896326211,481.9928340580956,188439.50306565865,1388.5950339202736,29870.56599901573,3.723243935382925e-12,3.637978807091713e-12,3.9088510206397586e-10,3.9108272176235914e-10,0.0,1.4432899320127037e-15,0.0,115.5972316861475,159.79770435664912,22.4064336705332,highs-ds,15.501354700310756,1.0,True,True,True,1,1,1,0
france_grand_quevilly,2022,France,Grand-Quevilly,Grand-Quevilly Agrofert,Reforming,1,2024,33458.0,21.511358797449617,8760,rigid,False,1.0,1.5,0.6,0.0,high_investment_small_cavern,16,2.0,2,optimal,348.22280319791,optimal,202.32867249727468,35924.063767325315,58.017508666961184,33.423713744433265,27.69826875515251,29.031602088485847,1.5,0.5,0.1250984519825575,0.2171482372550617,0.1336243321917808,0.2106705179305619,212.96434052421031,813397.3636140443,813.3973636140443,-0.0,188439.50306565865,487.27730436916784,10481.996928139231,7.361222742474638e-12,3.581135388230905e-12,0.0,0.0,0.0,3.552713678800501e-15,0.0,231.194463372295,408.74746821301625,0.0,highs-ds,France,Grand-Quevilly,Grand-Quevilly Agrofert,Reforming,1,2024,33458.0,21.511358797449617,8760,flex_ml0p6_b24,True,0.6,1.5,0.6,24.0,high_investment_small_cavern,16,2.0,1,optimal,348.22280319791,optimal,178.328672497275,31662.79165114806,58.017508666961184,33.423713744433265,27.69826875515251,29.031602088485847,1.5,0.5,0.1250984519825575,0.2171482372550617,0.1336243321917808,0.2106705179305619,194.16776593358904,741605.6064618747,741.6056064618747,501.73894830203017,188439.50306565865,601.286360994414,12934.486651363655,3.439026841078885e-12,3.439026841078885e-12,3.4888136823951754e-10,3.4924596548080444e-10,0.0,3.552713678800501e-15,0.0,115.5972316861475,159.79770435664912,23.32437262687121,highs-ds,11.861887741255734,1.0,True,True,True,1,1,1,0
france_grand_quevilly,2023,France,Grand-Quevilly,Grand-Quevilly Agrofert,Reforming,1,2024,33458.0,21.511358797449617,8760,rigid,False,1.0,1.5,0.6,0.0,high_investment_small_cavern,16,2.0,1,optimal,348.22280319791,optimal,48.37682624658692,8589.45086473898,58.017508666961184,33.423713744433265,27.69826875515251,29.031602088485847,1.5,0.5,0.1250984519825575,0.2171482372550617,0.1278585696347031,0.2638182376333824,202.1233317193695,771991.1452815827,771.9911452815827,-0.0,188439.50306565865,562.3649820240704,12097.234903441082,5.144329406903125e-12,3.581135388230905e-12,0.0,0.0,0.0,8.881784197001252e-16,0.0,115.5972316861475,177.55300484072126,0.0,highs-ds,France,Grand-Quevilly,Grand-Quevilly Agrofert,Reforming,1,2024,33458.0,21.511358797449617,8760,flex_ml0p6_b24,True,0.6,1.5,0.6,24.0,high_investment_small_cavern,16,2.0,1,optimal,348.22280319791,optimal,37.17682624658692,6600.8572105229005,58.017508666961184,33.423713744433265,27.69826875515251,29.031602088485847,1.5,0.5,0.1250984519825575,0.2171482372550617,0.1278585696347031,0.2638182376333824,109.49462730265166,418204.4794854017,418.2044794854017,91.91945816603872,188439.50306565865,509.97141174681593,10970.17801452767,5.9969806898152456e-12,6.210143510543276e-12,1.2149437011998998e-10,1.2187229003757238e-10,0.0,8.881784197001252e-16,0.0,115.5972316861475,159.79770435664912,4.273066105751379,highs-ds,23.15158076495393,0.0,True,True,True,1,0,1,0
france_grandpuits_bailly_carrois,2015,France,Grandpuits-Bailly-Carrois,Grandpuits-Bailly-Carrois LAT Nitrogen,Reforming,1,2024,36720.0,23.60861662509265,8760,rigid,False,1.0,1.5,0.6,0.0,high_investment_small_cavern,16,2.0,1,optimal,317.28863151949,optimal,134.43999106796036,23870.224384876088,56.4155870987789,39.81379267604599,27.69826875515251,29.031602088485847,1.5,0.5,0.128650624683095,0.1822961349393921,0.1317055285388128,0.1940522619503971,263.75387166211226,1105598.420939813,1105.598420939813,-0.0,206811.4816358116,2224.089246947764,52507.67037118078,5.030642569181509e-12,3.637978807091713e-12,0.0,0.0,0.0,8.881784197001252e-16,0.0,105.3282183484646,177.55300484072126,0.0,highs-ds,France,Grandpuits-Bailly-Carrois,Grandpuits-Bailly-Carrois LAT Nitrogen,Reforming,1,2024,36720.0,23.60861662509265,8760,flex_ml0p6_b24,True,0.6,1.5,0.6,24.0,high_investment_small_cavern,16,2.0,1,optimal,317.28863151949,optimal,110.43999106796066,19608.95226869883,56.4155870987789,39.81379267604599,27.69826875515251,29.031602088485847,1.5,0.5,0.128650624683095,0.1822961349393921,0.1317055285388128,0.1940522619503971,146.40383288622857,613692.7789477526,613.6927789477526,470.15087094225714,206811.4816358116,398.4010423046408,9405.697470807583,4.661160346586257e-12,1.8189894035458565e-12,3.1149616219749987e-10,3.1286617740988726e-10,0.0,3.552713678800501e-15,1.2434497875801752e-14,105.32821834845106,159.79770435664912,19.91437611141318,highs-ds,17.851830998610772,0.0,True,True,True,1,0,1,0
france_grandpuits_bailly_carrois,2016,France,Grandpuits-Bailly-Carrois,Grandpuits-Bailly-Carrois LAT Nitrogen,Reforming,1,2024,36720.0,23.60861662509265,8784,rigid,False,1.0,1.5,0.6,0.0,high_investment_small_cavern,16,2.0,2,optimal,317.28863151949,optimal,137.490384955554,24411.830985566103,56.4155870987789,39.81379267604599,27.69826875515251,29.031602088485847,1.5,0.5,0.128650624683095,0.1822961349393921,0.1284613387978142,0.1668052885635151,186.6930937516732,782576.5299727668,782.5765299727667,-0.0,207378.08843481384,976.4153158947432,23051.81485982773,6.87805368215777e-12,3.325340003357269e-12,0.0,0.0,0.0,3.552713678800501e-15,9.947598300641405e-14,210.6564366969021,388.2094415376234,0.0,highs-ds,France,Grandpuits-Bailly-Carrois,Grandpuits-Bailly-Carrois LAT Nitrogen,Reforming,1,2024,36720.0,23.60861662509265,8784,flex_ml0p6_b24,True,0.6,1.5,0.6,24.0,high_investment_small_cavern,16,2.0,2,optimal,317.28863151949,optimal,113.490384955331,20150.558869349203,56.4155870987789,39.81379267604599,27.69826875515251,29.031602088485847,1.5,0.5,0.128650624683095,0.1822961349393921,0.1284613387978142,0.1668052885635151,128.1698915055048,537260.0931600612,537.2600931600612,566.6067990100729,207378.08843481384,520.6300772790389,12291.35589797319,7.901235221652314e-12,1.8189894035458565e-12,4.920632790117452e-10,4.929461283609271e-10,0.0,3.552713678800501e-15,0.0,210.6564366969021,225.6154092472684,24.00000000033248,highs-ds,17.455766094466455,0.0,True,True,True,1,1,1,1
france_grandpuits_bailly_carrois,2017,France,Grandpuits-Bailly-Carrois,Grandpuits-Bailly-Carrois LAT Nitrogen,Reforming,1,2024,36720.0,23.60861662509265,8760,rigid,False,1.0,1.5,0.6,0.0,high_investment_small_cavern,16,2.0,2,optimal,317.28863151949,optimal,107.39024329622798,19067.4603878214,56.4155870987789,39.81379267604599,27.69826875515251,29.031602088485847,1.5,0.5,0.128650624683095,0.1822961349393921,0.1308632408675799,0.1681863812345813,107.63108307026168,451165.9098561653,451.1659098561653,-0.0,206811.4816358116,440.47809880718137,10399.078566488426,7.30437932361383e-12,1.8189894035458565e-12,0.0,0.0,0.0,3.552713678800501e-15,0.0,210.6564366969021,388.2094415376234,0.0,highs-ds,France,Grandpuits-Bailly-Carrois,Grandpuits-Bailly-Carrois LAT Nitrogen,Reforming,1,2024,36720.0,23.60861662509265,8760,flex_ml0p6_b24,True,0.6,1.5,0.6,24.0,high_investment_small_cavern,16,2.0,2,optimal,317.28863151949,optimal,90.72575070637144,16108.62965434644,56.4155870987789,39.81379267604599,27.69826875515251,29.031602088485847,1.5,0.5,0.128650624683095,0.1822961349393921,0.1308632408675799,0.1681863812345813,90.92410447844406,381133.9174027929,381.1339174027929,388.7427586446158,206811.4816358116,339.60538453577453,8017.613327322269,6.849631972727366e-12,1.9610979506978765e-12,3.9356962133751934e-10,3.9472070056945086e-10,0.0,3.552713678800501e-15,0.0,210.6564366969021,253.9966190376764,16.46613881778387,highs-ds,15.517697025686752,0.0,True,True,True,1,1,1,1
france_grandpuits_bailly_carrois,2018,France,Grandpuits-Bailly-Carrois,Grandpuits-Bailly-Carrois LAT Nitrogen,Reforming,1,2024,36720.0,23.60861662509265,8760,rigid,False,1.0,1.5,0.6,0.0,high_investment_small_cavern,16,2.0,2,optimal,317.28863151949,optimal,101.57386711153846,18034.745318945766,56.4155870987789,39.81379267604599,27.69826875515251,29.031602088485847,1.5,0.5,0.128650624683095,0.1822961349393921,0.1369046723744292,0.1771182565302709,108.49241792942004,454776.43680003466,454.7764368000347,-0.0,206811.4816358116,295.07126296826806,6966.224324499739,7.077005648170598e-12,1.8189894035458565e-12,0.0,0.0,0.0,1.7763568394002505e-15,2.3092638912203256e-14,210.6564366969021,388.2094415376234,0.0,highs-ds,France,Grandpuits-Bailly-Carrois,Grandpuits-Bailly-Carrois LAT Nitrogen,Reforming,1,2024,36720.0,23.60861662509265,8760,flex_ml0p6_b24,True,0.6,1.5,0.6,24.0,high_investment_small_cavern,16,2.0,1,optimal,317.28863151949,optimal,83.9348194557768,14902.879405136604,56.4155870987789,39.81379267604599,27.69826875515251,29.031602088485847,1.5,0.5,0.128650624683095,0.1822961349393921,0.1369046723744292,0.1771182565302709,170.20601510173128,713466.3098784899,713.4663098784899,81.55101336061784,206811.4816358116,898.2725635403237,21206.97257746268,4.121147867408581e-12,1.7884360659081722e-11,2.9074409546581137e-10,2.9103830456733704e-10,0.0,3.552713678800501e-15,0.0,105.32821834845106,210.6564366969021,3.454290213427438,highs-ds,17.365734078424115,1.0,True,True,True,1,1,1,0
france_grandpuits_bailly_carrois,2019,France,Grandpuits-Bailly-Carrois,Grandpuits-Bailly-Carrois LAT Nitrogen,Reforming,1,2024,36720.0,23.60861662509265,8760,rigid,False,1.0,1.5,0.6,0.0,high_investment_small_cavern,16,2.0,1,optimal,317.28863151949,optimal,74.76230071477171,13274.27114071332,56.4155870987789,39.81379267604599,27.69826875515251,29.031602088485847,1.5,0.5,0.128650624683095,0.1822961349393921,0.1373374189497716,0.2085826881925485,184.9638475702957,775327.9089932945,775.3279089932945,-0.0,206811.4816358116,1319.0547345286377,31141.05753499997,5.115907697472721e-12,3.531397396727698e-12,0.0,0.0,0.0,8.881784197001252e-16,1.1723955140041653e-13,105.32821834845106,177.55300484072126,0.0,highs-ds,France,Grandpuits-Bailly-Carrois,Grandpuits-Bailly-Carrois LAT Nitrogen,Reforming,1,2024,36720.0,23.60861662509265,8760,flex_ml0p6_b24,True,0.6,1.5,0.6,24.0,high_investment_small_cavern,16,2.0,1,optimal,317.28863151949,optimal,50.76230071458272,9012.999024502453,56.4155870987789,39.81379267604599,27.69826875515251,29.031602088485847,1.5,0.5,0.128650624683095,0.1822961349393921,0.1373374189497716,0.2085826881925485,111.23631544010892,466278.25376264827,466.27825376264826,269.8625392167432,206811.4816358116,406.7357704395336,9602.46887201864,4.206412995699793e-12,8.611777957412414e-12,2.0893997643156576e-10,2.0918378140777347e-10,0.0,3.552713678800501e-15,0.0,105.32821834845106,159.79770435664912,11.430679887017062,highs-ds,32.1017408115251,0.0,True,True,True,1,0,1,0
france_grandpuits_bailly_carrois,2020,France,Grandpuits-Bailly-Carrois,Grandpuits-Bailly-Carrois LAT Nitrogen,Reforming,1,2024,36720.0,23.60861662509265,8784,rigid,False,1.0,1.5,0.6,0.0,high_investment_small_cavern,16,2.0,1,optimal,317.28863151949,optimal,67.77571025031408,12033.781010157338,56.4155870987789,39.81379267604599,27.69826875515251,29.031602088485847,1.5,0.5,0.128650624683095,0.1822961349393921,0.1378938012295082,0.233710379385278,160.93844020582802,674618.6671641557,674.6186671641558,-0.0,207378.08843481384,592.3279018623975,13984.042351414846,5.201172825763933e-12,1.8189894035458565e-12,0.0,0.0,0.0,8.881784197001252e-16,3.730349362740527e-14,105.32821834845106,177.55300484072126,0.0,highs-ds,France,Grandpuits-Bailly-Carrois,Grandpuits-Bailly-Carrois LAT Nitrogen,Reforming,1,2024,36720.0,23.60861662509265,8784,flex_ml0p6_b24,True,0.6,1.5,0.6,24.0,high_investment_small_cavern,16,2.0,1,optimal,317.28863151949,optimal,48.19486892779496,8557.143796034705,56.4155870987789,39.81379267604599,27.69826875515251,29.031602088485847,1.5,0.5,0.128650624683095,0.1822961349393921,0.1378938012295082,0.233710379385278,79.65643502344612,333902.31667362346,333.90231667362343,155.1312010016673,207378.08843481384,544.0415262973104,12844.067822483465,4.490630090003833e-12,9.094947017729282e-13,4.951017373855392e-11,5.0931703299283975e-11,0.0,2.220446049250313e-15,1.4388490399142034e-13,105.32821834845106,159.79770435664912,6.570956844493149,highs-ds,28.890647180533797,0.0,True,True,True,1,0,1,0
france_grandpuits_bailly_carrois,2021,France,Grandpuits-Bailly-Carrois,Grandpuits-Bailly-Carrois LAT Nitrogen,Reforming,1,2024,36720.0,23.60861662509265,8760,rigid,False,1.0,1.5,0.6,0.0,high_investment_small_cavern,16,2.0,2,optimal,317.28863151949,optimal,188.2309637361504,33420.973215418344,56.4155870987789,39.81379267604599,27.69826875515251,29.031602088485847,1.5,0.5,0.128650624683095,0.1822961349393921,0.1318724463470319,0.1924577934148996,196.95653834481143,825598.6401851,825.5986401851001,-0.0,206811.4816358116,372.91600568755575,8804.031011638373,7.048583938740194e-12,3.609557097661309e-12,0.0,0.0,0.0,1.7763568394002505e-15,6.572520305780928e-14,210.6564366969021,388.2094415376234,0.0,highs-ds,France,Grandpuits-Bailly-Carrois,Grandpuits-Bailly-Carrois LAT Nitrogen,Reforming,1,2024,36720.0,23.60861662509265,8760,flex_ml0p6_b24,True,0.6,1.5,0.6,24.0,high_investment_small_cavern,16,2.0,1,optimal,317.28863151949,optimal,164.23096373615112,29159.70109924116,56.4155870987789,39.81379267604599,27.69826875515251,29.031602088485847,1.5,0.5,0.128650624683095,0.1822961349393921,0.1318724463470319,0.1924577934148996,212.5627334066241,891016.3893483144,891.0163893483144,566.6067990022251,206811.4816358116,1061.6042493294765,25063.007729988884,4.519051799434237e-12,3.637978807091713e-12,3.087499145237871e-10,3.0922819860279555e-10,0.0,3.552713678800501e-15,0.0,105.32821834845106,159.79770435664912,24.00000000000006,highs-ds,12.750293322431725,1.0,True,True,True,1,1,1,0
france_grandpuits_bailly_carrois,2022,France,Grandpuits-Bailly-Carrois,Grandpuits-Bailly-Carrois LAT Nitrogen,Reforming,1,2024,36720.0,23.60861662509265,8760,rigid,False,1.0,1.5,0.6,0.0,high_investment_small_cavern,16,2.0,2,optimal,317.28863151949,optimal,192.88921545682223,34248.05980572808,56.4155870987789,39.81379267604599,27.69826875515251,29.031602088485847,1.5,0.5,0.128650624683095,0.1822961349393921,0.1399181324200913,0.1824436507876779,205.32731997185263,860687.1220737932,860.6871220737931,-0.0,206811.4816358116,561.5630353948243,13257.72641345974,6.906475391588174e-12,3.581135388230905e-12,0.0,0.0,0.0,3.552713678800501e-15,0.0,210.6564366969021,388.2094415376234,0.0,highs-ds,France,Grandpuits-Bailly-Carrois,Grandpuits-Bailly-Carrois LAT Nitrogen,Reforming,1,2024,36720.0,23.60861662509265,8760,flex_ml0p6_b24,True,0.6,1.5,0.6,24.0,high_investment_small_cavern,16,2.0,1,optimal,317.28863151949,optimal,168.88921545682237,29986.7876895508,56.4155870987789,39.81379267604599,27.69826875515251,29.031602088485847,1.5,0.5,0.128650624683095,0.1822961349393921,0.1399181324200913,0.1824436507876779,186.81383292980712,783082.642144123,783.0826421441229,566.6067990022251,206811.4816358116,530.5373591203173,12525.253116760674,3.836930773104541e-12,9.096723374568684e-12,2.992353032027495e-10,3.0013325158506627e-10,0.0,3.552713678800501e-15,0.0,105.32821834845106,159.79770435664912,24.00000000000006,highs-ds,12.442375247968283,1.0,True,True,True,1,1,1,0
france_grandpuits_bailly_carrois,2023,France,Grandpuits-Bailly-Carrois,Grandpuits-Bailly-Carrois LAT Nitrogen,Reforming,1,2024,36720.0,23.60861662509265,8760,rigid,False,1.0,1.5,0.6,0.0,high_investment_small_cavern,16,2.0,1,optimal,317.28863151949,optimal,62.446444931292525,11087.553939171616,56.4155870987789,39.81379267604599,27.69826875515251,29.031602088485847,1.5,0.5,0.128650624683095,0.1822961349393921,0.1299835547945205,0.2393375400821836,248.46712661443743,1041519.7362194224,1041.5197362194226,-0.0,206811.4816358116,898.1533623968176,21204.15840336437,5.002220859751105e-12,3.637978807091713e-12,0.0,0.0,0.0,8.881784197001252e-16,9.237055564881302e-14,105.32821834845106,177.55300484072126,0.0,highs-ds,France,Grandpuits-Bailly-Carrois,Grandpuits-Bailly-Carrois LAT Nitrogen,Reforming,1,2024,36720.0,23.60861662509265,8760,flex_ml0p6_b24,True,0.6,1.5,0.6,24.0,high_investment_small_cavern,16,2.0,1,optimal,317.28863151949,optimal,51.576989085340735,9157.649392739331,56.4155870987789,39.81379267604599,27.69826875515251,29.031602088485847,1.5,0.5,0.128650624683095,0.1822961349393921,0.1299835547945205,0.2393375400821836,145.68019770747085,610659.458883371,610.6594588833709,74.98374743321024,206811.4816358116,497.3809704053813,11742.4766469172,7.617018127348274e-12,1.8189894035458565e-12,5.480638165522578e-11,5.4569682106375694e-11,0.0,3.552713678800501e-15,3.3750779948604765e-14,105.32821834845106,210.6564366969021,3.176117797326297,highs-ds,17.40604426386649,0.0,True,True,True,1,0,1,0
france_le_havre,2015,France,Le Havre,Le Havre YARA,Reforming,1,2024,33458.0,21.511358797449617,8760,rigid,False,1.0,1.5,0.6,0.0,high_investment_small_cavern,16,2.0,1,optimal,348.22280319791,optimal,46.45589412604461,8248.383594641633,54.74715579263977,24.454302178022875,27.69826875515251,29.031602088485847,1.5,0.5,0.132571280042592,0.2967944237085673,0.1340798938356164,0.3308926161945431,128.64032429564324,491329.6769730173,491.3296769730173,-0.0,188439.50306565865,1026.554462815878,22082.581374755504,5.059064278611913e-12,1.8189894035458565e-12,0.0,0.0,0.0,8.881784197001252e-16,0.0,115.5972316861475,177.55300484072126,0.0,highs-ds,France,Le Havre,Le Havre YARA,Reforming,1,2024,33458.0,21.511358797449617,8760,flex_ml0p6_b24,True,0.6,1.5,0.6,24.0,high_investment_small_cavern,16,2.0,1,optimal,348.22280319791,optimal,32.065385532557265,5693.305552681733,54.74715579263977,24.454302178022875,27.69826875515251,29.031602088485847,1.5,0.5,0.132571280042592,0.2967944237085673,0.1340798938356164,0.3308926161945431,59.88538335800945,228726.616026516,228.726616026516,80.44446917834102,188439.50306565865,427.0059442543073,9185.478075498171,3.836930773104541e-12,9.094947017729282e-13,1.3196821413430368e-10,1.3278622645884752e-10,0.0,8.881784197001252e-16,7.105427357601002e-15,115.5972316861475,214.06213641396795,3.739627511948641,highs-ds,30.97671213569342,0.0,True,True,True,1,0,1,0
france_le_havre,2016,France,Le Havre,Le Havre YARA,Reforming,1,2024,33458.0,21.511358797449617,8784,rigid,False,1.0,1.5,0.6,0.0,high_investment_small_cavern,16,2.0,2,optimal,348.22280319791,optimal,87.21639089825133,15485.532275347456,54.74715579263977,24.454302178022875,27.69826875515251,29.031602088485847,1.5,0.5,0.132571280042592,0.2967944237085673,0.1341629849726776,0.2732714816674055,106.42148341471606,406466.8940741518,406.4668940741518,-0.0,188955.77567679744,430.0939273129448,9251.90478703297,7.759126674500294e-12,1.8189894035458565e-12,0.0,0.0,0.0,3.552713678800501e-15,0.0,231.194463372295,408.74746821301625,0.0,highs-ds,France,Le Havre,Le Havre YARA,Reforming,1,2024,33458.0,21.511358797449617,8784,flex_ml0p6_b24,True,0.6,1.5,0.6,24.0,high_investment_small_cavern,16,2.0,1,optimal,348.22280319791,optimal,65.80479197685662,11683.838548409478,54.74715579263977,24.454302178022875,27.69826875515251,29.031602088485847,1.5,0.5,0.132571280042592,0.2967944237085673,0.1341629849726776,0.2732714816674055,181.2773121642138,692371.7249303956,692.3717249303957,202.21871105574576,188955.77567679744,667.8111307516224,14365.524842528688,4.689582056016661e-12,1.8189894035458565e-12,3.553555227853167e-10,3.5652192309498787e-10,0.0,3.552713678800501e-15,0.0,115.5972316861475,170.76814838340528,9.400554979340534,highs-ds,24.549971285069546,1.0,True,True,True,1,1,1,0
france_le_havre,2017,France,Le Havre,Le Havre YARA,Reforming,1,2024,33458.0,21.511358797449617,8760,rigid,False,1.0,1.5,0.6,0.0,high_investment_small_cavern,16,2.0,2,optimal,348.22280319791,optimal,84.95738113662513,15084.438304206204,54.74715579263977,24.454302178022875,27.69826875515251,29.031602088485847,1.5,0.5,0.132571280042592,0.2967944237085673,0.1285648333333333,0.2724651760741733,84.95738113662513,324486.7646197721,324.4867646197721,-0.0,188439.50306565865,301.1699894355328,6478.575701771856,7.645439836778678e-12,9.094947017729282e-13,0.0,0.0,0.0,3.552713678800501e-15,0.0,231.194463372295,408.74746821301625,0.0,highs-ds,France,Le Havre,Le Havre YARA,Reforming,1,2024,33458.0,21.511358797449617,8760,flex_ml0p6_b24,True,0.6,1.5,0.6,24.0,high_investment_small_cavern,16,2.0,1,optimal,348.22280319791,optimal,70.33314887894487,12487.861923366469,54.74715579263977,24.454302178022875,27.69826875515251,29.031602088485847,1.5,0.5,0.132571280042592,0.2967944237085673,0.1285648333333333,0.2724651760741733,82.44911281949138,314906.66857471946,314.90666857471945,173.05549660660748,188439.50306565865,461.14786377241313,9919.917156285795,4.092726157978177e-12,5.719869022868807e-12,3.4086333755567456e-10,3.41970007866621e-10,0.0,3.552713678800501e-15,0.0,115.597231686148,203.6983550467874,8.04484264504598,highs-ds,17.213610003069828,1.0,True,True,True,1,1,1,0
france_le_havre,2018,France,Le Havre,Le Havre YARA,Reforming,1,2024,33458.0,21.511358797449617,8760,rigid,False,1.0,1.5,0.6,0.0,high_investment_small_cavern,16,2.0,1,optimal,348.22280319791,optimal,101.65591983729894,18049.31402695991,54.74715579263977,24.454302178022875,27.69826875515251,29.031602088485847,1.5,0.5,0.132571280042592,0.2967944237085673,0.1368436484018264,0.2855014725873043,314.2719310990972,1200332.2226842,1200.3322226842,-0.0,188439.50306565865,1436.4515355139008,30900.02437558696,5.286437954055145e-12,3.637978807091713e-12,0.0,0.0,0.0,8.881784197001252e-16,0.0,115.5972316861475,177.55300484072126,0.0,highs-ds,France,Le Havre,Le Havre YARA,Reforming,1,2024,33458.0,21.511358797449617,8760,flex_ml0p6_b24,True,0.6,1.5,0.6,24.0,high_investment_small_cavern,16,2.0,1,optimal,348.22280319791,optimal,82.65591983729892,14675.806934986203,54.74715579263977,24.454302178022875,27.69826875515251,29.031602088485847,1.5,0.5,0.132571280042592,0.2967944237085673,0.1368436484018264,0.2855014725873043,129.0219922200008,492787.4218831948,492.7874218831949,117.75190174800274,188439.50306565865,616.9990695422746,13272.488362616436,4.320099833421409e-12,1.8189894035458565e-12,2.414748401236011e-10,2.40106601268053e-10,0.0,3.552713678800501e-15,0.0,115.5972316861475,231.194463372295,5.473940668125687,highs-ds,18.69050029787705,0.0,True,True,True,1,0,1,0
france_le_havre,2019,France,Le Havre,Le Havre YARA,Reforming,1,2024,33458.0,21.511358797449617,8760,rigid,False,1.0,1.5,0.6,0.0,high_investment_small_cavern,16,2.0,1,optimal,348.22280319791,optimal,111.91122892216448,19870.17497054813,54.74715579263977,24.454302178022875,27.69826875515251,29.031602088485847,1.5,0.5,0.132571280042592,0.2967944237085673,0.1388278869863013,0.3097350697893932,155.91672919136352,595509.3522014429,595.5093522014429,-0.0,188439.50306565865,1387.2722194348703,29842.11046199776,4.888534022029489e-12,1.8189894035458565e-12,0.0,0.0,0.0,8.881784197001252e-16,0.0,115.5972316861475,177.55300484072126,0.0,highs-ds,France,Le Havre,Le Havre YARA,Reforming,1,2024,33458.0,21.511358797449617,8760,flex_ml0p6_b24,True,0.6,1.5,0.6,24.0,high_investment_small_cavern,16,2.0,1,optimal,348.22280319791,optimal,87.91122892196518,15608.902854335438,54.74715579263977,24.454302178022875,27.69826875515251,29.031602088485847,1.5,0.5,0.132571280042592,0.2967944237085673,0.1388278869863013,0.3097350697893932,111.08712717631256,424286.8836832266,424.2868836832266,265.64902203109455,188439.50306565865,320.0188278052039,6884.039826856987,4.604316927725449e-12,1.8189894035458565e-12,1.8062840112520464e-10,1.800799509510398e-10,0.0,3.552713678800501e-15,0.0,115.5972316861475,159.79770435664912,12.349244161302812,highs-ds,21.445569163476506,0.0,True,True,True,1,0,1,0
france_le_havre,2020,France,Le Havre,Le Havre YARA,Reforming,1,2024,33458.0,21.511358797449617,8784,rigid,False,1.0,1.5,0.6,0.0,high_investment_small_cavern,16,2.0,1,optimal,348.22280319791,optimal,60.27161298370048,10701.40599185305,54.74715579263977,24.454302178022875,27.69826875515251,29.031602088485847,1.5,0.5,0.132571280042592,0.2967944237085673,0.1388990892531876,0.3513230249573941,122.19108673606756,466697.41780997126,466.6974178099713,-0.0,188955.77567679744,606.607129737436,13048.943616873055,5.286437954055145e-12,1.8189894035458565e-12,0.0,0.0,0.0,8.881784197001252e-16,0.0,115.5972316861475,177.55300484072126,0.0,highs-ds,France,Le Havre,Le Havre YARA,Reforming,1,2024,33458.0,21.511358797449617,8784,flex_ml0p6_b24,True,0.6,1.5,0.6,24.0,high_investment_small_cavern,16,2.0,1,optimal,348.22280319791,optimal,47.41539944315517,8418.746646855261,54.74715579263977,24.454302178022875,27.69826875515251,29.031602088485847,1.5,0.5,0.132571280042592,0.2967944237085673,0.1388990892531876,0.3513230249573941,72.88871448965406,278391.6220770372,278.3916220770372,104.89435453236818,188955.77567679744,482.3526045827301,10376.059944063449,4.689582056016661e-12,9.094947017729282e-13,4.054889757298952e-11,4.18367562815547e-11,0.0,2.4424906541753444e-15,0.0,115.5972316861475,161.86902399931566,4.876230995914793,highs-ds,21.330462060177606,0.0,True,True,True,1,0,1,0
france_le_havre,2021,France,Le Havre,Le Havre YARA,Reforming,1,2024,33458.0,21.511358797449617,8760,rigid,False,1.0,1.5,0.6,0.0,high_investment_small_cavern,16,2.0,2,optimal,348.22280319791,optimal,131.43762429767585,23337.145143178142,54.74715579263977,24.454302178022875,27.69826875515251,29.031602088485847,1.5,0.5,0.132571280042592,0.2967944237085673,0.1382114623287671,0.2829468968431811,138.1031866379961,527472.1938965836,527.4721938965836,-0.0,188439.50306565865,601.0713327457747,12929.861101555589,7.389644451905042e-12,1.8189894035458565e-12,0.0,0.0,0.0,3.552713678800501e-15,7.815970093361102e-14,231.194463372295,408.74746821301625,0.0,highs-ds,France,Le Havre,Le Havre YARA,Reforming,1,2024,33458.0,21.511358797449617,8760,flex_ml0p6_b24,True,0.6,1.5,0.6,24.0,high_investment_small_cavern,16,2.0,1,optimal,348.22280319791,optimal,107.43762429767597,19075.87302700085,54.74715579263977,24.454302178022875,27.69826875515251,29.031602088485847,1.5,0.5,0.132571280042592,0.2967944237085673,0.1382114623287671,0.2829468968431811,142.3276564110081,543607.1607533685,543.6071607533685,398.5153170547004,188439.50306565865,775.2574270302016,16676.84067323428,4.604316927725449e-12,1.8189894035458565e-12,2.8688296183077e-10,2.8740032576024527e-10,0.0,3.552713678800501e-15,2.7355895326763857e-13,115.59723168614984,159.79770435664912,18.52580865797972,highs-ds,18.259611833553407,1.0,True,True,True,1,1,1,0
france_le_havre,2022,France,Le Havre,Le Havre YARA,Reforming,1,2024,33458.0,21.511358797449617,8760,rigid,False,1.0,1.5,0.6,0.0,high_investment_small_cavern,16,2.0,1,optimal,348.22280319791,optimal,187.1097618296974,33221.90044789446,54.74715579263977,24.454302178022875,27.69826875515251,29.031602088485847,1.5,0.5,0.132571280042592,0.2967944237085673,0.1393247739726027,0.2806537571728556,249.5605616396804,953173.204490916,953.173204490916,-0.0,188439.50306565865,1471.789701516319,31660.19634370881,5.002220859751105e-12,3.637978807091713e-12,0.0,0.0,0.0,8.881784197001252e-16,0.0,115.5972316861475,177.55300484072126,0.0,highs-ds,France,Le Havre,Le Havre YARA,Reforming,1,2024,33458.0,21.511358797449617,8760,flex_ml0p6_b24,True,0.6,1.5,0.6,24.0,high_investment_small_cavern,16,2.0,1,optimal,348.22280319791,optimal,163.1097618296977,28960.62833171721,54.74715579263977,24.454302178022875,27.69826875515251,29.031602088485847,1.5,0.5,0.132571280042592,0.2967944237085673,0.1393247739726027,0.2806537571728556,184.66460917852592,705309.1888008128,705.3091888008128,415.2091297754234,188439.50306565865,331.7806944106864,7137.053559535262,4.661160346586257e-12,1.8189894035458565e-12,2.9583491212292756e-10,2.9467628337442875e-10,0.0,3.552713678800501e-15,0.0,115.5972316861475,159.79770435664912,19.30185506573627,highs-ds,12.826695820308876,0.0,True,True,True,1,0,1,0
france_le_havre,2023,France,Le Havre,Le Havre YARA,Reforming,1,2024,33458.0,21.511358797449617,8760,rigid,False,1.0,1.5,0.6,0.0,high_investment_small_cavern,16,2.0,1,optimal,348.22280319791,optimal,54.21349782058999,9625.769440971646,54.74715579263977,24.454302178022875,27.69826875515251,29.031602088485847,1.5,0.5,0.132571280042592,0.2967944237085673,0.1331454840182648,0.3500089119408675,178.83137640513849,683029.7022560643,683.0297022560643,-0.0,188439.50306565865,559.1392844374863,12027.845765284004,5.229594535194337e-12,1.8189894035458565e-12,0.0,0.0,0.0,8.881784197001252e-16,0.0,115.5972316861475,177.55300484072126,0.0,highs-ds,France,Le Havre,Le Havre YARA,Reforming,1,2024,33458.0,21.511358797449617,8760,flex_ml0p6_b24,True,0.6,1.5,0.6,24.0,high_investment_small_cavern,16,2.0,1,optimal,348.22280319791,optimal,41.98909896467953,7455.2906917332675,54.74715579263977,24.454302178022875,27.69826875515251,29.031602088485847,1.5,0.5,0.132571280042592,0.2967944237085673,0.1331454840182648,0.3500089119408675,101.0592053438192,385986.1749307651,385.9861749307651,79.13666201490148,188439.50306565865,519.143698389714,11167.486363496106,5.5706550483591855e-12,1.7053025658242404e-12,4.3437697883064175e-11,4.3655745685100555e-11,0.0,3.552713678800501e-15,1.0658141036401504e-14,115.5972316861475,218.35909476738107,3.6788313913616606,highs-ds,22.54862598308074,0.0,True,True,True,1,0,1,0
france_ottmarsheim,2015,France,Ottmarsheim,Ottmarshein LAT Nitrogen,Reforming,1,2024,21747.0,13.981933163014432,8760,rigid,False,1.0,1.5,0.6,0.0,high_investment_small_cavern,16,2.0,2,optimal,535.7446337147961,optimal,277.72857328739843,49311.54271730407,54.46328068429354,152.3456536164951,27.69826875515251,29.031602088485847,1.5,0.5,0.1332622719551769,0.0476410081274259,0.1385574703196347,0.0454529006792271,277.7285732873985,689470.6944384766,689.4706944384766,-0.0,122481.73450800644,1168.7304143522667,16341.110539055557,7.44648787076585e-12,3.637978807091713e-12,0.0,0.0,0.0,3.552713678800501e-15,0.0,355.69523867707017,533.2482435177915,0.0,highs-ds,France,Ottmarsheim,Ottmarshein LAT Nitrogen,Reforming,1,2024,21747.0,13.981933163014432,8760,flex_ml0p6_b24,True,0.6,1.5,0.6,24.0,high_investment_small_cavern,16,2.0,2,optimal,535.7446337147961,optimal,253.7285732873981,45050.2706011267,54.46328068429354,152.3456536164951,27.69826875515251,29.031602088485847,1.5,0.5,0.1332622719551769,0.0476410081274259,0.1385574703196347,0.0454529006792271,253.72857328739823,629889.8725206677,629.8898725206677,335.5663959123443,122481.73450800644,1058.989194127821,14806.71613264971,4.0159875425160856e-11,1.2022383089060895e-11,4.5077985788566366e-10,4.5110937207937235e-10,0.0,3.552713678800501e-15,4.622080496119452e-12,355.69523867707017,355.69523867707017,24.0,highs-ds,8.641530727616102,0.0,True,True,True,1,1,1,1
france_ottmarsheim,2016,France,Ottmarsheim,Ottmarshein LAT Nitrogen,Reforming,1,2024,21747.0,13.981933163014432,8784,rigid,False,1.0,1.5,0.6,0.0,high_investment_small_cavern,16,2.0,2,optimal,535.7446337147961,optimal,494.0483299337511,87719.76551627756,54.46328068429354,152.3456536164951,27.69826875515251,29.031602088485847,1.5,0.5,0.1332622719551769,0.0476410081274259,0.1310548804644809,0.0364738624248941,494.0483299337515,1226491.898523892,1226.491898523892,-0.0,122817.30090391876,1860.0335140853167,26006.864274907763,7.815970093361102e-12,7.275957614183426e-12,0.0,0.0,0.0,3.552713678800501e-15,0.0,355.69523867707017,355.69523867707017,0.0,highs-ds,France,Ottmarsheim,Ottmarshein LAT Nitrogen,Reforming,1,2024,21747.0,13.981933163014432,8784,flex_ml0p6_b24,True,0.6,1.5,0.6,24.0,high_investment_small_cavern,16,2.0,2,optimal,535.7446337147961,optimal,470.0483299335415,83458.49340006303,54.46328068429354,152.3456536164951,27.69826875515251,29.031602088485847,1.5,0.5,0.1332622719551769,0.0476410081274259,0.1310548804644809,0.0364738624248941,470.0483299343293,1166911.076607518,1166.9110766075182,335.5663959111731,122817.30090391876,1723.1594628678913,24093.100439034704,3.922195901395753e-11,2.3663915271754377e-10,8.894005532056324e-10,8.913048077374696e-10,0.0,3.552713678800501e-15,0.0,355.69523867707017,355.69523867707017,24.00000000030703,highs-ds,4.857824335410241,0.0,True,True,True,1,1,1,1
france_ottmarsheim,2017,France,Ottmarsheim,Ottmarshein LAT Nitrogen,Reforming,1,2024,21747.0,13.981933163014432,8760,rigid,False,1.0,1.5,0.6,0.0,high_investment_small_cavern,16,2.0,2,optimal,535.7446337147961,optimal,153.1223764901201,27187.33805417304,54.46328068429354,152.3456536164951,27.69826875515251,29.031602088485847,1.5,0.5,0.1332622719551769,0.0476410081274259,0.13954725,0.0466441989731396,153.1223764901201,380131.5435537262,380.1315435537262,-0.0,122481.73450800644,1068.7090444801088,14942.618430629898,7.844391802791506e-12,1.7905676941154525e-12,0.0,0.0,0.0,3.552713678800501e-15,0.0,355.69523867707017,533.2482435177915,0.0,highs-ds,France,Ottmarsheim,Ottmarshein LAT Nitrogen,Reforming,1,2024,21747.0,13.981933163014432,8760,flex_ml0p6_b24,True,0.6,1.5,0.6,24.0,high_investment_small_cavern,16,2.0,1,optimal,535.7446337147961,optimal,129.92237649012057,23068.10834186839,54.46328068429354,152.3456536164951,27.69826875515251,29.031602088485847,1.5,0.5,0.1332622719551769,0.0476410081274259,0.13954725,0.0466441989731396,297.11275182091134,737592.5814896529,737.5925814896528,295.95390685271053,122481.73450800644,1773.9225697291488,24802.866806315767,4.916955731459893e-12,3.637978807091713e-12,6.302993682538727e-10,6.293703336268661e-10,0.0,3.552713678800501e-15,0.0,177.84761933853508,159.79770435664912,21.16688038786937,highs-ds,15.151279996948366,1.0,True,True,True,1,1,1,0
france_ottmarsheim,2018,France,Ottmarsheim,Ottmarshein LAT Nitrogen,Reforming,1,2024,21747.0,13.981933163014432,8760,rigid,False,1.0,1.5,0.6,0.0,high_investment_small_cavern,16,2.0,2,optimal,535.7446337147961,optimal,278.67733415715696,49479.99806060499,54.46328068429354,152.3456536164951,27.69826875515251,29.031602088485847,1.5,0.5,0.1332622719551769,0.0476410081274259,0.1395705433789954,0.0496564215363511,278.67733415715696,691826.0257894626,691.8260257894626,-0.0,122481.73450800644,1407.6004989978055,19680.97609721308,7.16227077646181e-12,3.637978807091713e-12,0.0,0.0,0.0,3.552713678800501e-15,5.861977570020829e-14,355.69523867707017,533.2482435177915,0.0,highs-ds,France,Ottmarsheim,Ottmarshein LAT Nitrogen,Reforming,1,2024,21747.0,13.981933163014432,8760,flex_ml0p6_b24,True,0.6,1.5,0.6,24.0,high_investment_small_cavern,16,2.0,2,optimal,535.7446337147961,optimal,254.6773341571548,45218.725944427286,54.46328068429354,152.3456536164951,27.69826875515251,29.031602088485847,1.5,0.5,0.1332622719551769,0.0476410081274259,0.1395705433789954,0.0496564215363511,254.6773341571528,632245.2038716441,632.2452038716441,335.5663959123375,122481.73450800644,1284.070371037286,17953.786104450475,3.0382807381101884e-11,2.4641622076160274e-11,5.46329870232398e-10,5.456968210637567e-10,0.0,3.552713678800501e-15,0.0,355.69523867707017,622.024745938152,23.999999999999368,highs-ds,8.612110515765028,0.0,True,True,True,1,1,1,1
france_ottmarsheim,2019,France,Ottmarsheim,Ottmarshein LAT Nitrogen,Reforming,1,2024,21747.0,13.981933163014432,8760,rigid,False,1.0,1.5,0.6,0.0,high_investment_small_cavern,16,2.0,2,optimal,535.7446337147961,optimal,204.26400152385352,36267.68725134986,54.46328068429354,152.3456536164951,27.69826875515251,29.031602088485847,1.5,0.5,0.1332622719551769,0.0476410081274259,0.1382800662100456,0.0541172784527098,204.2640015238536,507092.37912548456,507.09237912548457,-0.0,122481.73450800644,1213.1057678210698,16961.5637653415,7.418066161335446e-12,3.61666252501891e-12,0.0,0.0,0.0,1.7763568394002505e-15,0.0,355.69523867707017,533.2482435177915,0.0,highs-ds,France,Ottmarsheim,Ottmarshein LAT Nitrogen,Reforming,1,2024,21747.0,13.981933163014432,8760,flex_ml0p6_b24,True,0.6,1.5,0.6,24.0,high_investment_small_cavern,16,2.0,1,optimal,535.7446337147961,optimal,180.2640015238551,32006.415135172825,54.46328068429354,152.3456536164951,27.69826875515251,29.031602088485847,1.5,0.5,0.1332622719551769,0.0476410081274259,0.1382800662100456,0.0541172784527098,280.41272709404365,696134.1981865488,696.1341981865488,275.270213204579,122481.73450800644,1497.3385587188452,20935.68765041125,4.718003765447065e-12,3.637978807091713e-12,5.957061510741821e-10,5.966285243630407e-10,0.0,3.552713678800501e-15,9.379164112033322e-13,177.84761933853508,159.79770435664912,19.687564658993992,highs-ds,11.74950055856796,1.0,True,True,True,1,1,1,0
france_ottmarsheim,2020,France,Ottmarsheim,Ottmarshein LAT Nitrogen,Reforming,1,2024,21747.0,13.981933163014432,8784,rigid,False,1.0,1.5,0.6,0.0,high_investment_small_cavern,16,2.0,2,optimal,535.7446337147961,optimal,348.2891892517642,61839.792105189365,54.46328068429354,152.3456536164951,27.69826875515251,29.031602088485847,1.5,0.5,0.1332622719551769,0.0476410081274259,0.1395405658014571,0.0569274252197758,348.2891892517643,864639.8400294656,864.6398400294656,-0.0,122817.30090391876,1345.5214554279053,18812.991059194872,7.389644451905042e-12,3.637978807091713e-12,0.0,0.0,0.0,1.7763568394002505e-15,0.0,355.69523867707017,533.2482435177915,0.0,highs-ds,France,Ottmarsheim,Ottmarshein LAT Nitrogen,Reforming,1,2024,21747.0,13.981933163014432,8784,flex_ml0p6_b24,True,0.6,1.5,0.6,24.0,high_investment_small_cavern,16,2.0,1,optimal,535.7446337147961,optimal,324.2891892517626,57578.51998901178,54.46328068429354,152.3456536164951,27.69826875515251,29.031602088485847,1.5,0.5,0.1332622719551769,0.0476410081274259,0.1395405658014571,0.0569274252197758,416.57674421529504,1034166.0338413266,1034.166033841327,335.5663959123468,122817.30090391876,1987.5574236159305,27789.8950546511,4.604316927725449e-12,7.275957614183426e-12,5.497926558462041e-10,5.511537892743943e-10,0.0,1.7763568394002505e-15,0.0,177.84761933853508,159.79770435664912,24.00000000000003,highs-ds,6.890825423425061,1.0,True,True,True,1,1,1,0
france_ottmarsheim,2021,France,Ottmarsheim,Ottmarshein LAT Nitrogen,Reforming,1,2024,21747.0,13.981933163014432,8760,rigid,False,1.0,1.5,0.6,0.0,high_investment_small_cavern,16,2.0,2,optimal,535.7446337147961,optimal,194.5883593896752,34549.74791666301,54.46328068429354,152.3456536164951,27.69826875515251,29.031602088485847,1.5,0.5,0.1332622719551769,0.0476410081274259,0.1365874965753424,0.0482563006994274,194.5883593896754,483072.2661697798,483.0722661697798,-0.0,122481.73450800644,1494.4484802034954,20895.278765773768,7.418066161335446e-12,3.637978807091713e-12,0.0,0.0,0.0,1.7763568394002505e-15,0.0,355.69523867707017,533.2482435177915,0.0,highs-ds,France,Ottmarsheim,Ottmarshein LAT Nitrogen,Reforming,1,2024,21747.0,13.981933163014432,8760,flex_ml0p6_b24,True,0.6,1.5,0.6,24.0,high_investment_small_cavern,16,2.0,1,optimal,535.7446337147961,optimal,170.58835938967962,30288.475800486485,54.46328068429354,152.3456536164951,27.69826875515251,29.031602088485847,1.5,0.5,0.1332622719551769,0.0476410081274259,0.1365874965753424,0.0482563006994274,452.7134113936836,1123876.5476687714,1123.8765476687713,317.92705535989586,122481.73450800644,1670.6508156313532,23358.928042893127,4.774847184307873e-12,1.290487716687494e-10,6.389071494083962e-10,6.402842700481415e-10,0.0,3.552713678800501e-15,2.0961010704922963e-13,177.84761933853508,159.79770435664912,22.73841904786737,highs-ds,12.333728530972444,1.0,True,True,True,1,1,1,0
france_ottmarsheim,2022,France,Ottmarsheim,Ottmarshein LAT Nitrogen,Reforming,1,2024,21747.0,13.981933163014432,8760,rigid,False,1.0,1.5,0.6,0.0,high_investment_small_cavern,16,2.0,2,optimal,535.7446337147961,optimal,354.8616167079886,63006.74634913968,54.46328068429354,152.3456536164951,27.69826875515251,29.031602088485847,1.5,0.5,0.1332622719551769,0.0476410081274259,0.1458942454337899,0.0513676183058448,354.8616167079888,880956.1162726748,880.9561162726748,-0.0,122481.73450800644,1005.3354573546576,14056.533171141367,7.44648787076585e-12,4.718003765447065e-12,0.0,0.0,0.0,3.552713678800501e-15,0.0,355.69523867707017,533.2482435177915,0.0,highs-ds,France,Ottmarsheim,Ottmarshein LAT Nitrogen,Reforming,1,2024,21747.0,13.981933163014432,8760,flex_ml0p6_b24,True,0.6,1.5,0.6,24.0,high_investment_small_cavern,16,2.0,1,optimal,535.7446337147961,optimal,330.86161670798833,58745.47423296231,54.46328068429354,152.3456536164951,27.69826875515251,29.031602088485847,1.5,0.5,0.1332622719551769,0.0476410081274259,0.1458942454337899,0.0513676183058448,396.6664007921777,984737.9244323616,984.7379244323618,335.56639591235535,122481.73450800644,1400.8391124476982,19586.438842380176,5.5706550483591855e-12,7.176481631177012e-12,5.589375629000415e-10,5.584297468885777e-10,0.0,3.552713678800501e-15,0.0,177.84761933853508,159.79770435664912,24.000000000000643,highs-ds,6.763199757315426,1.0,True,True,True,1,1,1,0
france_ottmarsheim,2023,France,Ottmarsheim,Ottmarshein LAT Nitrogen,Reforming,1,2024,21747.0,13.981933163014432,8760,rigid,False,1.0,1.5,0.6,0.0,high_investment_small_cavern,16,2.0,1,optimal,535.7446337147961,optimal,74.18308373636282,13171.429425742055,54.46328068429354,152.3456536164951,27.69826875515251,29.031602088485847,1.5,0.5,0.1332622719551769,0.0476410081274259,0.1349584748858447,0.0777260868594622,329.11892041014266,817048.9911140837,817.0489911140837,-0.0,122481.73450800644,1125.2646440780422,15733.37504420241,6.394884621840902e-12,3.637978807091713e-12,0.0,0.0,0.0,3.552713678800501e-15,1.3322676295501878e-13,177.84761933853508,355.40062417925634,0.0,highs-ds,France,Ottmarsheim,Ottmarshein LAT Nitrogen,Reforming,1,2024,21747.0,13.981933163014432,8760,flex_ml0p6_b24,True,0.6,1.5,0.6,24.0,high_investment_small_cavern,16,2.0,1,optimal,535.7446337147961,optimal,62.92789343191036,11173.036567132373,54.46328068429354,152.3456536164951,27.69826875515251,29.031602088485847,1.5,0.5,0.1332622719551769,0.0476410081274259,0.1349584748858447,0.0777260868594622,193.23236409776584,479705.9614194194,479.7059614194194,162.42599506058664,122481.73450800644,1005.2943810663336,14055.958845223438,5.542233338928781e-12,1.13544729174464e-11,3.299631678999049e-10,3.310560714453459e-10,0.0,1.7763568394002505e-15,3.1974423109204515e-14,177.84761933853508,259.7343491658177,11.616848197375337,highs-ds,15.172179070436005,0.0,True,True,True,1,0,1,0
italy_ferrara,2015,Italy,Ferrara,Ferrara YARA,Reforming,1,2024,63919.0,41.09583785564535,8760,rigid,False,1.0,1.5,0.6,0.0,high_investment_small_cavern,16,2.0,4,optimal,182.27504418710663,optimal,403.5165822424042,71645.58168019689,47.3545295684738,168.9657484922545,27.69826875515251,29.031602088485847,1.5,0.5,0.1532672922370956,0.0429548626682417,0.157918607305936,0.0485622665876102,495.67366179296255,3616776.8022995857,3616.7768022995856,-0.0,359999.5396154533,1422.4855257106435,58458.23451660705,7.418066161335446e-12,7.219114195322618e-12,0.0,0.0,0.0,3.552713678800501e-15,0.0,242.03458613276948,419.5875909734907,0.0,highs-ds,Italy,Ferrara,Ferrara YARA,Reforming,1,2024,63919.0,41.09583785564535,8760,flex_ml0p6_b24,True,0.6,1.5,0.6,24.0,high_investment_small_cavern,16,2.0,3,optimal,182.27504418710663,optimal,379.5165822424016,67384.30956401912,47.3545295684738,168.9657484922545,27.69826875515251,29.031602088485847,1.5,0.5,0.1532672922370956,0.0429548626682417,0.157918607305936,0.0485622665876102,457.684298881165,3339580.216916117,3339.580216916117,986.300108535466,359999.5396154533,1244.4036987927566,51139.81263255246,4.320099833421409e-12,7.275957614183426e-12,5.007327885664381e-10,5.020410753786564e-10,0.0,3.552713678800501e-15,1.1750600492632655e-11,181.5259395995771,167.54068045300872,23.999999999999453,highs-ds,5.947710963111066,1.0,False,False,True,3,1,3,0
italy_ferrara,2016,Italy,Ferrara,Ferrara YARA,Reforming,1,2024,63919.0,41.09583785564535,8784,rigid,False,1.0,1.5,0.6,0.0,high_investment_small_cavern,16,2.0,3,optimal,182.27504418710663,optimal,210.6135300939393,37395.0651282906,47.3545295684738,168.9657484922545,27.69826875515251,29.031602088485847,1.5,0.5,0.1532672922370956,0.0429548626682417,0.1537961224954462,0.0491670630075097,532.4532595867515,3885146.107251777,3885.146107251777,-0.0,360985.8397239887,1376.4110728731494,56564.7662735098,6.565414878423326e-12,7.261746759468224e-12,0.0,0.0,0.0,3.552713678800501e-15,1.3322676295501878e-13,181.5259395995771,359.0789444402984,0.0,highs-ds,Italy,Ferrara,Ferrara YARA,Reforming,1,2024,63919.0,41.09583785564535,8784,flex_ml0p6_b24,True,0.6,1.5,0.6,24.0,high_investment_small_cavern,16,2.0,3,optimal,182.27504418710663,optimal,186.61353009371933,33133.79301207423,47.3545295684738,168.9657484922545,27.69826875515251,29.031602088485847,1.5,0.5,0.1532672922370956,0.0429548626682417,0.1537961224954462,0.0491670630075097,323.0784697252705,2357403.276982827,2357.403276982828,853.4419018712532,360985.8397239887,1273.4592319226406,52333.8741108675,5.002220859751105e-12,3.637978807091713e-12,4.722315871674704e-10,4.729372449219227e-10,0.0,3.552713678800501e-15,1.2434497875801753e-13,181.5259395995771,242.21234304944988,20.76711283680558,highs-ds,11.395279301151884,0.0,False,False,True,2,1,2,1
italy_ferrara,2017,Italy,Ferrara,Ferrara YARA,Reforming,1,2024,63919.0,41.09583785564535,8760,rigid,False,1.0,1.5,0.6,0.0,high_investment_small_cavern,16,2.0,3,optimal,182.27504418710663,optimal,111.85215713287964,19859.68659685929,47.3545295684738,168.9657484922545,27.69826875515251,29.031602088485847,1.5,0.5,0.1532672922370956,0.0429548626682417,0.1625150650684931,0.0476293692508972,302.19852049891193,2205048.7707499946,2205.0487707499947,-0.0,359999.5396154533,1561.3152110803417,64163.55675611042,6.764366844436154e-12,3.637978807091713e-12,0.0,0.0,0.0,1.7763568394002505e-15,0.0,181.5259395995771,359.0789444402984,0.0,highs-ds,Italy,Ferrara,Ferrara YARA,Reforming,1,2024,63919.0,41.09583785564535,8760,flex_ml0p6_b24,True,0.6,1.5,0.6,24.0,high_investment_small_cavern,16,2.0,3,optimal,182.27504418710663,optimal,92.87231364727836,16489.758354584195,47.3545295684738,168.9657484922545,27.69826875515251,29.031602088485847,1.5,0.5,0.1532672922370956,0.0429548626682417,0.1625150650684931,0.0476293692508972,104.8378699423524,764969.3845713724,764.9693845713724,466.3562552457229,359999.5396154533,1146.9797194477078,47136.09257413659,5.3717030823463574e-12,1.8189894035458565e-12,4.17176515554729e-10,4.18367562815547e-10,0.0,3.552713678800501e-15,0.0,181.5259395995771,205.48126874559816,11.348016723344635,highs-ds,16.968687928882183,0.0,True,True,True,1,2,1,2
italy_ferrara,2018,Italy,Ferrara,Ferrara YARA,Reforming,1,2024,63919.0,41.09583785564535,8760,rigid,False,1.0,1.5,0.6,0.0,high_investment_small_cavern,16,2.0,3,optimal,182.27504418710663,optimal,149.7125518835494,26581.91344929658,47.3545295684738,168.9657484922545,27.69826875515251,29.031602088485847,1.5,0.5,0.1532672922370956,0.0429548626682417,0.1535690011415525,0.0449816423787779,443.5915882445945,3236750.08321989,3236.75008321989,-0.0,359999.5396154533,2200.2402480637334,90420.71647789209,6.394884621840902e-12,7.275957614183426e-12,0.0,0.0,0.0,1.7763568394002505e-15,2.8776980798284073e-13,181.5259395995771,177.55300484072126,0.0,highs-ds,Italy,Ferrara,Ferrara YARA,Reforming,1,2024,63919.0,41.09583785564535,8760,flex_ml0p6_b24,True,0.6,1.5,0.6,24.0,high_investment_small_cavern,16,2.0,3,optimal,182.27504418710663,optimal,125.71255188332675,22320.641333079737,47.3545295684738,168.9657484922545,27.69826875515251,29.031602088485847,1.5,0.5,0.1532672922370956,0.0429548626682417,0.1535690011415525,0.0449816423787779,240.2240060432833,1752839.981995505,1752.839981995505,837.5744112653387,359999.5396154533,1147.957681124982,47176.282728654885,5.6843418860808015e-12,3.637978807091713e-12,5.678160164279689e-10,5.67524693906307e-10,0.0,3.552713678800501e-15,1.2789769243681806e-13,181.5259395995771,175.06180216038058,20.38100340495384,highs-ds,16.030720001947806,0.0,True,True,True,1,2,1,2
italy_ferrara,2019,Italy,Ferrara,Ferrara YARA,Reforming,1,2024,63919.0,41.09583785564535,8760,rigid,False,1.0,1.5,0.6,0.0,high_investment_small_cavern,16,2.0,3,optimal,182.27504418710663,optimal,83.56933686055469,14837.986872137932,47.3545295684738,168.9657484922545,27.69826875515251,29.031602088485847,1.5,0.5,0.1532672922370956,0.0429548626682417,0.1583153824200913,0.048959009411936,169.0934546696501,1233822.4348207037,1233.8224348207036,-0.0,359999.5396154533,1137.481237406119,46745.7444962807,6.792788553866558e-12,1.8189894035458565e-12,0.0,0.0,0.0,3.552713678800501e-15,0.0,181.5259395995771,359.0789444402984,0.0,highs-ds,Italy,Ferrara,Ferrara YARA,Reforming,1,2024,63919.0,41.09583785564535,8760,flex_ml0p6_b24,True,0.6,1.5,0.6,24.0,high_investment_small_cavern,16,2.0,2,optimal,182.27504418710663,optimal,60.05322332416672,10662.63025157669,47.3545295684738,168.9657484922545,27.69826875515251,29.031602088485847,1.5,0.5,0.1532672922370956,0.0429548626682417,0.1583153824200913,0.048959009411936,256.71520915157515,1873171.1705204945,1873.1711705204943,360.3016202671986,359999.5396154533,1589.1287263106724,65306.576468211606,3.353761712787673e-12,3.637978807091713e-12,3.649001101280192e-10,3.656168701127172e-10,0.0,3.552713678800501e-15,0.0,121.01729306638474,159.79770435664912,8.767350638592806,highs-ds,28.139643581984355,1.0,True,True,True,1,2,1,1
italy_ferrara,2020,Italy,Ferrara,Ferrara YARA,Reforming,1,2024,63919.0,41.09583785564535,8784,rigid,False,1.0,1.5,0.6,0.0,high_investment_small_cavern,16,2.0,4,optimal,182.27504418710663,optimal,247.5647073928992,43955.85769012317,47.3545295684738,168.9657484922545,27.69826875515251,29.031602088485847,1.5,0.5,0.1532672922370956,0.0429548626682417,0.1619056045081967,0.0484108638810316,393.20353508366526,2869084.104910137,2869.0841049101373,-0.0,360985.8397239887,1419.851435252434,58349.98436223935,7.702283255639486e-12,7.247535904753022e-12,0.0,0.0,0.0,3.552713678800501e-15,4.583000645652646e-13,242.03458613276948,419.5875909734907,0.0,highs-ds,Italy,Ferrara,Ferrara YARA,Reforming,1,2024,63919.0,41.09583785564535,8784,flex_ml0p6_b24,True,0.6,1.5,0.6,24.0,high_investment_small_cavern,16,2.0,3,optimal,182.27504418710663,optimal,223.5647073928994,39694.5855739459,47.3545295684738,168.9657484922545,27.69826875515251,29.031602088485847,1.5,0.5,0.1532672922370956,0.0429548626682417,0.1619056045081967,0.0484108638810316,374.5951434528565,2733304.449128212,2733.304449128212,986.3001085354944,360985.8397239887,1225.7464270384964,50373.07641771068,5.5990767577895895e-12,8.848743959788408e-11,4.881339776829915e-10,4.874891601502892e-10,0.0,3.552713678800501e-15,0.0,181.5259395995771,189.684058228814,24.00000000000015,highs-ds,9.694435144954019,1.0,False,False,True,2,2,2,1
italy_ferrara,2021,Italy,Ferrara,Ferrara YARA,Reforming,1,2024,63919.0,41.09583785564535,8760,rigid,False,1.0,1.5,0.6,0.0,high_investment_small_cavern,16,2.0,3,optimal,182.27504418710663,optimal,173.70634554834402,30842.083612009123,47.3545295684738,168.9657484922545,27.69826875515251,29.031602088485847,1.5,0.5,0.1532672922370956,0.0429548626682417,0.1593394520547945,0.0434347267970895,294.0316996876724,2145458.015106887,2145.458015106887,-0.0,359999.5396154533,1334.895204280685,54858.6368693976,6.849631972727366e-12,3.637978807091713e-12,0.0,0.0,0.0,3.552713678800501e-15,7.460698725481053e-14,181.5259395995771,359.0789444402984,0.0,highs-ds,Italy,Ferrara,Ferrara YARA,Reforming,1,2024,63919.0,41.09583785564535,8760,flex_ml0p6_b24,True,0.6,1.5,0.6,24.0,high_investment_small_cavern,16,2.0,3,optimal,182.27504418710663,optimal,149.7063455481324,26580.81149579424,47.3545295684738,168.9657484922545,27.69826875515251,29.031602088485847,1.5,0.5,0.1532672922370956,0.0429548626682417,0.1593394520547945,0.0434347267970895,171.2783111575966,1249764.6542103216,1249.7646542103216,940.5049195480498,359999.5396154533,827.0207652277435,33987.111271051086,5.7411853049416095e-12,1.8189894035458565e-12,4.2912873254863366e-10,4.292814992368221e-10,0.0,3.552713678800501e-15,0.0,181.5259395995771,218.42625751791056,22.88564897622236,highs-ds,13.816420997431102,0.0,True,True,True,1,2,1,2
italy_ferrara,2022,Italy,Ferrara,Ferrara YARA,Reforming,1,2024,63919.0,41.09583785564535,8760,rigid,False,1.0,1.5,0.6,0.0,high_investment_small_cavern,16,2.0,4,optimal,182.27504418710663,optimal,387.9069279515193,68874.04065632542,47.3545295684738,168.9657484922545,27.69826875515251,29.031602088485847,1.5,0.5,0.1532672922370956,0.0429548626682417,0.1636676780821918,0.0381873192637825,540.3640798124488,3942868.906110949,3942.868906110949,-0.0,359999.5396154533,1662.7568205917771,68332.38469240807,7.219114195322618e-12,7.247535904753022e-12,0.0,0.0,0.0,3.552713678800501e-15,4.636291350834654e-13,242.03458613276948,419.5875909734907,0.0,highs-ds,Italy,Ferrara,Ferrara YARA,Reforming,1,2024,63919.0,41.09583785564535,8760,flex_ml0p6_b24,True,0.6,1.5,0.6,24.0,high_investment_small_cavern,16,2.0,3,optimal,182.27504418710663,optimal,363.90692795129246,64612.76854010784,47.3545295684738,168.9657484922545,27.69826875515251,29.031602088485847,1.5,0.5,0.1532672922370956,0.0429548626682417,0.1636676780821918,0.0381873192637825,509.13679597083393,3715013.112061613,3715.013112061613,986.300108548055,359999.5396154533,1462.2777509836064,60093.52935434004,5.1727511163335285e-12,7.275957614183426e-12,5.123228508097101e-10,5.129550117999312e-10,0.0,3.552713678800501e-15,0.0,181.5259395995771,169.2726943042693,24.00000000030579,highs-ds,6.187051138005555,1.0,False,False,True,3,1,2,1
italy_ferrara,2023,Italy,Ferrara,Ferrara YARA,Reforming,1,2024,63919.0,41.09583785564535,8760,rigid,False,1.0,1.5,0.6,0.0,high_investment_small_cavern,16,2.0,3,optimal,182.27504418710663,optimal,185.79637303025143,32988.704320028686,47.3545295684738,168.9657484922545,27.69826875515251,29.031602088485847,1.5,0.5,0.1532672922370956,0.0429548626682417,0.1610264497716894,0.051879863333548,293.74570152455675,2143371.175313715,2143.371175313715,-0.0,359999.5396154533,1115.326306214431,45835.26903632411,6.565414878423326e-12,3.637978807091713e-12,0.0,0.0,0.0,3.552713678800501e-15,0.0,181.5259395995771,359.0789444402984,0.0,highs-ds,Italy,Ferrara,Ferrara YARA,Reforming,1,2024,63919.0,41.09583785564535,8760,flex_ml0p6_b24,True,0.6,1.5,0.6,24.0,high_investment_small_cavern,16,2.0,2,optimal,182.27504418710663,optimal,161.79637303004918,28727.432203815464,47.3545295684738,168.9657484922545,27.69826875515251,29.031602088485847,1.5,0.5,0.1532672922370956,0.0429548626682417,0.1610264497716894,0.051879863333548,349.4982485567384,2550180.199714402,2550.180199714402,765.9882646254509,359999.5396154533,1683.718704809174,69193.83088735501,3.097966327914037e-12,3.637978807091713e-12,3.9156766717951536e-10,3.92901711165905e-10,0.0,3.552713678800501e-15,1.5454304502782184e-13,121.01729306638474,159.79770435664912,18.639071609054124,highs-ds,12.91736733541863,1.0,False,True,True,2,1,1,1
netherlands_geleen,2015,Netherlands,Geleen,Geleen OCI Nitrogen,Reforming,1,2024,145053.0,93.2598220947594,8760,rigid,False,1.0,1.5,0.6,0.0,high_investment_small_cavern,16,2.0,5,optimal,80.32125188307494,optimal,212.57943087686667,37744.11671951808,60.60720882288522,36.78709989053515,27.69826875515251,29.031602088485847,1.5,0.5,0.1197530898235472,0.1972947186301257,0.123349156392694,0.2224574890468003,325.7822862804123,5394486.06984391,5394.48606984391,-0.0,816956.0415500924,903.6649535376212,84275.63280018758,5.2011728257639326e-12,3.637978807091713e-12,0.0,0.0,0.0,3.552713678800501e-15,0.0,133.3185862324503,177.55300484072126,0.0,highs-ds,Netherlands,Geleen,Geleen OCI Nitrogen,Reforming,1,2024,145053.0,93.2598220947594,8760,flex_ml0p6_b24,True,0.6,1.5,0.6,24.0,high_investment_small_cavern,16,2.0,4,optimal,80.32125188307494,optimal,188.5794308768669,33482.8446033408,60.60720882288522,36.78709989053515,27.69826875515251,29.031602088485847,1.5,0.5,0.1197530898235472,0.1972947186301257,0.123349156392694,0.2224574890468003,258.7901675006141,4285192.941377463,4285.192941377462,2238.2357302742403,816956.0415500924,803.52528875817,74936.6254782271,5.2011728257639326e-12,1.2073542166035622e-10,3.0455193922307444e-10,3.055902197957039e-10,0.0,2.775557561562892e-15,0.0,106.65486898596022,159.79770435664912,24.00000000000016,highs-ds,11.289897569582543,1.0,False,False,True,3,2,3,1
netherlands_geleen,2016,Netherlands,Geleen,Geleen OCI Nitrogen,Reforming,1,2024,145053.0,93.2598220947594,8784,rigid,False,1.0,1.5,0.6,0.0,high_investment_small_cavern,16,2.0,6,optimal,80.32125188307494,optimal,200.93942280261493,35677.39830956442,60.60720882288522,36.78709989053515,27.69826875515251,29.031602088485847,1.5,0.5,0.1197530898235472,0.1972947186301257,0.1210207229052823,0.180783573808908,292.97147776904,4851186.274524265,4851.186274524265,-0.0,819194.2772803665,1463.3246961143018,136469.40082648766,6.622258297284134e-12,3.637978807091713e-12,0.0,0.0,0.0,3.552713678800501e-15,0.0,159.98230347894034,177.55300484072126,0.0,highs-ds,Netherlands,Geleen,Geleen OCI Nitrogen,Reforming,1,2024,145053.0,93.2598220947594,8784,flex_ml0p6_b24,True,0.6,1.5,0.6,24.0,high_investment_small_cavern,16,2.0,5,optimal,80.32125188307494,optimal,176.93942280261527,31416.12619338717,60.60720882288522,36.78709989053515,27.69826875515251,29.031602088485847,1.5,0.5,0.1197530898235472,0.1972947186301257,0.1210207229052823,0.180783573808908,220.77872725104567,3655778.164834012,3655.778164834013,2238.235730274217,819194.2772803665,866.0745730583883,80769.96060421999,4.632738637155853e-12,3.637978807091713e-12,4.748779147689675e-10,4.765752237290144e-10,0.0,3.552713678800501e-15,3.3750779948604765e-14,133.3185862324503,159.79770435664912,23.999999999999908,highs-ds,11.943898148635139,1.0,False,False,True,3,3,3,2
netherlands_geleen,2017,Netherlands,Geleen,Geleen OCI Nitrogen,Reforming,1,2024,145053.0,93.2598220947594,8760,rigid,False,1.0,1.5,0.6,0.0,high_investment_small_cavern,16,2.0,5,optimal,80.32125188307494,optimal,92.18325088149852,16367.413189996128,60.60720882288522,36.78709989053515,27.69826875515251,29.031602088485847,1.5,0.5,0.1197530898235472,0.1972947186301257,0.1191195285388127,0.1909924697033574,242.5063371715053,4015556.133075156,4015.556133075156,-0.0,816956.0415500924,2074.511578213401,193468.5807177004,5.2011728257639326e-12,3.637978807091713e-12,0.0,0.0,0.0,1.5543122344752197e-15,8.171241461241152e-14,133.3185862324503,177.55300484072126,0.0,highs-ds,Netherlands,Geleen,Geleen OCI Nitrogen,Reforming,1,2024,145053.0,93.2598220947594,8760,flex_ml0p6_b24,True,0.6,1.5,0.6,24.0,high_investment_small_cavern,16,2.0,4,optimal,80.32125188307494,optimal,77.73773291574817,13802.56806869653,60.60720882288522,36.78709989053515,27.69826875515251,29.031602088485847,1.5,0.5,0.1197530898235472,0.1972947186301257,0.1191195285388127,0.1909924697033574,189.8884763822109,3144280.041628863,3144.280041628864,537.3246331098976,816956.0415500924,1697.0340128039777,158265.0901228546,5.1727511163335285e-12,3.211653165635653e-12,3.792948177760991e-10,3.7834979593753815e-10,0.0,3.552713678800501e-15,0.0,106.65486898596022,213.30973797192044,5.761587584457678,highs-ds,15.670436687376164,1.0,False,True,True,2,3,1,3
netherlands_geleen,2018,Netherlands,Geleen,Geleen OCI Nitrogen,Reforming,1,2024,145053.0,93.2598220947594,8760,rigid,False,1.0,1.5,0.6,0.0,high_investment_small_cavern,16,2.0,5,optimal,80.32125188307494,optimal,80.44515105870092,14283.278295338076,60.60720882288522,36.78709989053515,27.69826875515251,29.031602088485847,1.5,0.5,0.1197530898235472,0.1972947186301257,0.1334269394977169,0.1790335367169862,355.16403411254186,5881005.552525861,5881.005552525861,-0.0,816956.0415500924,1564.5619201822972,145910.76633243618,5.485389920067973e-12,3.637978807091713e-12,0.0,0.0,0.0,3.552713678800501e-15,0.0,133.3185862324503,177.55300484072126,0.0,highs-ds,Netherlands,Geleen,Geleen OCI Nitrogen,Reforming,1,2024,145053.0,93.2598220947594,8760,flex_ml0p6_b24,True,0.6,1.5,0.6,24.0,high_investment_small_cavern,16,2.0,4,optimal,80.32125188307494,optimal,65.01830017394462,11544.194565519858,60.60720882288522,36.78709989053515,27.69826875515251,29.031602088485847,1.5,0.5,0.1197530898235472,0.1972947186301257,0.1334269394977169,0.1790335367169862,297.77708317030374,4930760.187797041,4930.760187797041,373.0392883790348,816956.0415500924,1317.7797138381188,122895.90167262591,5.2011728257639326e-12,3.637978807091713e-12,3.449573959812824e-10,3.4560798667371273e-10,0.0,3.552713678800501e-15,0.0,106.65486898596022,213.30973797192044,4.000000000000004,highs-ds,19.1768561333166,1.0,False,True,True,2,3,1,3
netherlands_geleen,2019,Netherlands,Geleen,Geleen OCI Nitrogen,Reforming,1,2024,145053.0,93.2598220947594,8760,rigid,False,1.0,1.5,0.6,0.0,high_investment_small_cavern,16,2.0,5,optimal,80.32125188307494,optimal,79.35258237617727,14089.289442761135,60.60720882288522,36.78709989053515,27.69826875515251,29.031602088485847,1.5,0.5,0.1197530898235472,0.1972947186301257,0.1264764908675799,0.205890839104247,180.55249211990187,2989689.57071554,2989.68957071554,-0.0,816956.0415500924,1398.588497967354,130432.1145042122,5.2011728257639326e-12,1.8189894035458565e-12,0.0,0.0,0.0,3.552713678800501e-15,0.0,133.3185862324503,177.55300484072126,0.0,highs-ds,Netherlands,Geleen,Geleen OCI Nitrogen,Reforming,1,2024,145053.0,93.2598220947594,8760,flex_ml0p6_b24,True,0.6,1.5,0.6,24.0,high_investment_small_cavern,16,2.0,4,optimal,80.32125188307494,optimal,55.35258237598587,9828.017326549842,60.60720882288522,36.78709989053515,27.69826875515251,29.031602088485847,1.5,0.5,0.1197530898235472,0.1972947186301257,0.1264764908675799,0.205890839104247,148.91536473925686,2465824.2467492498,2465.8242467492496,470.5985097679635,816956.0415500924,1099.2854766206071,102519.16798099062,6.16751094639767e-12,1.1766587704187259e-11,3.009801297082504e-10,3.019522409886122e-10,0.0,3.552713678800501e-15,0.0,106.65486898596022,213.30973797192044,5.046101302764635,highs-ds,30.244762402838358,1.0,True,True,True,1,4,1,3
netherlands_geleen,2020,Netherlands,Geleen,Geleen OCI Nitrogen,Reforming,1,2024,145053.0,93.2598220947594,8784,rigid,False,1.0,1.5,0.6,0.0,high_investment_small_cavern,16,2.0,4,optimal,80.32125188307494,optimal,86.6910405233702,15392.254737693112,60.60720882288522,36.78709989053515,27.69826875515251,29.031602088485847,1.5,0.5,0.1197530898235472,0.1972947186301257,0.1289063888888889,0.2373273198056511,300.1007270437148,4969236.388113239,4969.236388113239,-0.0,819194.2772803665,1737.4073594878955,162030.30125196683,4.916955731459893e-12,3.637978807091713e-12,0.0,0.0,0.0,8.881784197001252e-16,0.0,106.65486898596022,177.55300484072126,0.0,highs-ds,Netherlands,Geleen,Geleen OCI Nitrogen,Reforming,1,2024,145053.0,93.2598220947594,8784,flex_ml0p6_b24,True,0.6,1.5,0.6,24.0,high_investment_small_cavern,16,2.0,4,optimal,80.32125188307494,optimal,68.66653694804288,12191.949967131422,60.60720882288522,36.78709989053515,27.69826875515251,29.031602088485847,1.5,0.5,0.1197530898235472,0.1972947186301257,0.1289063888888889,0.2373273198056511,137.61986210836568,2278786.970137531,2278.7869701375307,632.8467233406212,819194.2772803665,792.0687410365075,73868.18987588474,4.547473508864641e-12,1.8189894035458565e-12,1.7348256164950726e-10,1.7462298274040222e-10,0.0,3.552713678800501e-15,1.0658141036401504e-14,106.65486898596022,213.30973797192044,6.785845277482929,highs-ds,20.791656746198907,0.0,False,True,True,2,2,1,3
netherlands_geleen,2021,Netherlands,Geleen,Geleen OCI Nitrogen,Reforming,1,2024,145053.0,93.2598220947594,8760,rigid,False,1.0,1.5,0.6,0.0,high_investment_small_cavern,16,2.0,6,optimal,80.32125188307494,optimal,154.20077781544188,27378.81144990813,60.60720882288522,36.78709989053515,27.69826875515251,29.031602088485847,1.5,0.5,0.1197530898235472,0.1972947186301257,0.1202649052511415,0.1790537220855849,355.4016814966674,5884940.6513854,5884.940651385399,-0.0,816956.0415500924,1535.130654348946,143166.01171679428,6.963318810448982e-12,3.637978807091713e-12,0.0,0.0,0.0,3.552713678800501e-15,0.0,159.98230347894423,177.55300484072126,0.0,highs-ds,Netherlands,Geleen,Geleen OCI Nitrogen,Reforming,1,2024,145053.0,93.2598220947594,8760,flex_ml0p6_b24,True,0.6,1.5,0.6,24.0,high_investment_small_cavern,16,2.0,5,optimal,80.32125188307494,optimal,130.20077781524424,23117.53933369573,60.60720882288522,36.78709989053515,27.69826875515251,29.031602088485847,1.5,0.5,0.1197530898235472,0.1972947186301257,0.1202649052511415,0.1790537220855849,266.7185872837473,4416476.169094682,4416.476169094682,2179.920230697238,816956.0415500924,770.7426699746586,71879.32428267652,4.206412995699793e-12,3.637978807091713e-12,5.342157827215033e-10,5.347828846424817e-10,0.0,3.552713678800501e-15,5.364597654988756e-13,133.3185862324503,159.79770435664912,23.37469857579468,highs-ds,15.564123826225115,1.0,False,False,True,2,4,2,3
netherlands_geleen,2022,Netherlands,Geleen,Geleen OCI Nitrogen,Reforming,1,2024,145053.0,93.2598220947594,8760,rigid,False,1.0,1.5,0.6,0.0,high_investment_small_cavern,16,2.0,5,optimal,80.32125188307494,optimal,235.62137353764592,41835.28287630704,60.60720882288522,36.78709989053515,27.69826875515251,29.031602088485847,1.5,0.5,0.1197530898235472,0.1972947186301257,0.1314473904109589,0.1851579907472504,291.8464861066172,4832558.030733236,4832.558030733236,-0.0,816956.0415500924,1801.7651299094364,168032.2954718951,5.2580162446247406e-12,3.637978807091713e-12,0.0,0.0,0.0,3.552713678800501e-15,0.0,133.3185862324503,177.55300484072126,0.0,highs-ds,Netherlands,Geleen,Geleen OCI Nitrogen,Reforming,1,2024,145053.0,93.2598220947594,8760,flex_ml0p6_b24,True,0.6,1.5,0.6,24.0,high_investment_small_cavern,16,2.0,4,optimal,80.32125188307494,optimal,211.621373537646,37574.01076012974,60.60720882288522,36.78709989053515,27.69826875515251,29.031602088485847,1.5,0.5,0.1197530898235472,0.1972947186301257,0.1314473904109589,0.1851579907472504,227.8396903873396,3772697.558191184,3772.697558191184,2238.2357302742234,816956.0415500924,1387.7687114157145,129423.06313530302,3.268496584496461e-12,3.637978807091713e-12,3.9143310814893084e-10,3.92901711165905e-10,0.0,1.1102230246251563e-15,0.0,106.65486898596022,159.79770435664912,23.99999999999998,highs-ds,10.185833160914564,1.0,False,False,True,3,2,3,1
netherlands_geleen,2023,Netherlands,Geleen,Geleen OCI Nitrogen,Reforming,1,2024,145053.0,93.2598220947594,8760,rigid,False,1.0,1.5,0.6,0.0,high_investment_small_cavern,16,2.0,4,optimal,80.32125188307494,optimal,96.99377560818616,17221.53631008011,60.60720882288522,36.78709989053515,27.69826875515251,29.031602088485847,1.5,0.5,0.1197530898235472,0.1972947186301257,0.12103775456621,0.2508092127539803,218.23074305159224,3613587.2113998416,3613.5872113998416,-0.0,816956.0415500924,1335.014722615274,124503.23552498502,5.2864379540551446e-12,3.637978807091713e-12,0.0,0.0,0.0,8.881784197001252e-16,0.0,106.65486898596022,177.55300484072126,0.0,highs-ds,Netherlands,Geleen,Geleen OCI Nitrogen,Reforming,1,2024,145053.0,93.2598220947594,8760,flex_ml0p6_b24,True,0.6,1.5,0.6,24.0,high_investment_small_cavern,16,2.0,3,optimal,80.32125188307494,optimal,73.59377560818615,13066.795996807228,60.60720882288522,36.78709989053515,27.69826875515251,29.031602088485847,1.5,0.5,0.1197530898235472,0.1972947186301257,0.12103775456621,0.2508092127539803,214.36973422423247,3549654.4587246114,3549.6544587246112,1016.3912604294104,816956.0415500924,1373.0871748302748,128053.8656452672,2.8705926524708048e-12,3.637978807091713e-12,1.3322676295501878e-15,0.0,0.0,2.775557561562892e-15,2.6645352591003763e-14,79.99115173947017,159.79770435664912,10.898490235126934,highs-ds,24.125259433683777,1.0,False,True,True,2,2,1,2
netherlands_sluiskil,2015,Netherlands,Sluiskil,Sluiskil YARA,Reforming,1,2024,222970.0,143.35548063444742,8760,rigid,False,1.0,1.5,0.6,0.0,high_investment_small_cavern,16,2.0,7,optimal,52.25294232136911,optimal,147.90019047180508,26260.123234784,60.580852051744216,30.031536924951705,27.69826875515251,29.031602088485847,1.5,0.5,0.1198051905232735,0.2416759601834175,0.1233752237442922,0.2764636616030323,262.62618597463086,6684675.877484412,6684.675877484412,-0.0,1255794.0103577594,851.2320258709905,122028.77620017022,5.1159076974727205e-12,3.637978807091713e-12,0.0,0.0,0.0,8.881784197001252e-16,0.0,121.42245703137576,177.55300484072126,0.0,highs-ds,Netherlands,Sluiskil,Sluiskil YARA,Reforming,1,2024,222970.0,143.35548063444742,8760,flex_ml0p6_b24,True,0.6,1.5,0.6,24.0,high_investment_small_cavern,16,2.0,5,optimal,52.25294232136911,optimal,123.90019047180527,21998.85111860673,60.580852051744216,30.031536924951705,27.69826875515251,29.031602088485847,1.5,0.5,0.1198051905232735,0.2416759601834175,0.1233752237442922,0.2764636616030323,247.88513504454235,6309469.013799271,6309.46901379927,2751.660252755947,1255794.0103577594,788.9267322035781,113096.97088040791,3.836930773104541e-12,1.135305183197488e-10,1.6785817180675622e-10,1.673470251262188e-10,0.0,8.881784197001252e-16,2.131628207280301e-14,86.73032645098269,159.79770435664912,19.194663786678696,highs-ds,16.22715962936845,2.0,False,False,True,3,4,3,2
netherlands_sluiskil,2016,Netherlands,Sluiskil,Sluiskil YARA,Reforming,1,2024,222970.0,143.35548063444742,8784,rigid,False,1.0,1.5,0.6,0.0,high_investment_small_cavern,16,2.0,8,optimal,52.25294232136911,optimal,142.2241913388879,25252.33253326123,60.580852051744216,30.031536924951705,27.69826875515251,29.031602088485847,1.5,0.5,0.1198051905232735,0.2416759601834175,0.1256092679872495,0.2277345171999167,279.1638242043933,7105611.630462737,7105.611630462737,-0.0,1259234.541892986,1240.2638483242265,177798.62009004888,6.963318810448982e-12,3.637978807091713e-12,0.0,0.0,0.0,3.552713678800501e-15,7.638334409421078e-14,138.7685223215723,177.55300484072126,0.0,highs-ds,Netherlands,Sluiskil,Sluiskil YARA,Reforming,1,2024,222970.0,143.35548063444742,8784,flex_ml0p6_b24,True,0.6,1.5,0.6,24.0,high_investment_small_cavern,16,2.0,6,optimal,52.25294232136911,optimal,118.22419133888825,20991.06041708398,60.580852051744216,30.031536924951705,27.69826875515251,29.031602088485847,1.5,0.5,0.1198051905232735,0.2416759601834175,0.1256092679872495,0.2277345171999167,235.7475155351773,6000527.8012418365,6000.527801241837,2553.601192388069,1259234.541892986,1245.7747181621487,178588.6334843781,3.268496584496461e-12,3.637978807091713e-12,3.6843506023842565e-10,3.6925484891980886e-10,0.0,1.7763568394002505e-15,1.1368683772161605e-13,104.07639174117924,159.79770435664912,17.81306986720433,highs-ds,16.87476636292704,2.0,False,False,True,3,5,3,3
netherlands_sluiskil,2017,Netherlands,Sluiskil,Sluiskil YARA,Reforming,1,2024,222970.0,143.35548063444742,8760,rigid,False,1.0,1.5,0.6,0.0,high_investment_small_cavern,16,2.0,7,optimal,52.25294232136911,optimal,109.67355873764824,19472.869905444782,60.580852051744216,30.031536924951705,27.69826875515251,29.031602088485847,1.5,0.5,0.1198051905232735,0.2416759601834175,0.122020109589041,0.2296067334547365,257.19700586532645,6546485.890158885,6546.485890158885,-0.0,1255794.0103577594,2305.3220736147728,330480.5538802467,5.115907697472721e-12,3.637978807091713e-12,0.0,0.0,0.0,8.881784197001252e-16,0.0,121.42245703137576,177.55300484072126,0.0,highs-ds,Netherlands,Sluiskil,Sluiskil YARA,Reforming,1,2024,222970.0,143.35548063444742,8760,flex_ml0p6_b24,True,0.6,1.5,0.6,24.0,high_investment_small_cavern,16,2.0,6,optimal,52.25294232136911,optimal,89.84113299129537,15951.563120899347,60.580852051744216,30.031536924951705,27.69826875515251,29.031602088485847,1.5,0.5,0.1198051905232735,0.2416759601834175,0.122020109589041,0.2296067334547365,152.16915861255512,3873191.472128016,3873.191472128016,2508.6466524935395,1255794.0103577594,978.0093289616872,140202.99741827603,3.325340003357269e-12,1.8189894035458565e-12,3.902917988796162e-10,3.92901711165905e-10,0.0,1.7763568394002505e-15,1.0302869668521453e-13,104.07639174117924,159.79770435664912,17.499481996719194,highs-ds,18.083142349556024,1.0,False,False,True,3,4,2,4
netherlands_sluiskil,2018,Netherlands,Sluiskil,Sluiskil YARA,Reforming,1,2024,222970.0,143.35548063444742,8760,rigid,False,1.0,1.5,0.6,0.0,high_investment_small_cavern,16,2.0,7,optimal,52.25294232136911,optimal,73.27756775021913,13010.65234147094,60.580852051744216,30.031536924951705,27.69826875515251,29.031602088485847,1.5,0.5,0.1198051905232735,0.2416759601834175,0.1320652248858447,0.2268330747447781,233.17981444758053,5935171.601298749,5935.171601298749,-0.0,1255794.0103577594,1424.4559433537577,204203.5664020732,5.115907697472721e-12,3.637978807091713e-12,0.0,0.0,0.0,1.6653345369377348e-15,0.0,121.42245703137576,177.55300484072126,0.0,highs-ds,Netherlands,Sluiskil,Sluiskil YARA,Reforming,1,2024,222970.0,143.35548063444742,8760,flex_ml0p6_b24,True,0.6,1.5,0.6,24.0,high_investment_small_cavern,16,2.0,6,optimal,52.25294232136911,optimal,56.04316128469481,9950.63168687074,60.580852051744216,30.031536924951705,27.69826875515251,29.031602088485847,1.5,0.5,0.1198051905232735,0.2416759601834175,0.1320652248858447,0.2268330747447781,136.4640630478186,3473446.591069876,3473.4465910698764,828.1682502709899,1255794.0103577594,958.2054089327638,137363.9969440836,4.888534022029489e-12,1.8189894035458565e-12,3.066635834159115e-10,3.074092091992497e-10,0.0,1.7763568394002505e-15,5.861977570020829e-14,104.07639174117924,208.15278348235847,5.777025381978918,highs-ds,23.51934840996791,1.0,False,False,True,2,5,2,4
netherlands_sluiskil,2019,Netherlands,Sluiskil,Sluiskil YARA,Reforming,1,2024,222970.0,143.35548063444742,8760,rigid,False,1.0,1.5,0.6,0.0,high_investment_small_cavern,16,2.0,7,optimal,52.25294232136911,optimal,85.24949116940553,15136.303318270484,60.580852051744216,30.031536924951705,27.69826875515251,29.031602088485847,1.5,0.5,0.1198051905232735,0.2416759601834175,0.1268255958904109,0.2522240504691707,118.4531251442194,3015010.6522153653,3015.010652215365,-0.0,1255794.0103577594,1668.5485194941275,239195.5749739764,5.115907697472721e-12,1.8189894035458565e-12,0.0,0.0,0.0,1.6653345369377348e-15,0.0,121.42245703137576,177.55300484072126,0.0,highs-ds,Netherlands,Sluiskil,Sluiskil YARA,Reforming,1,2024,222970.0,143.35548063444742,8760,flex_ml0p6_b24,True,0.6,1.5,0.6,24.0,high_investment_small_cavern,16,2.0,5,optimal,52.25294232136911,optimal,61.24949116921713,10875.031202059725,60.580852051744216,30.031536924951705,27.69826875515251,29.031602088485847,1.5,0.5,0.1198051905232735,0.2416759601834175,0.1268255958904109,0.2522240504691707,183.90220086909503,4680898.827372388,4680.898827372388,786.0746774397752,1255794.0103577594,1190.9802603028668,170733.54764185677,4.405364961712621e-12,1.8189894035458565e-12,2.527014153486107e-10,2.546585164964198e-10,0.0,3.552713678800501e-15,0.0,86.73032645098269,159.79770435664912,5.48339466311891,highs-ds,28.15266070327181,2.0,False,False,True,2,5,2,3
netherlands_sluiskil,2020,Netherlands,Sluiskil,Sluiskil YARA,Reforming,1,2024,222970.0,143.35548063444742,8784,rigid,False,1.0,1.5,0.6,0.0,high_investment_small_cavern,16,2.0,6,optimal,52.25294232136911,optimal,109.51872401411696,19445.378535028125,60.580852051744216,30.031536924951705,27.69826875515251,29.031602088485847,1.5,0.5,0.1198051905232735,0.2416759601834175,0.1283542953096539,0.2934259491026521,208.4990025031953,5306966.048874139,5306.966048874139,-0.0,1259234.541892986,959.9629877216868,137615.95549612257,5.002220859751105e-12,3.637978807091713e-12,0.0,0.0,0.0,1.7763568394002505e-15,1.2434497875801753e-13,104.07639174117924,177.55300484072126,0.0,highs-ds,Netherlands,Sluiskil,Sluiskil YARA,Reforming,1,2024,222970.0,143.35548063444742,8784,flex_ml0p6_b24,True,0.6,1.5,0.6,24.0,high_investment_small_cavern,16,2.0,5,optimal,52.25294232136911,optimal,93.2187240141171,16551.26455612439,60.580852051744216,30.031536924951705,27.69826875515251,29.031602088485847,1.5,0.5,0.1198051905232735,0.2416759601834175,0.1283542953096539,0.2934259491026521,170.33454929545437,4335558.727900395,4335.558727900395,548.9329793140508,1259234.541892986,561.8746222404654,80547.8065275805,5.454126039694529e-11,8.286482611197243e-12,5.67439428778016e-11,5.820766091346741e-11,0.0,1.7763568394002505e-15,6.572520305780928e-14,86.73032645098269,173.46065290196535,3.829173303208512,highs-ds,14.883299770639024,1.0,False,False,True,3,3,2,3
netherlands_sluiskil,2021,Netherlands,Sluiskil,Sluiskil YARA,Reforming,1,2024,222970.0,143.35548063444742,8760,rigid,False,1.0,1.5,0.6,0.0,high_investment_small_cavern,16,2.0,8,optimal,52.25294232136911,optimal,186.14693480501435,33050.947616520134,60.580852051744216,30.031536924951705,27.69826875515251,29.031602088485847,1.5,0.5,0.1198051905232735,0.2416759601834175,0.1209941038812785,0.2194638078926175,352.11553933871,8962465.959629243,8962.465959629244,-0.0,1255794.0103577594,1500.40432026993,215091.1824782972,6.565414878423326e-12,3.637978807091713e-12,0.0,0.0,0.0,1.7763568394002505e-15,0.0,138.7685223215723,177.55300484072126,0.0,highs-ds,Netherlands,Sluiskil,Sluiskil YARA,Reforming,1,2024,222970.0,143.35548063444742,8760,flex_ml0p6_b24,True,0.6,1.5,0.6,24.0,high_investment_small_cavern,16,2.0,6,optimal,52.25294232136911,optimal,162.14693480501435,28789.67550034283,60.580852051744216,30.031536924951705,27.69826875515251,29.031602088485847,1.5,0.5,0.1198051905232735,0.2416759601834175,0.1209941038812785,0.2194638078926175,288.3210902175037,7338693.32029644,7338.69332029644,3440.531535226735,1255794.0103577594,1468.8349136007664,210565.5350118949,3.268496584496461e-12,3.637978807091713e-12,4.111035956100295e-10,4.1109160520136356e-10,0.0,1.7763568394002505e-15,0.0,104.07639174117924,159.79770435664912,23.99999999999998,highs-ds,12.89304066442973,2.0,False,False,True,4,4,4,2
netherlands_sluiskil,2022,Netherlands,Sluiskil,Sluiskil YARA,Reforming,1,2024,222970.0,143.35548063444742,8760,rigid,False,1.0,1.5,0.6,0.0,high_investment_small_cavern,16,2.0,7,optimal,52.25294232136911,optimal,201.806915189457,35831.42418952468,60.580852051744216,30.031536924951705,27.69826875515251,29.031602088485847,1.5,0.5,0.1198051905232735,0.2416759601834175,0.1324676586757991,0.2257513551710785,317.6085879731368,8084153.751183826,8084.153751183826,-0.0,1255794.0103577594,1698.4290797690842,243479.1170538193,5.059064278611913e-12,3.637978807091713e-12,0.0,0.0,0.0,1.3322676295501878e-15,1.119104808822158e-13,121.42245703137576,177.55300484072126,0.0,highs-ds,Netherlands,Sluiskil,Sluiskil YARA,Reforming,1,2024,222970.0,143.35548063444742,8760,flex_ml0p6_b24,True,0.6,1.5,0.6,24.0,high_investment_small_cavern,16,2.0,6,optimal,52.25294232136911,optimal,177.8069151894576,31570.152073347483,60.580852051744216,30.031536924951705,27.69826875515251,29.031602088485847,1.5,0.5,0.1198051905232735,0.2416759601834175,0.1324676586757991,0.2257513551710785,200.4229118550637,5101403.727890818,5101.403727890818,3440.5315352267094,1255794.0103577594,1128.7709227435328,161815.49815608785,3.836930773104541e-12,3.6273206660553123e-12,3.3704017354807547e-10,3.383320290595292e-10,0.0,2.4424906541753444e-15,1.149302875091962e-12,104.07639174117924,159.79770435664912,23.9999999999998,highs-ds,11.892555801404573,1.0,False,False,True,4,3,4,2
netherlands_sluiskil,2023,Netherlands,Sluiskil,Sluiskil YARA,Reforming,1,2024,222970.0,143.35548063444742,8760,rigid,False,1.0,1.5,0.6,0.0,high_investment_small_cavern,16,2.0,6,optimal,52.25294232136911,optimal,86.32772910987207,15327.747704533587,60.580852051744216,30.031536924951705,27.69826875515251,29.031602088485847,1.5,0.5,0.1198051905232735,0.2416759601834175,0.1197610547945205,0.2892664775518832,201.015694303984,5116491.935954261,5116.491935954261,-0.0,1255794.0103577594,972.440301279306,139404.64677820177,5.172751116333529e-12,3.637978807091713e-12,0.0,0.0,0.0,1.7763568394002505e-15,5.684341886080804e-14,104.07639174117924,177.55300484072126,0.0,highs-ds,Netherlands,Sluiskil,Sluiskil YARA,Reforming,1,2024,222970.0,143.35548063444742,8760,flex_ml0p6_b24,True,0.6,1.5,0.6,24.0,high_investment_small_cavern,16,2.0,5,optimal,52.25294232136911,optimal,67.72772910987204,12025.261814496169,60.580852051744216,30.031536924951705,27.69826875515251,29.031602088485847,1.5,0.5,0.1198051905232735,0.2416759601834175,0.1197610547945205,0.2892664775518832,168.37417790698544,4285661.010036591,4285.661010036592,574.1071910137485,1255794.0103577594,692.6551243995442,99295.90827220962,4.007461029686965e-12,3.694822225952521e-12,8.247980076703243e-11,8.36735125631094e-11,0.0,1.7763568394002505e-15,0.0,86.73032645098269,173.46065290196535,4.00478020423723,highs-ds,21.54580016384678,1.0,False,False,True,2,4,2,3
poland_kedzierzyn,2015,Poland,Kedzierzyn,Kedzierzyn Grupa Azoty,Reforming,2,2024,74071.0,47.62292598140626,8760,rigid,False,1.0,1.5,0.6,0.0,high_investment_small_cavern,16,2.0,3,optimal,157.29284807003646,optimal,114.3106115538742,20296.19256657084,58.49320414572369,44.0699917135679,27.69826875515251,29.031602088485847,1.5,0.5,0.1240810898996045,0.1646903083008059,0.1308463356164383,0.1762859064020224,150.94368288570232,1276318.4400715588,1276.3184400715588,-0.0,417176.8315971189,399.0271967069929,19002.84265334516,6.73594513500575e-12,1.8189894035458565e-12,0.0,0.0,0.0,3.552713678800501e-15,0.0,156.64641402526453,177.55300484072126,0.0,highs-ds,Poland,Kedzierzyn,Kedzierzyn Grupa Azoty,Reforming,2,2024,74071.0,47.62292598140626,8760,flex_ml0p6_b24,True,0.6,1.5,0.6,24.0,high_investment_small_cavern,16,2.0,2,optimal,157.29284807003646,optimal,93.23110598730804,16553.4630126703,58.49320414572369,44.0699917135679,27.69826875515251,29.031602088485847,1.5,0.5,0.1240810898996045,0.1646903083008059,0.1308463356164383,0.1762859064020224,130.97782058087856,1107495.2224025407,1107.4952224025408,788.9404307509527,417176.8315971189,554.2854824934253,26396.69650535245,4.916955731459893e-12,1.8189894035458565e-12,3.0512126159010217e-10,3.055902197957039e-10,0.0,1.3322676295501878e-15,0.0,104.43094268350978,159.79770435664912,16.566399785241757,highs-ds,18.440550076692972,1.0,True,True,True,1,2,1,1
poland_kedzierzyn,2016,Poland,Kedzierzyn,Kedzierzyn Grupa Azoty,Reforming,2,2024,74071.0,47.62292598140626,8784,rigid,False,1.0,1.5,0.6,0.0,high_investment_small_cavern,16,2.0,3,optimal,157.29284807003646,optimal,97.26001843081735,17268.808523255553,58.49320414572369,44.0699917135679,27.69826875515251,29.031602088485847,1.5,0.5,0.1240810898996045,0.1646903083008059,0.1209786805555555,0.1478326229492134,204.5284979320778,1729409.8596263623,1729.4098596263625,-0.0,418319.7818206726,1934.486301154674,92125.89793193342,6.73594513500575e-12,3.637978807091713e-12,0.0,0.0,0.0,1.7763568394002505e-15,0.0,156.64641402527013,177.55300484072126,0.0,highs-ds,Poland,Kedzierzyn,Kedzierzyn Grupa Azoty,Reforming,2,2024,74071.0,47.62292598140626,8784,flex_ml0p6_b24,True,0.6,1.5,0.6,24.0,high_investment_small_cavern,16,2.0,3,optimal,157.29284807003646,optimal,73.26001843081733,13007.536407078236,58.49320414572369,44.0699917135679,27.69826875515251,29.031602088485847,1.5,0.5,0.1240810898996045,0.1646903083008059,0.1209786805555555,0.1478326229492134,94.3524414643658,797805.9008797992,797.8059008797992,1142.9502235537489,418319.7818206726,645.1757267240819,30725.155878780944,4.831690603168681e-12,1.6626700016786344e-12,5.710840689232555e-10,5.711626727133987e-10,0.0,3.552713678800501e-15,0.0,156.64641402526453,173.61728647738187,23.99999999999997,highs-ds,24.676121172104878,0.0,True,True,True,1,2,1,2
poland_kedzierzyn,2017,Poland,Kedzierzyn,Kedzierzyn Grupa Azoty,Reforming,2,2024,74071.0,47.62292598140626,8760,rigid,False,1.0,1.5,0.6,0.0,high_investment_small_cavern,16,2.0,3,optimal,157.29284807003646,optimal,102.15629658995564,18138.15742294655,58.49320414572369,44.0699917135679,27.69826875515251,29.031602088485847,1.5,0.5,0.1240810898996045,0.1646903083008059,0.1212459817351598,0.1833149413207782,207.2127565719926,1752106.8598223815,1752.1068598223817,-0.0,417176.8315971189,527.7256108004582,25131.837701642628,6.565414878423326e-12,3.581135388230905e-12,0.0,0.0,0.0,1.7763568394002505e-15,0.0,156.64641402526453,177.55300484072126,0.0,highs-ds,Poland,Kedzierzyn,Kedzierzyn Grupa Azoty,Reforming,2,2024,74071.0,47.62292598140626,8760,flex_ml0p6_b24,True,0.6,1.5,0.6,24.0,high_investment_small_cavern,16,2.0,2,optimal,157.29284807003646,optimal,78.15629658995579,13876.885306769267,58.49320414572369,44.0699917135679,27.69826875515251,29.031602088485847,1.5,0.5,0.1240810898996045,0.1646903083008059,0.1212459817351598,0.1833149413207782,191.00149685160605,1615031.035764305,1615.031035764305,521.6077467285605,417176.8315971189,456.0640354243756,21719.10380179648,4.092726157978177e-12,3.566924533515703e-12,3.485989275020528e-10,3.4924596548080444e-10,0.0,3.552713678800501e-15,0.0,104.43094268350968,159.79770435664912,10.952870618076163,highs-ds,23.493412350619238,1.0,True,True,True,1,2,1,1
poland_kedzierzyn,2018,Poland,Kedzierzyn,Kedzierzyn Grupa Azoty,Reforming,2,2024,74071.0,47.62292598140626,8760,rigid,False,1.0,1.5,0.6,0.0,high_investment_small_cavern,16,2.0,3,optimal,157.29284807003646,optimal,120.93106548116074,21471.674054770112,58.49320414572369,44.0699917135679,27.69826875515251,29.031602088485847,1.5,0.5,0.1240810898996045,0.1646903083008059,0.1311093630136986,0.1662510199999866,177.935125194979,1504547.107113846,1504.547107113846,-0.0,417176.8315971189,527.3190257807117,25112.47493334209,6.87805368215777e-12,1.8189894035458565e-12,0.0,0.0,0.0,1.7763568394002505e-15,9.059419880941277e-14,156.64641402526453,177.55300484072126,0.0,highs-ds,Poland,Kedzierzyn,Kedzierzyn Grupa Azoty,Reforming,2,2024,74071.0,47.62292598140626,8760,flex_ml0p6_b24,True,0.6,1.5,0.6,24.0,high_investment_small_cavern,16,2.0,2,optimal,157.29284807003646,optimal,96.93106548116089,17210.401938592826,58.49320414572369,44.0699917135679,27.69826875515251,29.031602088485847,1.5,0.5,0.1240810898996045,0.1646903083008059,0.1311093630136986,0.1662510199999866,160.05356588325432,1353347.9085089648,1353.3479085089648,523.3148792950375,417176.8315971189,711.6961201872231,33893.05165293014,4.405364961712621e-12,1.8189894035458565e-12,3.442290896771283e-10,3.4560798667371273e-10,0.0,3.552713678800501e-15,0.0,104.43094268350968,159.79770435664912,10.988717482402464,highs-ds,19.846017154077504,1.0,True,True,True,1,2,1,1
poland_kedzierzyn,2019,Poland,Kedzierzyn,Kedzierzyn Grupa Azoty,Reforming,2,2024,74071.0,47.62292598140626,8760,rigid,False,1.0,1.5,0.6,0.0,high_investment_small_cavern,16,2.0,2,optimal,157.29284807003646,optimal,69.39745882138185,12321.727342046566,58.49320414572369,44.0699917135679,27.69826875515251,29.031602088485847,1.5,0.5,0.1240810898996045,0.1646903083008059,0.1305810947488584,0.1929218258051938,256.1127312415816,2165585.1730359807,2165.5851730359805,-0.0,417176.8315971189,1102.5654145635006,52507.39112741609,5.229594535194337e-12,3.637978807091713e-12,0.0,0.0,0.0,8.881784197001252e-16,8.704148513061227e-14,104.43094268350968,177.55300484072126,0.0,highs-ds,Poland,Kedzierzyn,Kedzierzyn Grupa Azoty,Reforming,2,2024,74071.0,47.62292598140626,8760,flex_ml0p6_b24,True,0.6,1.5,0.6,24.0,high_investment_small_cavern,16,2.0,2,optimal,157.29284807003646,optimal,49.39745882138181,8770.667245232133,58.49320414572369,44.0699917135679,27.69826875515251,29.031602088485847,1.5,0.5,0.1240810898996045,0.1646903083008059,0.1305810947488584,0.1929218258051938,145.17715545288092,1227559.02757424,1227.55902757424,274.21017227977666,417176.8315971189,560.9924915091249,26716.103899263733,4.689582056016661e-12,1.8189894035458565e-12,1.9941470696949184e-10,2.0008883439004416e-10,0.0,8.881784197001252e-16,5.861977570020829e-14,104.43094268350968,208.86188536701937,5.757944658562945,highs-ds,28.819499070530657,0.0,True,True,True,1,1,1,1
poland_kedzierzyn,2020,Poland,Kedzierzyn,Kedzierzyn Grupa Azoty,Reforming,2,2024,74071.0,47.62292598140626,8784,rigid,False,1.0,1.5,0.6,0.0,high_investment_small_cavern,16,2.0,3,optimal,157.29284807003646,optimal,103.4249866136284,18363.41714886109,58.49320414572369,44.0699917135679,27.69826875515251,29.031602088485847,1.5,0.5,0.1240810898996045,0.1646903083008059,0.126665885701275,0.1816392502315684,196.9871355115544,1665643.1637530078,1665.6431637530077,-0.0,418319.7818206726,1131.975702521107,53907.99509391303,6.508571459562518e-12,3.609557097661309e-12,0.0,0.0,0.0,3.552713678800501e-15,0.0,156.64641402526453,177.55300484072126,0.0,highs-ds,Poland,Kedzierzyn,Kedzierzyn Grupa Azoty,Reforming,2,2024,74071.0,47.62292598140626,8784,flex_ml0p6_b24,True,0.6,1.5,0.6,24.0,high_investment_small_cavern,16,2.0,2,optimal,157.29284807003646,optimal,79.4249866136284,14102.145032683786,58.49320414572369,44.0699917135679,27.69826875515251,29.031602088485847,1.5,0.5,0.1240810898996045,0.1646903083008059,0.126665885701275,0.1816392502315684,253.57425441109228,2144120.844575801,2144.120844575801,778.3374418366228,418319.7818206726,1280.9556452610996,61002.85587973384,4.376943252282217e-12,3.637978807091713e-12,3.0292879316107246e-10,3.0377123039215803e-10,0.0,1.7763568394002505e-15,4.973799150320701e-14,104.43094268350968,201.6741442049902,16.343755151468734,highs-ds,23.205224178233056,1.0,True,True,True,1,2,1,1
poland_kedzierzyn,2021,Poland,Kedzierzyn,Kedzierzyn Grupa Azoty,Reforming,2,2024,74071.0,47.62292598140626,8760,rigid,False,1.0,1.5,0.6,0.0,high_investment_small_cavern,16,2.0,3,optimal,157.29284807003646,optimal,140.42245417704467,24932.428686242773,58.49320414572369,44.0699917135679,27.69826875515251,29.031602088485847,1.5,0.5,0.1240810898996045,0.1646903083008059,0.1281099771689497,0.1573007369971061,245.73548348919792,2077839.3832794952,2077.839383279495,-0.0,417176.8315971189,743.2750416461947,35396.932292143385,6.508571459562518e-12,3.637978807091713e-12,0.0,0.0,0.0,1.7763568394002505e-15,0.0,156.64641402526453,177.55300484072126,0.0,highs-ds,Poland,Kedzierzyn,Kedzierzyn Grupa Azoty,Reforming,2,2024,74071.0,47.62292598140626,8760,flex_ml0p6_b24,True,0.6,1.5,0.6,24.0,high_investment_small_cavern,16,2.0,2,optimal,157.29284807003646,optimal,116.42245417704471,20671.156570065472,58.49320414572369,44.0699917135679,27.69826875515251,29.031602088485847,1.5,0.5,0.1240810898996045,0.1646903083008059,0.1281099771689497,0.1573007369971061,281.30203000801606,2378575.646657964,2378.575646657964,713.5459717287163,417176.8315971189,1409.3186004131062,67115.87539169242,3.609557097661309e-12,3.637978807091713e-12,3.9818637276312074e-10,3.9835867937654246e-10,0.0,1.6653345369377348e-15,0.0,104.43094268350968,159.79770435664912,14.98324508677419,highs-ds,17.091283684403315,1.0,True,True,True,1,2,1,1
poland_kedzierzyn,2022,Poland,Kedzierzyn,Kedzierzyn Grupa Azoty,Reforming,2,2024,74071.0,47.62292598140626,8760,rigid,False,1.0,1.5,0.6,0.0,high_investment_small_cavern,16,2.0,3,optimal,157.29284807003646,optimal,286.2084987847383,50817.178970182205,58.49320414572369,44.0699917135679,27.69826875515251,29.031602088485847,1.5,0.5,0.1240810898996045,0.1646903083008059,0.1304111369863013,0.1725778822847291,345.1859422204463,2918752.046371082,2918.7520463710816,-0.0,417176.8315971189,949.4707645816762,45216.575943182375,6.764366844436154e-12,3.637978807091713e-12,0.0,0.0,0.0,3.552713678800501e-15,1.3322676295501878e-13,156.64641402526453,177.55300484072126,0.0,highs-ds,Poland,Kedzierzyn,Kedzierzyn Grupa Azoty,Reforming,2,2024,74071.0,47.62292598140626,8760,flex_ml0p6_b24,True,0.6,1.5,0.6,24.0,high_investment_small_cavern,16,2.0,3,optimal,157.29284807003646,optimal,262.20849878473786,46555.90685400482,58.49320414572369,44.0699917135679,27.69826875515251,29.031602088485847,1.5,0.5,0.1240810898996045,0.1646903083008059,0.1304111369863013,0.1725778822847291,285.14430593196056,2411064.370397974,2411.064370397974,1142.95022355374,417176.8315971189,560.5843544324705,26696.66721747196,7.048583938740194e-12,3.637978807091713e-12,3.928644076722776e-10,3.92901711165905e-10,0.0,3.552713678800501e-15,2.2026824808563106e-12,156.64641402526453,212.0987713991084,23.999999999999783,highs-ds,8.385495225301193,0.0,False,False,True,2,1,2,1
poland_kedzierzyn,2023,Poland,Kedzierzyn,Kedzierzyn Grupa Azoty,Reforming,2,2024,74071.0,47.62292598140626,8760,rigid,False,1.0,1.5,0.6,0.0,high_investment_small_cavern,16,2.0,3,optimal,157.29284807003646,optimal,110.3641814378143,19595.49204107048,58.49320414572369,44.0699917135679,27.69826875515251,29.031602088485847,1.5,0.5,0.1240810898996045,0.1646903083008059,0.1213242043378995,0.1799478285718983,132.80171400389978,1122917.323970646,1122.917323970646,-0.0,417176.8315971189,631.6087400908699,30079.056278556764,6.508571459562518e-12,1.8189894035458565e-12,0.0,0.0,0.0,3.552713678800501e-15,0.0,156.64641402526453,177.55300484072126,0.0,highs-ds,Poland,Kedzierzyn,Kedzierzyn Grupa Azoty,Reforming,2,2024,74071.0,47.62292598140626,8760,flex_ml0p6_b24,True,0.6,1.5,0.6,24.0,high_investment_small_cavern,16,2.0,2,optimal,157.29284807003646,optimal,86.36418143781438,15334.219924893188,58.49320414572369,44.0699917135679,27.69826875515251,29.031602088485847,1.5,0.5,0.1240810898996045,0.1646903083008059,0.1213242043378995,0.1799478285718983,181.38608829085453,1533727.0486063797,1533.7270486063796,329.7800045269258,417176.8315971189,1052.9061925660585,50142.47367393768,5.5706550483591855e-12,1.8189894035458565e-12,3.03916447563779e-10,3.055902197957039e-10,0.0,3.552713678800501e-15,0.0,104.43094268350968,208.86188536701937,6.924816099197349,highs-ds,21.746185843387,1.0,True,True,True,1,2,1,1
poland_police,2015,Poland,Police,Police Grupa Azoty,Reforming,1,2024,56007.0,36.008926778909704,8760,rigid,False,1.0,1.5,0.6,0.0,high_investment_small_cavern,16,2.0,2,optimal,208.02468529640348,optimal,168.37543519241083,29895.56445977667,60.34365426904652,31.554986950829488,27.69826875515251,29.031602088485847,1.5,0.5,0.1202761186745766,0.2300080343379978,0.1229574235159817,0.261956843270813,256.5706695283224,1640382.818295976,1640.3828182959762,-0.0,315438.198583249,575.8536163356263,20735.87070599993,6.16751094639767e-12,3.637978807091713e-12,0.0,0.0,0.0,3.552713678800501e-15,0.0,138.1131707734791,177.55300484072126,0.0,highs-ds,Poland,Police,Police Grupa Azoty,Reforming,1,2024,56007.0,36.008926778909704,8760,flex_ml0p6_b24,True,0.6,1.5,0.6,24.0,high_investment_small_cavern,16,2.0,2,optimal,208.02468529640348,optimal,144.37543519241103,25634.292343599394,60.34365426904652,31.554986950829488,27.69826875515251,29.031602088485847,1.5,0.5,0.1202761186745766,0.2300080343379978,0.1229574235159817,0.261956843270813,172.70777640552976,1104205.9855187791,1104.2059855187792,864.2142426938326,315438.198583249,468.936914068456,16885.9150026189,4.575895218295045e-12,1.8189894035458565e-12,2.146629540789036e-10,2.1464074961841104e-10,0.0,1.7763568394002505e-15,0.0,138.1131707734791,162.75048362949647,24.0,highs-ds,14.253860708703634,0.0,True,True,True,1,1,1,1
poland_police,2016,Poland,Police,Police Grupa Azoty,Reforming,1,2024,56007.0,36.008926778909704,8784,rigid,False,1.0,1.5,0.6,0.0,high_investment_small_cavern,16,2.0,3,optimal,208.02468529640348,optimal,139.18451775718572,24712.62935509505,60.34365426904652,31.554986950829488,27.69826875515251,29.031602088485847,1.5,0.5,0.1202761186745766,0.2300080343379978,0.1191578085154826,0.2019854166282504,174.35148034842015,1114714.9954194028,1114.7149954194028,-0.0,316302.41282594285,557.3813167162327,20070.703021567104,6.73594513500575e-12,1.8189894035458565e-12,0.0,0.0,0.0,3.552713678800501e-15,0.0,207.16975616021867,384.72276100094,0.0,highs-ds,Poland,Police,Police Grupa Azoty,Reforming,1,2024,56007.0,36.008926778909704,8784,flex_ml0p6_b24,True,0.6,1.5,0.6,24.0,high_investment_small_cavern,16,2.0,2,optimal,208.02468529640348,optimal,115.18451775718572,20451.357238917743,60.34365426904652,31.554986950829488,27.69826875515251,29.031602088485847,1.5,0.5,0.1202761186745766,0.2300080343379978,0.1191578085154826,0.2019854166282504,153.69471857887905,982646.1305305114,982.6461305305114,821.9568141560982,316302.41282594285,501.9537461347534,18074.815690965763,7.048583938740194e-12,1.8189894035458565e-12,5.450049300748101e-10,5.456968210637565e-10,0.0,3.552713678800501e-15,1.1368683772161605e-13,138.1131707734791,159.79770435664912,22.826473535376657,highs-ds,17.243297161735466,1.0,True,True,True,1,2,1,1
poland_police,2017,Poland,Police,Police Grupa Azoty,Reforming,1,2024,56007.0,36.008926778909704,8760,rigid,False,1.0,1.5,0.6,0.0,high_investment_small_cavern,16,2.0,2,optimal,208.02468529640348,optimal,227.07784386706103,40318.35351134884,60.34365426904652,31.554986950829488,27.69826875515251,29.031602088485847,1.5,0.5,0.1202761186745766,0.2300080343379978,0.1105366278538812,0.2525808289777837,305.5537330937503,1953555.6997011043,1953.555699701104,-0.0,315438.198583249,503.4772962374884,18129.67709505915,6.565414878423326e-12,3.637978807091713e-12,0.0,0.0,0.0,8.881784197001252e-16,0.0,138.1131707734791,177.55300484072126,0.0,highs-ds,Poland,Police,Police Grupa Azoty,Reforming,1,2024,56007.0,36.008926778909704,8760,flex_ml0p6_b24,True,0.6,1.5,0.6,24.0,high_investment_small_cavern,16,2.0,2,optimal,208.02468529640348,optimal,203.0778438670617,36057.08139517164,60.34365426904652,31.554986950829488,27.69826875515251,29.031602088485847,1.5,0.5,0.1202761186745766,0.2300080343379978,0.1105366278538812,0.2525808289777837,245.2942543082251,1568287.134822005,1568.2871348220049,864.2142426938303,315438.198583249,465.9807396253632,16779.466333551893,4.547473508864641e-12,3.637978807091713e-12,3.056186415051343e-10,3.055902197957039e-10,0.0,3.552713678800501e-15,0.0,138.1131707734791,177.55300484072126,23.99999999999993,highs-ds,10.569062833822638,0.0,False,True,True,2,0,1,1
poland_police,2018,Poland,Police,Police Grupa Azoty,Reforming,1,2024,56007.0,36.008926778909704,8760,rigid,False,1.0,1.5,0.6,0.0,high_investment_small_cavern,16,2.0,2,optimal,208.02468529640348,optimal,128.41647479851477,22800.73097152905,60.34365426904652,31.554986950829488,27.69826875515251,29.031602088485847,1.5,0.5,0.1202761186745766,0.2300080343379978,0.1317346061643835,0.2050582979354744,246.1725219418404,1573902.3329219923,1573.9023329219922,-0.0,315438.198583249,1296.2760915542494,46677.51086602822,6.565414878423326e-12,3.623767952376511e-12,0.0,0.0,0.0,1.7763568394002505e-15,0.0,138.11317077348212,177.55300484072126,0.0,highs-ds,Poland,Police,Police Grupa Azoty,Reforming,1,2024,56007.0,36.008926778909704,8760,flex_ml0p6_b24,True,0.6,1.5,0.6,24.0,high_investment_small_cavern,16,2.0,2,optimal,208.02468529640348,optimal,104.41647479851476,18539.45885535174,60.34365426904652,31.554986950829488,27.69826875515251,29.031602088485847,1.5,0.5,0.1202761186745766,0.2300080343379978,0.1317346061643835,0.2050582979354744,112.49632455268836,719244.4805048421,719.2444805048422,775.2461048858409,315438.198583249,584.3730251128135,21042.64547285726,4.547473508864641e-12,1.7905676941154525e-12,4.2862691174150314e-10,4.292814992368221e-10,0.0,3.552713678800501e-15,1.6697754290362354e-13,138.1131707734791,189.56378888051148,21.529275494539306,highs-ds,18.689190804883854,0.0,True,True,True,1,1,1,1
poland_police,2019,Poland,Police,Police Grupa Azoty,Reforming,1,2024,56007.0,36.008926778909704,8760,rigid,False,1.0,1.5,0.6,0.0,high_investment_small_cavern,16,2.0,2,optimal,208.02468529640348,optimal,138.56815912435997,24603.19302777732,60.34365426904652,31.554986950829488,27.69826875515251,29.031602088485847,1.5,0.5,0.1202761186745766,0.2300080343379978,0.1220777614155251,0.2435970176221884,166.92753254436104,1067250.0359831084,1067.2500359831083,-0.0,315438.198583249,986.9805584468746,35540.11066132092,6.73594513500575e-12,1.8189894035458565e-12,0.0,0.0,0.0,3.552713678800501e-15,0.0,138.1131707734791,177.55300484072126,0.0,highs-ds,Poland,Police,Police Grupa Azoty,Reforming,1,2024,56007.0,36.008926778909704,8760,flex_ml0p6_b24,True,0.6,1.5,0.6,24.0,high_investment_small_cavern,16,2.0,2,optimal,208.02468529640348,optimal,114.56815912436022,20341.920911600053,60.34365426904652,31.554986950829488,27.69826875515251,29.031602088485847,1.5,0.5,0.1202761186745766,0.2300080343379978,0.1220777614155251,0.2435970176221884,126.1525814526776,806555.6654589173,806.5556654589172,864.2142426938337,315438.198583249,287.4217702340097,10349.749479021064,4.575895218295045e-12,1.8189894035458565e-12,2.935514054058785e-10,2.9467628337442875e-10,0.0,1.7763568394002505e-15,0.0,138.1131707734791,203.35618110993963,24.000000000000025,highs-ds,17.319996275955866,0.0,True,True,True,1,1,1,1
poland_police,2020,Poland,Police,Police Grupa Azoty,Reforming,1,2024,56007.0,36.008926778909704,8784,rigid,False,1.0,1.5,0.6,0.0,high_investment_small_cavern,16,2.0,2,optimal,208.02468529640348,optimal,128.30217362358852,22780.43645446407,60.34365426904652,31.554986950829488,27.69826875515251,29.031602088485847,1.5,0.5,0.1202761186745766,0.2300080343379978,0.1197780339253187,0.2409060199222519,225.7381326782508,1443255.205126803,1443.2552051268028,-0.0,316302.41282594285,1324.148550410553,47681.16819613303,5.7696070143720135e-12,3.630873379734112e-12,0.0,0.0,0.0,3.552713678800501e-15,0.0,138.1131707734894,177.55300484072126,0.0,highs-ds,Poland,Police,Police Grupa Azoty,Reforming,1,2024,56007.0,36.008926778909704,8784,flex_ml0p6_b24,True,0.6,1.5,0.6,24.0,high_investment_small_cavern,16,2.0,2,optimal,208.02468529640348,optimal,107.7560576942741,19132.41183340849,60.34365426904652,31.554986950829488,27.69826875515251,29.031602088485847,1.5,0.5,0.1202761186745766,0.2300080343379978,0.1197780339253187,0.2409060199222519,114.95908146973365,734990.0999857731,734.9900999857731,864.2142426938317,316302.41282594285,436.0474721393099,15701.60149639308,4.121147867408581e-12,1.1176837233506376e-11,3.5760372441018247e-10,3.601599019020796e-10,0.0,1.5543122344752197e-15,0.0,138.1131707734791,242.2022404156305,23.99999999999997,highs-ds,16.013848673828686,0.0,True,True,True,1,1,1,1
poland_police,2021,Poland,Police,Police Grupa Azoty,Reforming,1,2024,56007.0,36.008926778909704,8760,rigid,False,1.0,1.5,0.6,0.0,high_investment_small_cavern,16,2.0,3,optimal,208.02468529640348,optimal,180.02755837564408,31964.43394373396,60.34365426904652,31.554986950829488,27.69826875515251,29.031602088485847,1.5,0.5,0.1202761186745766,0.2300080343379978,0.1159404269406392,0.2085446540748928,232.9260630682595,1489211.1888429236,1489.2111888429235,-0.0,315438.198583249,998.95007834797,35971.12022701817,6.991740519879386e-12,3.623767952376511e-12,0.0,0.0,0.0,3.552713678800501e-15,0.0,207.16975616021867,384.72276100094,0.0,highs-ds,Poland,Police,Police Grupa Azoty,Reforming,1,2024,56007.0,36.008926778909704,8760,flex_ml0p6_b24,True,0.6,1.5,0.6,24.0,high_investment_small_cavern,16,2.0,2,optimal,208.02468529640348,optimal,156.0275583754346,27703.16182751946,60.34365426904652,31.554986950829488,27.69826875515251,29.031602088485847,1.5,0.5,0.1202761186745766,0.2300080343379978,0.1159404269406392,0.2085446540748928,213.1456664025192,1362745.358242682,1362.745358242682,864.2142427029022,315438.198583249,880.6170572085105,31710.075133280192,4.035882739117369e-12,3.581135388230905e-12,4.943401243906465e-10,4.94765117764473e-10,0.0,1.9984014443252818e-15,0.0,138.1131707734791,159.79770435664912,24.000000000251863,highs-ds,13.331292284779675,1.0,True,True,True,1,2,1,1
poland_police,2022,Poland,Police,Police Grupa Azoty,Reforming,1,2024,56007.0,36.008926778909704,8760,rigid,False,1.0,1.5,0.6,0.0,high_investment_small_cavern,16,2.0,3,optimal,208.02468529640348,optimal,360.26204343673294,63965.60834225037,60.34365426904652,31.554986950829488,27.69826875515251,29.031602088485847,1.5,0.5,0.1202761186745766,0.2300080343379978,0.1258953127853881,0.2280311453949328,386.20293980913647,2469185.850444099,2469.185850444099,-0.0,315438.198583249,655.9369182405766,23619.5844605086,7.048583938740194e-12,7.133849067031406e-12,0.0,0.0,0.0,3.552713678800501e-15,3.659295089164516e-13,207.16975616021867,384.72276100094,0.0,highs-ds,Poland,Police,Police Grupa Azoty,Reforming,1,2024,56007.0,36.008926778909704,8760,flex_ml0p6_b24,True,0.6,1.5,0.6,24.0,high_investment_small_cavern,16,2.0,2,optimal,208.02468529640348,optimal,336.2620434367327,59704.33622607302,60.34365426904652,31.554986950829488,27.69826875515251,29.031602088485847,1.5,0.5,0.1202761186745766,0.2300080343379978,0.1258953127853881,0.2280311453949328,360.9906570998888,2307991.293629392,2307.991293629392,864.2142426938382,315438.198583249,539.3872984927167,19422.757736898147,5.286437954055145e-12,3.637978807091713e-12,3.771578604983006e-10,3.7834979593753815e-10,0.0,3.3306690738754696e-15,0.0,138.1131707734791,193.1148329504511,24.000000000000288,highs-ds,6.661817540102573,1.0,False,False,True,2,1,2,0
poland_police,2023,Poland,Police,Police Grupa Azoty,Reforming,1,2024,56007.0,36.008926778909704,8760,rigid,False,1.0,1.5,0.6,0.0,high_investment_small_cavern,16,2.0,2,optimal,208.02468529640348,optimal,114.02434787092248,20245.365589485984,60.34365426904652,31.554986950829488,27.69826875515251,29.031602088485847,1.5,0.5,0.1202761186745766,0.2300080343379978,0.1192081289954338,0.2422421866961148,171.50660788842822,1096526.3228318722,1096.5263228318722,-0.0,315438.198583249,1104.4294526657184,39769.31929351117,6.565414878423326e-12,1.8189894035458565e-12,0.0,0.0,0.0,1.6653345369377348e-15,3.5527136788005016e-14,138.1131707734791,177.55300484072126,0.0,highs-ds,Poland,Police,Police Grupa Azoty,Reforming,1,2024,56007.0,36.008926778909704,8760,flex_ml0p6_b24,True,0.6,1.5,0.6,24.0,high_investment_small_cavern,16,2.0,2,optimal,208.02468529640348,optimal,90.02434787092247,15984.09347330867,60.34365426904652,31.554986950829488,27.69826875515251,29.031602088485847,1.5,0.5,0.1202761186745766,0.2300080343379978,0.1192081289954338,0.2422421866961148,96.3458264886006,615986.3817519468,615.9863817519467,864.214242693824,315438.198583249,507.17343094090336,18262.77093895941,6.252776074688882e-12,2.714273250603583e-12,3.12872838748035e-10,3.1286617740988726e-10,0.0,3.552713678800501e-15,1.0516032489249485e-12,138.1131707734791,174.24354503658128,23.99999999999975,highs-ds,21.048136164013343,0.0,True,True,True,1,1,1,1
poland_pulawy,2015,Poland,Pulawy,Pulawy Grupa Azoty,Reforming,1,2024,114348.0,73.5184666080091,8760,rigid,False,1.0,1.5,0.6,0.0,high_investment_small_cavern,16,2.0,4,optimal,101.88930763455129,optimal,151.89396047591674,26969.229099656768,60.34102010464223,48.31430568079742,27.69826875515251,29.031602088485847,1.5,0.5,0.1202813692830341,0.1502225980452436,0.1272058847031963,0.1687507265518,201.32639234040388,2627998.893988642,2627.998893988642,-0.0,644021.7674861598,541.0805467838995,39779.41211097543,5.9969806898152456e-12,3.538502824085299e-12,0.0,0.0,0.0,3.552713678800501e-15,0.0,135.294090941866,177.55300484072126,0.0,highs-ds,Poland,Pulawy,Pulawy Grupa Azoty,Reforming,1,2024,114348.0,73.5184666080091,8760,flex_ml0p6_b24,True,0.6,1.5,0.6,24.0,high_investment_small_cavern,16,2.0,3,optimal,101.88930763455129,optimal,128.65341773226783,22842.80090139269,60.34102010464223,48.31430568079742,27.69826875515251,29.031602088485847,1.5,0.5,0.1202813692830341,0.1502225980452436,0.1272058847031963,0.1687507265518,172.27484603279575,2248776.723077412,2248.776723077412,1708.609065650963,644021.7674861598,466.9502292080164,34329.46483363175,4.490630090003833e-12,1.7409718111593975e-10,2.6273561104517285e-10,2.6193447411060333e-10,0.0,8.881784197001252e-16,0.0,101.47056820639948,202.94113641279893,23.24054274364894,highs-ds,15.300504819830396,1.0,False,False,True,2,2,2,1
poland_pulawy,2016,Poland,Pulawy,Pulawy Grupa Azoty,Reforming,1,2024,114348.0,73.5184666080091,8784,rigid,False,1.0,1.5,0.6,0.0,high_investment_small_cavern,16,2.0,4,optimal,101.88930763455129,optimal,121.6308534572901,21595.923512683286,60.34102010464223,48.31430568079742,27.69826875515251,29.031602088485847,1.5,0.5,0.1202813692830341,0.1502225980452436,0.1189311293260473,0.1449710905604118,209.8462868586477,2739212.695172677,2739.212695172677,-0.0,645786.210684752,1758.2145130296417,129261.2349658867,6.195932655828074e-12,3.637978807091713e-12,0.0,0.0,0.0,1.1102230246251563e-15,0.0,135.294090941866,177.55300484072126,0.0,highs-ds,Poland,Pulawy,Pulawy Grupa Azoty,Reforming,1,2024,114348.0,73.5184666080091,8784,flex_ml0p6_b24,True,0.6,1.5,0.6,24.0,high_investment_small_cavern,16,2.0,3,optimal,101.88930763455129,optimal,97.63085345729014,17334.651396505986,60.34102010464223,48.31430568079742,27.69826875515251,29.031602088485847,1.5,0.5,0.1202813692830341,0.1502225980452436,0.1189311293260473,0.1449710905604118,201.51851919886724,2630506.807460282,2630.506807460282,419.8852624230077,645786.210684752,1875.6156995262493,137892.3901750782,5.9685589803848416e-12,3.609557097661309e-12,3.7804781527484005e-10,3.7834979593753815e-10,0.0,3.552713678800501e-15,0.0,101.47056820639948,202.94113641279893,5.711289718021204,highs-ds,19.73183556459004,1.0,False,True,True,2,2,1,2
poland_pulawy,2017,Poland,Pulawy,Pulawy Grupa Azoty,Reforming,1,2024,114348.0,73.5184666080091,8760,rigid,False,1.0,1.5,0.6,0.0,high_investment_small_cavern,16,2.0,3,optimal,101.88930763455129,optimal,151.29895195643113,26863.58354911627,60.34102010464223,48.31430568079742,27.69826875515251,29.031602088485847,1.5,0.5,0.1202813692830341,0.1502225980452436,0.1157698664383561,0.1762746175510511,243.8166387889065,3182642.1246842328,3182.642124684233,-0.0,644021.7674861598,2202.0689972845103,161892.73604539337,5.286437954055145e-12,3.637978807091713e-12,0.0,0.0,0.0,8.881784197001252e-16,0.0,101.47056820639948,177.55300484072126,0.0,highs-ds,Poland,Pulawy,Pulawy Grupa Azoty,Reforming,1,2024,114348.0,73.5184666080091,8760,flex_ml0p6_b24,True,0.6,1.5,0.6,24.0,high_investment_small_cavern,16,2.0,3,optimal,101.88930763455129,optimal,127.29895195643168,22602.311432939056,60.34102010464223,48.31430568079742,27.69826875515251,29.031602088485847,1.5,0.5,0.1202813692830341,0.1502225980452436,0.1157698664383561,0.1762746175510511,161.93354534673068,2113787.333710954,2113.787333710954,1748.584532778654,644021.7674861598,366.9211997500393,26975.4839715939,4.632738637155853e-12,1.8189894035458565e-12,3.0640467940656885e-10,3.074092091992497e-10,0.0,3.552713678800501e-15,0.0,101.47056820639956,159.79770435664912,23.78429003561621,highs-ds,15.862634664455982,0.0,False,False,True,2,1,2,1
poland_pulawy,2018,Poland,Pulawy,Pulawy Grupa Azoty,Reforming,1,2024,114348.0,73.5184666080091,8760,rigid,False,1.0,1.5,0.6,0.0,high_investment_small_cavern,16,2.0,4,optimal,101.88930763455129,optimal,155.25471033584597,27565.94033580524,60.34102010464223,48.31430568079742,27.69826875515251,29.031602088485847,1.5,0.5,0.1202813692830341,0.1502225980452436,0.1300437351598173,0.1369139445614183,256.44464127833413,3347480.803755131,3347.480803755131,-0.0,644021.7674861598,1875.794595222884,137905.54231237757,5.7980287238024175e-12,3.637978807091713e-12,0.0,0.0,0.0,1.5543122344752196e-15,0.0,135.294090941866,177.55300484072126,0.0,highs-ds,Poland,Pulawy,Pulawy Grupa Azoty,Reforming,1,2024,114348.0,73.5184666080091,8760,flex_ml0p6_b24,True,0.6,1.5,0.6,24.0,high_investment_small_cavern,16,2.0,3,optimal,101.88930763455129,optimal,131.25471033584603,23304.668219627936,60.34102010464223,48.31430568079742,27.69826875515251,29.031602088485847,1.5,0.5,0.1202813692830341,0.1502225980452436,0.1300437351598173,0.1369139445614183,245.77777015950272,3208241.605273837,3208.241605273837,1475.640924506435,644021.7674861598,1555.1691975479043,114333.65471972992,3.268496584496461e-12,3.637978807091713e-12,4.0930325795329736e-10,4.1109160520136356e-10,0.0,3.219646771412954e-15,1.2434497875801753e-13,101.47056820639948,159.79770435664912,20.071704329394688,highs-ds,15.458468183080116,1.0,False,False,True,2,2,2,1
poland_pulawy,2019,Poland,Pulawy,Pulawy Grupa Azoty,Reforming,1,2024,114348.0,73.5184666080091,8760,rigid,False,1.0,1.5,0.6,0.0,high_investment_small_cavern,16,2.0,3,optimal,101.88930763455129,optimal,88.24998275772087,15669.04961577518,60.34102010464223,48.31430568079742,27.69826875515251,29.031602088485847,1.5,0.5,0.1202813692830341,0.1502225980452436,0.1287399817351598,0.1688393618639586,215.7105243799748,2815761.0778312045,2815.7610778312046,-0.0,644021.7674861598,1394.35547232558,102510.87623186292,5.286437954055145e-12,3.637978807091713e-12,0.0,0.0,0.0,8.881784197001252e-16,0.0,101.47056820639948,177.55300484072126,0.0,highs-ds,Poland,Pulawy,Pulawy Grupa Azoty,Reforming,1,2024,114348.0,73.5184666080091,8760,flex_ml0p6_b24,True,0.6,1.5,0.6,24.0,high_investment_small_cavern,16,2.0,3,optimal,101.88930763455129,optimal,64.24998275772089,11407.777499597874,60.34102010464223,48.31430568079742,27.69826875515251,29.031602088485847,1.5,0.5,0.1202813692830341,0.1502225980452436,0.1287399817351598,0.1688393618639586,92.68890599021474,1209907.6509325425,1209.9076509325423,470.6475355733047,644021.7674861598,580.2572536990291,42659.62353012714,5.314859663485549e-12,1.5631940186722204e-12,2.0398882583094744e-10,2.0372681319713595e-10,0.0,2.997602166487923e-15,4.458655666894629e-13,101.47056820639948,202.94113641279893,6.401759412131596,highs-ds,27.195472735545955,0.0,True,True,True,1,2,1,2
poland_pulawy,2020,Poland,Pulawy,Pulawy Grupa Azoty,Reforming,1,2024,114348.0,73.5184666080091,8784,rigid,False,1.0,1.5,0.6,0.0,high_investment_small_cavern,16,2.0,4,optimal,101.88930763455129,optimal,187.5552202250061,33300.992924513055,60.34102010464223,48.31430568079742,27.69826875515251,29.031602088485847,1.5,0.5,0.1202813692830341,0.1502225980452436,0.1241440152550091,0.1551936439563569,367.2415879329613,4793760.399196146,4793.760399196146,-0.0,645786.210684752,1381.8149065234002,101588.91306368982,5.172751116333529e-12,3.637978807091713e-12,0.0,0.0,0.0,3.552713678800501e-15,0.0,135.294090941866,177.55300484072126,0.0,highs-ds,Poland,Pulawy,Pulawy Grupa Azoty,Reforming,1,2024,114348.0,73.5184666080091,8784,flex_ml0p6_b24,True,0.6,1.5,0.6,24.0,high_investment_small_cavern,16,2.0,4,optimal,101.88930763455129,optimal,163.55522022500645,29039.7208083358,60.34102010464223,48.31430568079742,27.69826875515251,29.031602088485847,1.5,0.5,0.1202813692830341,0.1502225980452436,0.1241440152550091,0.1551936439563569,205.0854957257997,2677068.0668097874,2677.0680668097875,1764.4431985921967,645786.210684752,551.7550706771231,40564.18673937578,5.343281372915953e-12,3.606004383982509e-12,3.8619774045400845e-10,3.892637323588133e-10,0.0,3.552713678800501e-15,3.451461338954687e-12,135.294090941866,165.30392241936624,23.9999999999997,highs-ds,12.796231409185708,0.0,False,False,True,2,2,2,2
poland_pulawy,2021,Poland,Pulawy,Pulawy Grupa Azoty,Reforming,1,2024,114348.0,73.5184666080091,8760,rigid,False,1.0,1.5,0.6,0.0,high_investment_small_cavern,16,2.0,4,optimal,101.88930763455129,optimal,161.2450608470623,28629.545069120843,60.34102010464223,48.31430568079742,27.69826875515251,29.031602088485847,1.5,0.5,0.1202813692830341,0.1502225980452436,0.1232903961187214,0.1436254545935241,239.91129296800605,3131663.987249492,3131.663987249492,-0.0,644021.7674861598,922.040108290154,67786.97491257479,6.679101716144942e-12,3.623767952376511e-12,0.0,0.0,0.0,3.552713678800501e-15,1.882938249764265e-13,135.294090941866,177.55300484072126,0.0,highs-ds,Poland,Pulawy,Pulawy Grupa Azoty,Reforming,1,2024,114348.0,73.5184666080091,8760,flex_ml0p6_b24,True,0.6,1.5,0.6,24.0,high_investment_small_cavern,16,2.0,3,optimal,101.88930763455129,optimal,137.24506084706243,24368.27295294356,60.34102010464223,48.31430568079742,27.69826875515251,29.031602088485847,1.5,0.5,0.1202813692830341,0.1502225980452436,0.1232903961187214,0.1436254545935241,191.8289937021285,2504025.3164213463,2504.0253164213464,1661.847095185854,644021.7674861598,1171.1286950430265,86099.585860202,4.263256414560601e-12,3.581135388230905e-12,3.660147740447428e-10,3.67435859516263e-10,0.0,3.552713678800501e-15,1.0658141036401504e-14,101.47056820639948,159.79770435664912,22.60448526554024,highs-ds,14.884176838609264,1.0,False,False,True,2,2,2,1
poland_pulawy,2022,Poland,Pulawy,Pulawy Grupa Azoty,Reforming,1,2024,114348.0,73.5184666080091,8760,rigid,False,1.0,1.5,0.6,0.0,high_investment_small_cavern,16,2.0,5,optimal,101.88930763455129,optimal,304.32716449408,54034.20251058036,60.34102010464223,48.31430568079742,27.69826875515251,29.031602088485847,1.5,0.5,0.1202813692830341,0.1502225980452436,0.12554675,0.1546160550527624,381.9978701054774,4986380.416760402,4986.380416760402,-0.0,644021.7674861598,1068.531718916821,78556.81349678489,6.59383658785373e-12,7.275957614183426e-12,0.0,0.0,0.0,3.552713678800501e-15,3.375077994860477e-13,169.11761367733249,177.55300484072126,0.0,highs-ds,Poland,Pulawy,Pulawy Grupa Azoty,Reforming,1,2024,114348.0,73.5184666080091,8760,flex_ml0p6_b24,True,0.6,1.5,0.6,24.0,high_investment_small_cavern,16,2.0,4,optimal,101.88930763455129,optimal,280.3271644940801,49772.93039440307,60.34102010464223,48.31430568079742,27.69826875515251,29.031602088485847,1.5,0.5,0.1202813692830341,0.1502225980452436,0.12554675,0.1546160550527624,322.1401502608812,4205032.180597174,4205.032180597174,1764.4431985923168,644021.7674861598,731.0791384519416,53747.81722809114,5.286437954055145e-12,3.637978807091713e-12,4.1632874925312535e-10,4.165485734120011e-10,0.0,3.219646771412954e-15,0.0,135.294090941866,264.3316580289739,24.000000000001336,highs-ds,7.886249668148441,1.0,False,False,True,3,2,3,1
poland_pulawy,2023,Poland,Pulawy,Pulawy Grupa Azoty,Reforming,1,2024,114348.0,73.5184666080091,8760,rigid,False,1.0,1.5,0.6,0.0,high_investment_small_cavern,16,2.0,4,optimal,101.88930763455129,optimal,153.44097995589402,27243.907056873864,60.34102010464223,48.31430568079742,27.69826875515251,29.031602088485847,1.5,0.5,0.1202813692830341,0.1502225980452436,0.1187201883561644,0.1571498927485578,190.36853311406588,2484961.304169772,2484.961304169772,-0.0,644021.7674861598,1154.5204962183714,84878.57654949244,6.565414878423326e-12,3.353761712787673e-12,0.0,0.0,0.0,3.552713678800501e-15,0.0,135.294090941866,177.55300484072126,0.0,highs-ds,Poland,Pulawy,Pulawy Grupa Azoty,Reforming,1,2024,114348.0,73.5184666080091,8760,flex_ml0p6_b24,True,0.6,1.5,0.6,24.0,high_investment_small_cavern,16,2.0,3,optimal,101.88930763455129,optimal,129.44097995589405,22982.63494069656,60.34102010464223,48.31430568079742,27.69826875515251,29.031602088485847,1.5,0.5,0.1202813692830341,0.1502225980452436,0.1187201883561644,0.1571498927485578,193.6180416466245,2527378.5189735405,2527.3785189735404,271.7589755197131,644021.7674861598,1201.106508492357,88303.50873725775,4.263256414560601e-12,3.623767952376511e-12,2.5974711270748685e-10,2.601154847070575e-10,0.0,2.886579864025407e-15,3.5527136788005016e-14,101.47056820639948,202.94113641279893,3.696472302240695,highs-ds,15.641193119920555,1.0,False,False,True,2,2,2,1
poland_tarnow,2015,Poland,Tarnow,Tarnow Grupa Azoty,Reforming,1,2024,26961.0,17.334202419093764,8760,rigid,False,1.0,1.5,0.6,0.0,high_investment_small_cavern,16,2.0,1,optimal,432.136736374603,optimal,157.0087708486032,27877.37905051774,59.01976584991299,49.44352066946543,27.69826875515251,29.031602088485847,1.5,0.5,0.1229740650035493,0.1467917418470502,0.1270234805936073,0.1522589222565158,174.16668959271675,536039.7395101868,536.0397395101868,-0.0,151847.61319126136,716.6593742005863,12422.718657934023,6.59383658785373e-12,1.8118839761882559e-12,0.0,0.0,0.0,3.552713678800501e-15,5.861977570020829e-14,143.4535876916703,177.55300484072126,0.0,highs-ds,Poland,Tarnow,Tarnow Grupa Azoty,Reforming,1,2024,26961.0,17.334202419093764,8760,flex_ml0p6_b24,True,0.6,1.5,0.6,24.0,high_investment_small_cavern,16,2.0,1,optimal,432.136736374603,optimal,133.7664580713866,23750.636577475045,59.01976584991299,49.44352066946543,27.69826875515251,29.031602088485847,1.5,0.5,0.1229740650035493,0.1467917418470502,0.1270234805936073,0.1522589222565158,134.0534776837095,412581.71367927984,412.5817136792799,400.0949120366091,151847.61319126136,337.64263474352447,5852.7657759603935,4.433786671143025e-12,1.8189894035458565e-12,4.0420933267171217e-10,4.0381564758718014e-10,0.0,3.552713678800501e-15,0.0,143.4535876916703,159.79770435664912,23.08124148797878,highs-ds,14.803193892669958,0.0,True,True,True,1,0,1,0
poland_tarnow,2016,Poland,Tarnow,Tarnow Grupa Azoty,Reforming,1,2024,26961.0,17.334202419093764,8784,rigid,False,1.0,1.5,0.6,0.0,high_investment_small_cavern,16,2.0,1,optimal,432.136736374603,optimal,96.35712409064848,17108.496920104888,59.01976584991299,49.44352066946543,27.69826875515251,29.031602088485847,1.5,0.5,0.1229740650035493,0.1467917418470502,0.1199284096083788,0.1406685168986099,260.1250579485705,800597.2245834941,800.5972245834942,-0.0,152263.63404931963,1964.3542090837927,34050.51348305729,5.9401372709544376e-12,3.637978807091713e-12,0.0,0.0,0.0,3.552713678800501e-15,0.0,143.4535876916703,177.55300484072126,0.0,highs-ds,Poland,Tarnow,Tarnow Grupa Azoty,Reforming,1,2024,26961.0,17.334202419093764,8784,flex_ml0p6_b24,True,0.6,1.5,0.6,24.0,high_investment_small_cavern,16,2.0,1,optimal,432.136736374603,optimal,74.35712409064853,13202.330813609027,59.01976584991299,49.44352066946543,27.69826875515251,29.031602088485847,1.5,0.5,0.1229740650035493,0.1467917418470502,0.1199284096083788,0.1406685168986099,90.43515024157917,278335.8545277644,278.33585452776435,230.42625161725903,152263.63404931963,767.1363783881019,13297.697266029863,7.077005648170598e-12,9.094947017729282e-13,5.15373077547565e-10,5.16592990607023e-10,0.0,3.552713678800501e-15,0.0,143.45358769167115,256.90410833816594,13.293155695669196,highs-ds,22.831731652039906,0.0,True,True,True,1,0,1,0
poland_tarnow,2017,Poland,Tarnow,Tarnow Grupa Azoty,Reforming,1,2024,26961.0,17.334202419093764,8760,rigid,False,1.0,1.5,0.6,0.0,high_investment_small_cavern,16,2.0,1,optimal,432.136736374603,optimal,162.21307995212035,28801.41976996713,59.01976584991299,49.44352066946543,27.69826875515251,29.031602088485847,1.5,0.5,0.1229740650035493,0.1467917418470502,0.1217521940639269,0.1718553013990561,263.8493648993246,812059.6720377501,812.0596720377501,-0.0,151847.61319126136,565.8509177445707,9808.574347214362,6.0822458181064576e-12,3.609557097661309e-12,0.0,0.0,0.0,3.552713678800501e-15,0.0,143.4535876916703,177.55300484072126,0.0,highs-ds,Poland,Tarnow,Tarnow Grupa Azoty,Reforming,1,2024,26961.0,17.334202419093764,8760,flex_ml0p6_b24,True,0.6,1.5,0.6,24.0,high_investment_small_cavern,16,2.0,1,optimal,432.136736374603,optimal,138.2130799521207,24540.14765378988,59.01976584991299,49.44352066946543,27.69826875515251,29.031602088485847,1.5,0.5,0.1229740650035493,0.1467917418470502,0.1217521940639269,0.1718553013990561,192.20676434918445,591562.3942486714,591.5623942486714,307.33156165603606,151847.61319126136,497.5196081159132,8624.105594549445,5.9401372709544376e-12,1.5077716852829326e-11,3.1124924859682324e-10,3.1104718800634135e-10,0.0,3.552713678800501e-15,0.0,143.4535876916703,159.79770435664912,17.72977805529189,highs-ds,14.795354361734345,0.0,True,True,True,1,0,1,0
poland_tarnow,2018,Poland,Tarnow,Tarnow Grupa Azoty,Reforming,1,2024,26961.0,17.334202419093764,8760,rigid,False,1.0,1.5,0.6,0.0,high_investment_small_cavern,16,2.0,1,optimal,432.136736374603,optimal,186.826621111774,33171.627962634404,59.01976584991299,49.44352066946543,27.69826875515251,29.031602088485847,1.5,0.5,0.1229740650035493,0.1467917418470502,0.1290662488584474,0.1422499947981176,246.0513687554273,757282.0722619949,757.2820722619949,-0.0,151847.61319126136,842.5694311019122,14605.269070861224,6.423306331271306e-12,3.637978807091713e-12,0.0,0.0,0.0,3.552713678800501e-15,0.0,143.4535876916707,177.55300484072126,0.0,highs-ds,Poland,Tarnow,Tarnow Grupa Azoty,Reforming,1,2024,26961.0,17.334202419093764,8760,flex_ml0p6_b24,True,0.6,1.5,0.6,24.0,high_investment_small_cavern,16,2.0,1,optimal,432.136736374603,optimal,162.82662111177444,28910.355846457176,59.01976584991299,49.44352066946543,27.69826875515251,29.031602088485847,1.5,0.5,0.1229740650035493,0.1467917418470502,0.1290662488584474,0.1422499947981176,184.3274405007238,567311.886226029,567.3118862260291,416.0208580582488,151847.61319126136,453.7289746064726,7865.02988923645,4.718003765447065e-12,6.3806737671257e-12,4.13616696448571e-10,4.129105946049093e-10,0.0,1.3322676295501878e-15,4.369837824924616e-13,143.4535876916703,170.27713593656492,23.99999999999991,highs-ds,12.846135019291982,0.0,True,True,True,1,0,1,0
poland_tarnow,2019,Poland,Tarnow,Tarnow Grupa Azoty,Reforming,1,2024,26961.0,17.334202419093764,8760,rigid,False,1.0,1.5,0.6,0.0,high_investment_small_cavern,16,2.0,1,optimal,432.136736374603,optimal,78.15522598804348,13876.69521818275,59.01976584991299,49.44352066946543,27.69826875515251,29.031602088485847,1.5,0.5,0.1229740650035493,0.1467917418470502,0.1284669006849315,0.1658881354628891,136.75860881891455,420907.403238214,420.9074032382141,-0.0,151847.61319126136,649.2604256093363,11254.411640219205,5.9401372709544376e-12,1.8189894035458565e-12,0.0,0.0,0.0,3.552713678800501e-15,4.423128530106624e-13,143.4535876916703,177.55300484072126,0.0,highs-ds,Poland,Tarnow,Tarnow Grupa Azoty,Reforming,1,2024,26961.0,17.334202419093764,8760,flex_ml0p6_b24,True,0.6,1.5,0.6,24.0,high_investment_small_cavern,16,2.0,1,optimal,432.136736374603,optimal,59.66605104796809,10593.8866505466,59.01976584991299,49.44352066946543,27.69826875515251,29.031602088485847,1.5,0.5,0.1229740650035493,0.1467917418470502,0.1284669006849315,0.1658881354628891,82.39300753842781,253584.2324478941,253.58423244789407,250.3245522731377,151847.61319126136,279.63617425054974,4847.270048160005,5.002220859751105e-12,5.101696842757519e-12,2.9941693568957817e-10,3.0013325158506627e-10,0.0,3.552713678800501e-15,0.0,143.4535876916703,166.03620045801108,14.441077023388347,highs-ds,23.656991207349265,0.0,True,True,True,1,0,1,0
poland_tarnow,2020,Poland,Tarnow,Tarnow Grupa Azoty,Reforming,1,2024,26961.0,17.334202419093764,8784,rigid,False,1.0,1.5,0.6,0.0,high_investment_small_cavern,16,2.0,1,optimal,432.136736374603,optimal,170.02901756342447,30189.162978501787,59.01976584991299,49.44352066946543,27.69826875515251,29.031602088485847,1.5,0.5,0.1229740650035493,0.1467917418470502,0.1273072199453551,0.1492721580240087,427.6122210782754,1316079.1201474182,1316.0791201474185,-0.0,152263.63404931963,1634.6870199586417,28335.995695828264,5.9401372709544376e-12,7.275957614183426e-12,0.0,0.0,0.0,3.552713678800501e-15,0.0,143.4535876916703,177.55300484072126,0.0,highs-ds,Poland,Tarnow,Tarnow Grupa Azoty,Reforming,1,2024,26961.0,17.334202419093764,8784,flex_ml0p6_b24,True,0.6,1.5,0.6,24.0,high_investment_small_cavern,16,2.0,1,optimal,432.136736374603,optimal,146.029017563425,25927.89086232457,59.01976584991299,49.44352066946543,27.69826875515251,29.031602088485847,1.5,0.5,0.1229740650035493,0.1467917418470502,0.1273072199453551,0.1492721580240087,194.7301460948269,599328.7064911677,599.3287064911676,416.0208580582496,152263.63404931963,855.7486634249283,14833.720551676646,4.916955731459893e-12,3.623767952376511e-12,4.023466004809961e-10,4.0381564758718014e-10,0.0,3.552713678800501e-15,0.0,143.4535876916703,181.6782053455429,23.99999999999996,highs-ds,14.11523770702667,0.0,True,True,True,1,0,1,0
poland_tarnow,2021,Poland,Tarnow,Tarnow Grupa Azoty,Reforming,1,2024,26961.0,17.334202419093764,8760,rigid,False,1.0,1.5,0.6,0.0,high_investment_small_cavern,16,2.0,1,optimal,432.136736374603,optimal,156.70204246824775,27822.918504915702,59.01976584991299,49.44352066946543,27.69826875515251,29.031602088485847,1.5,0.5,0.1229740650035493,0.1467917418470502,0.1260293184931507,0.1476398775249718,180.45825086342413,555403.5275717783,555.4035275717782,-0.0,151847.61319126136,679.7354598126329,11782.672051827954,6.0538241086760536e-12,1.8189894035458565e-12,0.0,0.0,0.0,3.552713678800501e-15,0.0,143.4535876916703,177.55300484072126,0.0,highs-ds,Poland,Tarnow,Tarnow Grupa Azoty,Reforming,1,2024,26961.0,17.334202419093764,8760,flex_ml0p6_b24,True,0.6,1.5,0.6,24.0,high_investment_small_cavern,16,2.0,1,optimal,432.136736374603,optimal,132.70204246824807,23561.64638873845,59.01976584991299,49.44352066946543,27.69826875515251,29.031602088485847,1.5,0.5,0.1229740650035493,0.1467917418470502,0.1260293184931507,0.1476398775249718,135.42364727228804,416798.73905344267,416.79873905344266,396.0191877772208,151847.61319126136,320.20313922254354,5550.466030512832,5.059064278611913e-12,4.916955731459893e-12,3.7995739887719527e-10,3.8198777474462976e-10,0.0,3.552713678800501e-15,0.0,143.4535876916703,188.6898158753442,22.846115339059523,highs-ds,15.315690607455076,0.0,True,True,True,1,0,1,0
poland_tarnow,2022,Poland,Tarnow,Tarnow Grupa Azoty,Reforming,1,2024,26961.0,17.334202419093764,8760,rigid,False,1.0,1.5,0.6,0.0,high_investment_small_cavern,16,2.0,1,optimal,432.136736374603,optimal,235.6270360845248,41836.28827852044,59.01976584991299,49.44352066946543,27.69826875515251,29.031602088485847,1.5,0.5,0.1229740650035493,0.1467917418470502,0.1292503173515981,0.1482016670400704,376.4875317356622,1158730.6327768478,1158.730632776848,-0.0,151847.61319126136,1361.7243300928235,23604.40517683385,5.7127635955112055e-12,7.02016222930979e-12,0.0,0.0,0.0,3.552713678800501e-15,0.0,143.4535876916703,177.55300484072126,0.0,highs-ds,Poland,Tarnow,Tarnow Grupa Azoty,Reforming,1,2024,26961.0,17.334202419093764,8760,flex_ml0p6_b24,True,0.6,1.5,0.6,24.0,high_investment_small_cavern,16,2.0,1,optimal,432.136736374603,optimal,211.62703608452463,37575.0161623431,59.01976584991299,49.44352066946543,27.69826875515251,29.031602088485847,1.5,0.5,0.1229740650035493,0.1467917418470502,0.1292503173515981,0.1482016670400704,237.4380445952744,730772.5023211406,730.7725023211406,416.0208580582487,151847.61319126136,540.3878711738054,9367.192743749903,7.389644451905042e-12,9.976020010071808e-12,3.6735370301244075e-10,3.67435859516263e-10,0.0,3.552713678800501e-15,1.708855279503041e-12,143.4535876916703,159.79770435664912,23.999999999999904,highs-ds,10.185588376790015,0.0,True,True,True,1,0,1,0
poland_tarnow,2023,Poland,Tarnow,Tarnow Grupa Azoty,Reforming,1,2024,26961.0,17.334202419093764,8760,rigid,False,1.0,1.5,0.6,0.0,high_investment_small_cavern,16,2.0,1,optimal,432.136736374603,optimal,141.03394343579956,25041.000441562526,59.01976584991299,49.44352066946543,27.69826875515251,29.031602088485847,1.5,0.5,0.1229740650035493,0.1467917418470502,0.1200181267123287,0.1592515807255469,184.24389096628053,567054.7425047818,567.0547425047818,-0.0,151847.61319126136,1125.2226694303697,19504.83751845906,6.423306331271306e-12,1.8189894035458565e-12,0.0,0.0,0.0,3.552713678800501e-15,7.460698725481053e-14,143.4535876916703,177.55300484072126,0.0,highs-ds,Poland,Tarnow,Tarnow Grupa Azoty,Reforming,1,2024,26961.0,17.334202419093764,8760,flex_ml0p6_b24,True,0.6,1.5,0.6,24.0,high_investment_small_cavern,16,2.0,1,optimal,432.136736374603,optimal,117.0339434357996,20779.728325385226,59.01976584991299,49.44352066946543,27.69826875515251,29.031602088485847,1.5,0.5,0.1229740650035493,0.1467917418470502,0.1200181267123287,0.1592515807255469,119.69137793217548,368378.9087248154,368.3789087248154,385.23220359088367,151847.61319126136,421.58061995384617,7307.763802247009,6.87805368215777e-12,4.022382427137927e-11,3.7765701677017205e-10,3.7834979593753815e-10,0.0,3.552713678800501e-15,0.0,143.4535876916703,159.79770435664912,22.22382052989916,highs-ds,17.017179988961356,0.0,True,True,True,1,0,1,0
poland_wloclawek,2015,Poland,Wloclawek,Wloclawek Anwil S.A. (Grupa Orlen),By-product | Reforming,2,2024,52849.0,33.978534314257125,8760,rigid,False,1.0,1.5,0.6,0.0,high_investment_small_cavern,16,2.0,2,optimal,220.45523187563947,optimal,134.52810427472352,23885.86914950304,60.397517323716805,38.06377967503051,27.69826875515251,29.031602088485847,1.5,0.5,0.120168855339215,0.1906773469184033,0.1265079611872146,0.2171563888670108,148.91715678517326,898415.8469109157,898.4158469109157,-0.0,297651.9605928924,551.4037864594737,18735.89247922453,6.30961949354969e-12,1.8189894035458565e-12,0.0,0.0,0.0,3.552713678800501e-15,0.0,146.36614421295096,177.55300484072126,0.0,highs-ds,Poland,Wloclawek,Wloclawek Anwil S.A. (Grupa Orlen),By-product | Reforming,2,2024,52849.0,33.978534314257125,8760,flex_ml0p6_b24,True,0.6,1.5,0.6,24.0,high_investment_small_cavern,16,2.0,2,optimal,220.45523187563947,optimal,110.52810427472365,19624.59703332575,60.397517323716805,38.06377967503051,27.69826875515251,29.031602088485847,1.5,0.5,0.120168855339215,0.1906773469184033,0.1265079611872146,0.2171563888670108,110.69580925703237,667826.8063270437,667.8268063270436,815.4848235421713,297651.9605928924,296.644767098219,10079.554397991647,5.002220859751105e-12,1.4082957022765186e-11,2.462001713610107e-10,2.4556356947869057e-10,0.0,3.552713678800501e-15,4.085620730620576e-14,146.36614421295096,159.79770435664912,24.000000000000007,highs-ds,17.840138407799767,0.0,True,True,True,1,1,1,1
poland_wloclawek,2016,Poland,Wloclawek,Wloclawek Anwil S.A. (Grupa Orlen),By-product | Reforming,2,2024,52849.0,33.978534314257125,8784,rigid,False,1.0,1.5,0.6,0.0,high_investment_small_cavern,16,2.0,2,optimal,220.45523187563947,optimal,124.71929886197248,22144.28627457116,60.397517323716805,38.06377967503051,27.69826875515251,29.031602088485847,1.5,0.5,0.120168855339215,0.1906773469184033,0.1193991575591985,0.1781364984735219,167.22897793452117,1008890.8966736884,1008.8908966736884,-0.0,298467.4454164346,1185.7302750450708,40289.37683807248,5.343281372915953e-12,1.8189894035458565e-12,0.0,0.0,0.0,3.552713678800501e-15,8.526512829121202e-14,146.36614421295096,177.55300484072126,0.0,highs-ds,Poland,Wloclawek,Wloclawek Anwil S.A. (Grupa Orlen),By-product | Reforming,2,2024,52849.0,33.978534314257125,8784,flex_ml0p6_b24,True,0.6,1.5,0.6,24.0,high_investment_small_cavern,16,2.0,2,optimal,220.45523187563947,optimal,104.3192988619727,18522.204975820485,60.397517323716805,38.06377967503051,27.69826875515251,29.031602088485847,1.5,0.5,0.120168855339215,0.1906773469184033,0.1193991575591985,0.1781364984735219,104.7411331956052,631902.300029057,631.902300029057,678.8287876305819,298467.4454164346,404.8853470817722,13757.410659157904,5.9401372709544376e-12,2.7569058147491887e-12,4.680802412337923e-10,4.69299266114831e-10,0.0,1.4432899320127037e-15,1.7763568394002505e-14,146.36614421295096,186.45249507335927,19.97816566636751,highs-ds,16.356730823652697,0.0,True,True,True,1,1,1,1
poland_wloclawek,2017,Poland,Wloclawek,Wloclawek Anwil S.A. (Grupa Orlen),By-product | Reforming,2,2024,52849.0,33.978534314257125,8760,rigid,False,1.0,1.5,0.6,0.0,high_investment_small_cavern,16,2.0,2,optimal,220.45523187563947,optimal,213.54382924560363,37915.348547750815,60.397517323716805,38.06377967503051,27.69826875515251,29.031602088485847,1.5,0.5,0.120168855339215,0.1906773469184033,0.1102488173515981,0.2214796628696791,280.2631138579053,1690824.8064242513,1690.8248064242514,-0.0,297651.9605928924,546.1829817971504,18558.49718885775,6.224354365258478e-12,3.6219915955371123e-12,0.0,0.0,0.0,1.4432899320127037e-15,1.6697754290362354e-13,146.36614421295096,177.55300484072126,0.0,highs-ds,Poland,Wloclawek,Wloclawek Anwil S.A. (Grupa Orlen),By-product | Reforming,2,2024,52849.0,33.978534314257125,8760,flex_ml0p6_b24,True,0.6,1.5,0.6,24.0,high_investment_small_cavern,16,2.0,2,optimal,220.45523187563947,optimal,189.543829245604,33654.076431573565,60.397517323716805,38.06377967503051,27.69826875515251,29.031602088485847,1.5,0.5,0.120168855339215,0.1906773469184033,0.1102488173515981,0.2214796628696791,218.9464881692097,1320902.1636135343,1320.9021636135346,815.484823542172,297651.9605928924,455.4906894601953,15476.906021647885,6.0538241086760536e-12,3.623767952376511e-12,3.028508555047438e-10,3.0377123039215803e-10,0.0,2.664535259100376e-15,0.0,146.36614421295096,195.1331134438967,24.00000000000003,highs-ds,11.238910571560679,0.0,True,True,True,1,1,1,1
poland_wloclawek,2018,Poland,Wloclawek,Wloclawek Anwil S.A. (Grupa Orlen),By-product | Reforming,2,2024,52849.0,33.978534314257125,8760,rigid,False,1.0,1.5,0.6,0.0,high_investment_small_cavern,16,2.0,2,optimal,220.45523187563947,optimal,124.52577079543904,22109.92478483713,60.397517323716805,38.06377967503051,27.69826875515251,29.031602088485847,1.5,0.5,0.120168855339215,0.1906773469184033,0.1301396289954338,0.1786046759696149,181.1049249119788,1092604.358067713,1092.604358067713,-0.0,297651.9605928924,868.718040956396,29517.765764051128,6.849631972727366e-12,1.8189894035458565e-12,0.0,0.0,0.0,1.6653345369377348e-15,0.0,146.36614421295096,177.55300484072126,0.0,highs-ds,Poland,Wloclawek,Wloclawek Anwil S.A. (Grupa Orlen),By-product | Reforming,2,2024,52849.0,33.978534314257125,8760,flex_ml0p6_b24,True,0.6,1.5,0.6,24.0,high_investment_small_cavern,16,2.0,2,optimal,220.45523187563947,optimal,100.52577079543924,17848.65266865986,60.397517323716805,38.06377967503051,27.69826875515251,29.031602088485847,1.5,0.5,0.120168855339215,0.1906773469184033,0.1301396289954338,0.1786046759696149,121.15490598060384,730926.4413434854,730.9264413434854,449.81022213205534,297651.9605928924,562.1264097351948,19100.23150213748,6.30961949354969e-12,1.226396761921933e-11,3.602789178103193e-10,3.601599019020796e-10,0.0,2.55351295663786e-15,0.0,146.36614421295096,160.1418638145751,13.238070187839694,highs-ds,19.273119007169267,0.0,True,True,True,1,1,1,1
poland_wloclawek,2019,Poland,Wloclawek,Wloclawek Anwil S.A. (Grupa Orlen),By-product | Reforming,2,2024,52849.0,33.978534314257125,8760,rigid,False,1.0,1.5,0.6,0.0,high_investment_small_cavern,16,2.0,2,optimal,220.45523187563947,optimal,106.98692777191084,18995.85050457998,60.397517323716805,38.06377967503051,27.69826875515251,29.031602088485847,1.5,0.5,0.120168855339215,0.1906773469184033,0.1260777477168949,0.2149713670807395,116.86605602279056,705051.8487155775,705.0518487155775,-0.0,297651.9605928924,289.8166390990881,9847.544616471036,6.622258297284134e-12,1.7905676941154525e-12,0.0,0.0,0.0,3.552713678800501e-15,0.0,146.36614421295096,177.55300484072126,0.0,highs-ds,Poland,Wloclawek,Wloclawek Anwil S.A. (Grupa Orlen),By-product | Reforming,2,2024,52849.0,33.978534314257125,8760,flex_ml0p6_b24,True,0.6,1.5,0.6,24.0,high_investment_small_cavern,16,2.0,2,optimal,220.45523187563947,optimal,82.98692777191101,14734.5783884027,60.397517323716805,38.06377967503051,27.69826875515251,29.031602088485847,1.5,0.5,0.120168855339215,0.1906773469184033,0.1260777477168949,0.2149713670807395,88.07136344006527,531333.7313292249,531.3337313292249,780.9582290313978,297651.9605928924,257.0528557698072,8734.27928035218,4.774847184307873e-12,9.094947017729282e-13,2.2185986381373368e-10,2.219167072325945e-10,0.0,1.4988010832439613e-15,1.4566126083082056e-13,146.36614421295144,202.92079699340977,22.983870399133544,highs-ds,22.432647146543232,0.0,True,True,True,1,1,1,1
poland_wloclawek,2020,Poland,Wloclawek,Wloclawek Anwil S.A. (Grupa Orlen),By-product | Reforming,2,2024,52849.0,33.978534314257125,8784,rigid,False,1.0,1.5,0.6,0.0,high_investment_small_cavern,16,2.0,2,optimal,220.45523187563947,optimal,161.63824200261385,28699.35556473577,60.397517323716805,38.06377967503051,27.69826875515251,29.031602088485847,1.5,0.5,0.120168855339215,0.1906773469184033,0.1210956967213114,0.2060901361573177,231.98742809181897,1399578.0350712943,1399.5780350712946,-0.0,298467.4454164346,1118.0741607376544,37990.52123650863,6.16751094639767e-12,3.637978807091713e-12,0.0,0.0,0.0,3.552713678800501e-15,0.0,146.36614421295096,177.55300484072126,0.0,highs-ds,Poland,Wloclawek,Wloclawek Anwil S.A. (Grupa Orlen),By-product | Reforming,2,2024,52849.0,33.978534314257125,8784,flex_ml0p6_b24,True,0.6,1.5,0.6,24.0,high_investment_small_cavern,16,2.0,2,optimal,220.45523187563947,optimal,137.6382420026143,24438.08344855854,60.397517323716805,38.06377967503051,27.69826875515251,29.031602088485847,1.5,0.5,0.120168855339215,0.1906773469184033,0.1210956967213114,0.2060901361573177,148.89342653307216,898272.6825167043,898.2726825167043,815.4848235421736,298467.4454164346,367.535049072385,12488.30227659821,6.195932655828074e-12,2.209787908213912e-12,3.2755198553502396e-10,3.2741809263825417e-10,0.0,3.552713678800501e-15,0.0,146.36614421295096,180.4993363197209,24.000000000000075,highs-ds,14.847971434638247,0.0,True,True,True,1,1,1,1
poland_wloclawek,2021,Poland,Wloclawek,Wloclawek Anwil S.A. (Grupa Orlen),By-product | Reforming,2,2024,52849.0,33.978534314257125,8760,rigid,False,1.0,1.5,0.6,0.0,high_investment_small_cavern,16,2.0,2,optimal,220.45523187563947,optimal,133.75724442778528,23749.00066736809,60.397517323716805,38.06377967503051,27.69826875515251,29.031602088485847,1.5,0.5,0.120168855339215,0.1906773469184033,0.1215013447488584,0.182700472337317,254.64559978906183,1536274.5779968183,1536.2745779968184,-0.0,297651.9605928924,937.2307252771876,31845.726359207016,6.764366844436154e-12,3.609557097661309e-12,0.0,0.0,0.0,3.552713678800501e-15,0.0,146.36614421295096,177.55300484072126,0.0,highs-ds,Poland,Wloclawek,Wloclawek Anwil S.A. (Grupa Orlen),By-product | Reforming,2,2024,52849.0,33.978534314257125,8760,flex_ml0p6_b24,True,0.6,1.5,0.6,24.0,high_investment_small_cavern,16,2.0,2,optimal,220.45523187563947,optimal,109.75724442778557,19487.72855119084,60.397517323716805,38.06377967503051,27.69826875515251,29.031602088485847,1.5,0.5,0.120168855339215,0.1906773469184033,0.1215013447488584,0.182700472337317,124.3169394882687,750002.9606182092,750.0029606182092,746.0634053921082,297651.9605928924,522.713890411135,17761.05186187359,7.389644451905042e-12,1.8047785488306545e-12,4.0593306493974524e-10,4.05634636990726e-10,0.0,3.552713678800501e-15,0.0,146.36614421295096,198.53091328069084,21.95690368783994,highs-ds,17.94295337248606,0.0,True,True,True,1,1,1,1
poland_wloclawek,2022,Poland,Wloclawek,Wloclawek Anwil S.A. (Grupa Orlen),By-product | Reforming,2,2024,52849.0,33.978534314257125,8760,rigid,False,1.0,1.5,0.6,0.0,high_investment_small_cavern,16,2.0,3,optimal,220.45523187563947,optimal,332.8458378707708,59097.77866268289,60.397517323716805,38.06377967503051,27.69826875515251,29.031602088485847,1.5,0.5,0.120168855339215,0.1906773469184033,0.1261073698630136,0.1908524762853035,383.8854401847215,2315977.3548313184,2315.9773548313183,-0.0,297651.9605928924,868.6216538043134,29514.49066989664,7.133849067031406e-12,7.23332505003782e-12,0.0,0.0,0.0,1.7763568394002505e-15,0.0,219.5492163194264,397.1022211601477,0.0,highs-ds,Poland,Wloclawek,Wloclawek Anwil S.A. (Grupa Orlen),By-product | Reforming,2,2024,52849.0,33.978534314257125,8760,flex_ml0p6_b24,True,0.6,1.5,0.6,24.0,high_investment_small_cavern,16,2.0,2,optimal,220.45523187563947,optimal,308.84583787077054,54836.50654650553,60.397517323716805,38.06377967503051,27.69826875515251,29.031602088485847,1.5,0.5,0.120168855339215,0.1906773469184033,0.1261073698630136,0.1908524762853035,351.6061081478729,2121236.439441431,2121.236439441431,815.4848235421708,297651.9605928924,825.6838634623498,28055.52748738385,4.490630090003833e-12,3.637978807091713e-12,3.7747582837255317e-10,3.7834979593753815e-10,0.0,3.552713678800501e-15,0.0,146.36614421295096,196.92060404937047,24.0,highs-ds,7.2105453243848014,1.0,False,False,True,2,1,2,0
poland_wloclawek,2023,Poland,Wloclawek,Wloclawek Anwil S.A. (Grupa Orlen),By-product | Reforming,2,2024,52849.0,33.978534314257125,8760,rigid,False,1.0,1.5,0.6,0.0,high_investment_small_cavern,16,2.0,2,optimal,220.45523187563947,optimal,157.47343457269687,27959.88149097105,60.397517323716805,38.06377967503051,27.69826875515251,29.031602088485847,1.5,0.5,0.120168855339215,0.1906773469184033,0.1176085993150685,0.1971150089161895,215.82563812481388,1302074.1037966085,1302.0741037966084,-0.0,297651.9605928924,778.7899852620135,26462.142237825126,6.338041202980094e-12,3.637978807091713e-12,0.0,0.0,0.0,3.552713678800501e-15,6.927791673660978e-14,146.36614421295096,177.55300484072126,0.0,highs-ds,Poland,Wloclawek,Wloclawek Anwil S.A. (Grupa Orlen),By-product | Reforming,2,2024,52849.0,33.978534314257125,8760,flex_ml0p6_b24,True,0.6,1.5,0.6,24.0,high_investment_small_cavern,16,2.0,2,optimal,220.45523187563947,optimal,133.47343457269704,23698.60937479377,60.397517323716805,38.06377967503051,27.69826875515251,29.031602088485847,1.5,0.5,0.120168855339215,0.1906773469184033,0.1176085993150685,0.1971150089161895,154.6532567864698,933021.6858342628,933.0216858342628,815.4848235421713,297651.9605928924,502.5945691540782,17077.42681416112,4.490630090003833e-12,2.273736754432321e-12,3.8298431093153335e-10,3.8380676414817566e-10,0.0,3.552713678800501e-15,0.0,146.36614421295096,159.79770435664912,24.000000000000007,highs-ds,15.240665871753968,0.0,True,True,True,1,1,1,1
spain_huelva,2015,Spain,Huelva,Huelva Fertiberia,Reforming,1,2024,47390.0,30.468745693440656,8760,rigid,False,1.0,1.5,0.6,0.0,high_investment_small_cavern,16,2.0,2,optimal,245.8501487528101,optimal,55.653902064175696,9881.517542605614,37.87705231779908,58.81027645985802,27.69826875515251,29.031602088485847,1.5,0.5,0.1916173534631376,0.1234121136477817,0.1947667785388127,0.1121014601216313,197.70652268876967,1069556.1769658446,1069.5561769658443,-0.0,266906.21227454016,1094.503034647195,33348.13462336444,6.679101716144942e-12,3.637978807091713e-12,0.0,0.0,0.0,3.552713678800501e-15,0.0,163.226510983546,177.55300484072126,0.0,highs-ds,Spain,Huelva,Huelva Fertiberia,Reforming,1,2024,47390.0,30.468745693440656,8760,flex_ml0p6_b24,True,0.6,1.5,0.6,24.0,high_investment_small_cavern,16,2.0,2,optimal,245.8501487528101,optimal,37.43047778600096,6645.893803528337,37.87705231779908,58.81027645985802,27.69826875515251,29.031602088485847,1.5,0.5,0.1916173534631376,0.1234121136477817,0.1947667785388127,0.1121014601216313,84.11424541481713,455042.7043616649,455.0427043616649,136.72569887769745,266906.21227454016,745.6769487138439,22719.8413198229,6.394884621840902e-12,1.9042545318370685e-12,2.720010883194845e-10,2.7284841053187847e-10,0.0,3.552713678800501e-15,0.0,163.226510983546,170.83264768424772,4.48740818717496,highs-ds,32.74419870355347,0.0,True,True,True,1,1,1,1
spain_huelva,2016,Spain,Huelva,Huelva Fertiberia,Reforming,1,2024,47390.0,30.468745693440656,8784,rigid,False,1.0,1.5,0.6,0.0,high_investment_small_cavern,16,2.0,2,optimal,245.8501487528101,optimal,71.04480154360013,12614.217992378915,37.87705231779908,58.81027645985802,27.69826875515251,29.031602088485847,1.5,0.5,0.1916173534631376,0.1234121136477817,0.1907727811930783,0.1261049185112502,89.1613918716581,482346.8448399403,482.34684483994033,-0.0,267637.46217118273,436.288186354587,13293.153799090358,6.821210263296962e-12,9.094947017729282e-13,0.0,0.0,0.0,3.552713678800501e-15,0.0,163.226510983546,177.55300484072126,0.0,highs-ds,Spain,Huelva,Huelva Fertiberia,Reforming,1,2024,47390.0,30.468745693440656,8784,flex_ml0p6_b24,True,0.6,1.5,0.6,24.0,high_investment_small_cavern,16,2.0,2,optimal,245.8501487528101,optimal,47.044801543600215,8352.94587620162,37.87705231779908,58.81027645985802,27.69826875515251,29.031602088485847,1.5,0.5,0.1916173534631376,0.1234121136477817,0.1907727811930783,0.1261049185112502,64.83514668096161,350746.30150807893,350.74630150807894,354.57329668150004,267637.46217118273,400.49221295826175,12202.495388828556,5.7411853049416095e-12,1.2434497875801753e-12,1.9787727012499087e-10,2.0008883439004416e-10,0.0,3.552713678800501e-15,5.684341886080804e-14,163.226510983546,192.9157292062561,11.63727907440026,highs-ds,33.781500515940124,0.0,True,True,True,1,1,1,1
spain_huelva,2017,Spain,Huelva,Huelva Fertiberia,Reforming,1,2024,47390.0,30.468745693440656,8760,rigid,False,1.0,1.5,0.6,0.0,high_investment_small_cavern,16,2.0,2,optimal,245.8501487528101,optimal,48.966897699057526,8694.219824195863,37.87705231779908,58.81027645985802,27.69826875515251,29.031602088485847,1.5,0.5,0.1916173534631376,0.1234121136477817,0.2011980148401826,0.1170366751728099,130.8086093201237,707650.6844384319,707.6506844384319,-0.0,266906.21227454016,595.7344234433032,18151.28064872249,6.87805368215777e-12,1.7763568394002505e-12,0.0,0.0,0.0,3.552713678800501e-15,3.907985046680551e-14,163.226510983546,177.55300484072126,0.0,highs-ds,Spain,Huelva,Huelva Fertiberia,Reforming,1,2024,47390.0,30.468745693440656,8760,flex_ml0p6_b24,True,0.6,1.5,0.6,24.0,high_investment_small_cavern,16,2.0,1,optimal,245.8501487528101,optimal,28.848897819462486,5122.208494188496,37.87705231779908,58.81027645985802,27.69826875515251,29.031602088485847,1.5,0.5,0.1916173534631376,0.1234121136477817,0.2011980148401826,0.1170366751728099,235.3156633787916,1273014.7588494213,1273.0147588494212,116.27126874676216,266906.21227454016,597.897717655206,18217.19350992505,3.0127011996228248e-12,2.755662364961608e-11,1.2313305930433669e-10,1.2369127944111824e-10,0.0,1.7763568394002505e-15,1.7763568394002505e-15,81.613255491773,159.79770435664912,3.8160832059389023,highs-ds,41.08489780838669,1.0,True,True,True,1,1,1,0
spain_huelva,2018,Spain,Huelva,Huelva Fertiberia,Reforming,1,2024,47390.0,30.468745693440656,8760,rigid,False,1.0,1.5,0.6,0.0,high_investment_small_cavern,16,2.0,2,optimal,245.8501487528101,optimal,49.368031465441376,8765.442329760392,37.87705231779908,58.81027645985802,27.69826875515251,29.031602088485847,1.5,0.5,0.1916173534631376,0.1234121136477817,0.1915636289954338,0.124776051058805,212.1318843219522,1147594.7486321137,1147.5947486321136,-0.0,266906.21227454016,1114.475997852566,33956.68576001335,6.73594513500575e-12,3.637978807091713e-12,0.0,0.0,0.0,3.552713678800501e-15,0.0,163.226510983546,177.55300484072126,0.0,highs-ds,Spain,Huelva,Huelva Fertiberia,Reforming,1,2024,47390.0,30.468745693440656,8760,flex_ml0p6_b24,True,0.6,1.5,0.6,24.0,high_investment_small_cavern,16,2.0,2,optimal,245.8501487528101,optimal,32.80614643373068,5824.829876553594,37.87705231779908,58.81027645985802,27.69826875515251,29.031602088485847,1.5,0.5,0.1916173534631376,0.1234121136477817,0.1915636289954338,0.124776051058805,110.0768457776251,595495.6302969924,595.4956302969923,158.8905570927219,266906.21227454016,649.6541636760737,19794.147501731164,6.73594513500575e-12,1.7905676941154525e-12,2.42472930622739e-10,2.4374458007514477e-10,0.0,3.552713678800501e-15,0.0,163.226510983546,187.0773103871504,5.214870303208053,highs-ds,33.54779305572342,0.0,True,True,True,1,1,1,1
spain_huelva,2019,Spain,Huelva,Huelva Fertiberia,Reforming,1,2024,47390.0,30.468745693440656,8760,rigid,False,1.0,1.5,0.6,0.0,high_investment_small_cavern,16,2.0,2,optimal,245.8501487528101,optimal,41.236621179908106,7321.685999971212,37.87705231779908,58.81027645985802,27.69826875515251,29.031602088485847,1.5,0.5,0.1916173534631376,0.1234121136477817,0.1998143687214612,0.1282476003714575,88.35252643633389,477971.0305728154,477.9710305728154,-0.0,266906.21227454016,482.4438158395384,14699.457936188011,6.934897101018578e-12,9.094947017729282e-13,0.0,0.0,0.0,3.552713678800501e-15,3.730349362740527e-14,163.226510983546,177.55300484072126,0.0,highs-ds,Spain,Huelva,Huelva Fertiberia,Reforming,1,2024,47390.0,30.468745693440656,8760,flex_ml0p6_b24,True,0.6,1.5,0.6,24.0,high_investment_small_cavern,16,2.0,1,optimal,245.8501487528101,optimal,32.5366211799081,5776.974857856937,37.87705231779908,58.81027645985802,27.69826875515251,29.031602088485847,1.5,0.5,0.1916173534631376,0.1234121136477817,0.1998143687214612,0.1282476003714575,123.73021969473074,669357.8894216084,669.3578894216084,97.78434992908704,266906.21227454016,982.7561929828694,29943.348522648936,3.296918293926865e-12,5.172751116333529e-12,7.383027522678276e-11,7.457856554538012e-11,0.0,3.552713678800501e-15,0.0,81.61325549182948,159.79770435664912,3.2093329641114225,highs-ds,21.097751830935508,1.0,True,True,True,1,1,1,0
spain_huelva,2020,Spain,Huelva,Huelva Fertiberia,Reforming,1,2024,47390.0,30.468745693440656,8784,rigid,False,1.0,1.5,0.6,0.0,high_investment_small_cavern,16,2.0,2,optimal,245.8501487528101,optimal,88.11574544165589,15645.215376946093,37.87705231779908,58.81027645985802,27.69826875515251,29.031602088485847,1.5,0.5,0.1916173534631376,0.1234121136477817,0.1904070047814207,0.1046372093953358,197.00099328785672,1065739.3917707228,1065.7393917707227,-0.0,267637.46217118273,1106.566579452891,33715.69570221063,5.8832938520936295e-12,3.609557097661309e-12,0.0,0.0,0.0,1.7763568394002505e-15,0.0,163.226510983546,177.55300484072126,0.0,highs-ds,Spain,Huelva,Huelva Fertiberia,Reforming,1,2024,47390.0,30.468745693440656,8784,flex_ml0p6_b24,True,0.6,1.5,0.6,24.0,high_investment_small_cavern,16,2.0,2,optimal,245.8501487528101,optimal,64.11574544165585,11383.943260768772,37.87705231779908,58.81027645985802,27.69826875515251,29.031602088485847,1.5,0.5,0.1916173534631376,0.1234121136477817,0.1904070047814207,0.1046372093953358,100.39506508149177,543118.965092682,543.1189650926821,427.6238533716895,267637.46217118273,550.7665266884259,16781.165238129244,7.44648787076585e-12,3.325340003357269e-12,3.8675596059079e-10,3.8562575355172157e-10,0.0,3.552713678800501e-15,0.0,163.226510983546,205.7080060494196,14.034836145675298,highs-ds,27.23690287099843,0.0,True,True,True,1,1,1,1
spain_huelva,2021,Spain,Huelva,Huelva Fertiberia,Reforming,1,2024,47390.0,30.468745693440656,8760,rigid,False,1.0,1.5,0.6,0.0,high_investment_small_cavern,16,2.0,2,optimal,245.8501487528101,optimal,34.25220545617929,6081.582001166381,37.87705231779908,58.81027645985802,27.69826875515251,29.031602088485847,1.5,0.5,0.1916173534631376,0.1234121136477817,0.1942706278538812,0.1191325969064665,57.948655704062695,313491.6431296269,313.4916431296269,-0.0,266906.21227454016,472.6923070650224,14402.341695209929,6.423306331271306e-12,9.094947017729282e-13,0.0,0.0,0.0,3.552713678800501e-15,0.0,163.226510983546,177.55300484072126,0.0,highs-ds,Spain,Huelva,Huelva Fertiberia,Reforming,1,2024,47390.0,30.468745693440656,8760,flex_ml0p6_b24,True,0.6,1.5,0.6,24.0,high_investment_small_cavern,16,2.0,1,optimal,245.8501487528101,optimal,26.383841630748336,4684.530360781082,37.87705231779908,58.81027645985802,27.69826875515251,29.031602088485847,1.5,0.5,0.1916173534631376,0.1234121136477817,0.1942706278538812,0.1191325969064665,149.63062639157133,809474.3589836261,809.4743589836261,54.84374224819392,266906.21227454016,970.7277727843727,29576.857646527096,4.519051799434237e-12,3.575451046344824e-11,1.1102230246251563e-16,0.0,0.0,3.552713678800501e-15,0.0,81.613255491773,163.226510983546,1.8000000000000242,highs-ds,22.971845814417353,1.0,True,True,True,1,1,1,0
spain_huelva,2022,Spain,Huelva,Huelva Fertiberia,Reforming,1,2024,47390.0,30.468745693440656,8760,rigid,False,1.0,1.5,0.6,0.0,high_investment_small_cavern,16,2.0,2,optimal,245.8501487528101,optimal,55.533129339205104,9860.073982384283,37.87705231779908,58.81027645985802,27.69826875515251,29.031602088485847,1.5,0.5,0.1916173534631376,0.1234121136477817,0.1929326963470319,0.1085293436473039,184.6670391105013,999014.9524482484,999.0149524482486,-0.0,266906.21227454016,752.8356955679185,22937.959357203417,6.565414878423326e-12,1.8189894035458565e-12,0.0,0.0,0.0,3.552713678800501e-15,0.0,163.226510983546,177.55300484072126,0.0,highs-ds,Spain,Huelva,Huelva Fertiberia,Reforming,1,2024,47390.0,30.468745693440656,8760,flex_ml0p6_b24,True,0.6,1.5,0.6,24.0,high_investment_small_cavern,16,2.0,2,optimal,245.8501487528101,optimal,33.15598095945664,5886.944047793267,37.87705231779908,58.81027645985802,27.69826875515251,29.031602088485847,1.5,0.5,0.1916173534631376,0.1234121136477817,0.1929326963470319,0.1085293436473039,104.38557070564458,564706.8716598741,564.7068716598741,237.8259687721365,266906.21227454016,633.8107584209754,19311.41881609545,5.286437954055145e-12,1.854516540333861e-12,3.1770563957422837e-10,3.2014213502407074e-10,0.0,3.552713678800501e-15,6.039613253960854e-14,163.226510983546,176.50131376617702,7.805571360403455,highs-ds,40.29513309625559,0.0,True,True,True,1,1,1,1
spain_huelva,2023,Spain,Huelva,Huelva Fertiberia,Reforming,1,2024,47390.0,30.468745693440656,8760,rigid,False,1.0,1.5,0.6,0.0,high_investment_small_cavern,16,2.0,2,optimal,245.8501487528101,optimal,63.66929929126338,11304.675405267017,37.87705231779908,58.81027645985802,27.69826875515251,29.031602088485847,1.5,0.5,0.1916173534631376,0.1234121136477817,0.1974469965753424,0.1050670681304175,205.15607804214125,1109856.910778205,1109.8569107782046,-0.0,266906.21227454016,1274.3978650263157,38829.30446175052,6.59383658785373e-12,3.637978807091713e-12,0.0,0.0,0.0,1.6653345369377348e-15,0.0,163.226510983546,177.55300484072126,0.0,highs-ds,Spain,Huelva,Huelva Fertiberia,Reforming,1,2024,47390.0,30.468745693440656,8760,flex_ml0p6_b24,True,0.6,1.5,0.6,24.0,high_investment_small_cavern,16,2.0,2,optimal,245.8501487528101,optimal,41.66115570011773,7397.063379693045,37.87705231779908,58.81027645985802,27.69826875515251,29.031602088485847,1.5,0.5,0.1916173534631376,0.1234121136477817,0.1974469965753424,0.1050670681304175,88.6043249351887,479333.21446102654,479.33321446102656,132.49317859120754,266906.21227454016,734.7679823286726,22387.45879725482,6.764366844436154e-12,9.094947017729282e-13,2.8639268734309553e-10,2.8740032576024527e-10,0.0,3.552713678800501e-15,3.730349362740527e-14,163.226510983546,169.2326611618244,4.34849468121462,highs-ds,34.56633548056901,0.0,True,True,True,1,1,1,1
spain_puertollano,2015,Spain,Puertollano,Puertollano Fertiberia,Reforming,1,2024,23695.0,15.234372846720328,8760,rigid,False,1.0,1.5,0.6,0.0,high_investment_small_cavern,16,2.0,2,optimal,491.7002975056202,optimal,177.23907855369228,31469.3309724087,39.14845385625457,90.16335982257318,27.69826875515251,29.031602088485847,1.5,0.5,0.1853943082598113,0.080497227880636,0.1949639634703196,0.0686257665762015,188.98965689181924,511199.7625629745,511.1997625629745,-0.0,133453.10613727008,937.3539453366936,14279.999492603496,7.503331289626658e-12,3.623767952376511e-12,0.0,0.0,0.0,1.7763568394002505e-15,2.238209617644316e-13,326.453021967092,504.00602680781327,0.0,highs-ds,Spain,Puertollano,Puertollano Fertiberia,Reforming,1,2024,23695.0,15.234372846720328,8760,flex_ml0p6_b24,True,0.6,1.5,0.6,24.0,high_investment_small_cavern,16,2.0,1,optimal,491.7002975056202,optimal,153.23907855347505,27208.058856192816,39.14845385625457,90.16335982257318,27.69826875515251,29.031602088485847,1.5,0.5,0.1853943082598113,0.080497227880636,0.1949639634703196,0.0686257665762015,315.06674942965213,852226.7839880831,852.2267839880832,138.62370625671844,133453.10613727008,1019.9174965836272,15537.803415848584,6.139089236967266e-12,3.637978807091713e-12,4.929656682861604e-10,4.94765117764473e-10,0.0,3.552713678800501e-15,0.0,163.226510983546,159.79770435664912,9.09940354299268,highs-ds,13.54103180633877,1.0,True,True,True,1,1,1,0
spain_puertollano,2016,Spain,Puertollano,Puertollano Fertiberia,Reforming,1,2024,23695.0,15.234372846720328,8784,rigid,False,1.0,1.5,0.6,0.0,high_investment_small_cavern,16,2.0,1,optimal,491.7002975056202,optimal,143.91603641115438,25552.724709567112,39.14845385625457,90.16335982257318,27.69826875515251,29.031602088485847,1.5,0.5,0.1853943082598113,0.080497227880636,0.1821877356557377,0.0886420732854696,282.23261100308736,763413.4380956799,763.4134380956799,-0.0,133818.73108559137,1360.0907136269686,20720.129036755166,6.45172804070171e-12,3.637978807091713e-12,0.0,0.0,0.0,3.552713678800501e-15,0.0,163.226510983546,177.55300484072126,0.0,highs-ds,Spain,Puertollano,Puertollano Fertiberia,Reforming,1,2024,23695.0,15.234372846720328,8784,flex_ml0p6_b24,True,0.6,1.5,0.6,24.0,high_investment_small_cavern,16,2.0,1,optimal,491.7002975056202,optimal,119.91603641115476,21291.452593389866,39.14845385625457,90.16335982257318,27.69826875515251,29.031602088485847,1.5,0.5,0.1853943082598113,0.080497227880636,0.1821877356557377,0.0886420732854696,147.6626705021556,399414.03853294265,399.4140385329426,288.26283509086977,133818.73108559137,707.8928506518773,10784.303622358408,4.831690603168681e-12,1.8189894035458565e-12,3.9298297949130756e-10,3.92901711165905e-10,0.0,3.552713678800501e-15,6.039613253960854e-14,163.226510983546,159.79770435664912,18.921870824037715,highs-ds,16.67639034432126,0.0,True,True,True,1,0,1,0
spain_puertollano,2017,Spain,Puertollano,Puertollano Fertiberia,Reforming,1,2024,23695.0,15.234372846720328,8760,rigid,False,1.0,1.5,0.6,0.0,high_investment_small_cavern,16,2.0,1,optimal,491.7002975056202,optimal,82.91446160495207,14721.711802709851,39.14845385625457,90.16335982257318,27.69826875515251,29.031602088485847,1.5,0.5,0.1853943082598113,0.080497227880636,0.1933091529680365,0.0743578114480066,272.96080895953384,738334.0603077803,738.3340603077803,-0.0,133453.10613727008,1364.4766115556774,20786.94544106877,6.821210263296962e-12,3.637978807091713e-12,0.0,0.0,0.0,1.7763568394002505e-15,0.0,163.226510983546,177.55300484072126,0.0,highs-ds,Spain,Puertollano,Puertollano Fertiberia,Reforming,1,2024,23695.0,15.234372846720328,8760,flex_ml0p6_b24,True,0.6,1.5,0.6,24.0,high_investment_small_cavern,16,2.0,1,optimal,491.7002975056202,optimal,58.91446160495217,10460.43968653256,39.14845385625457,90.16335982257318,27.69826875515251,29.031602088485847,1.5,0.5,0.1853943082598113,0.080497227880636,0.1933091529680365,0.0743578114480066,130.73485065186438,353625.83175752586,353.6258317575259,87.64391737162101,133453.10613727008,868.6964442873507,13234.045522893712,5.314859663485549e-12,1.0544454198679888e-11,4.02909705599086e-10,4.0381564758718014e-10,0.0,3.552713678800501e-15,0.0,163.226510983546,177.55300484072126,5.753037440624875,highs-ds,28.945493386121793,0.0,True,True,True,1,0,1,0
spain_puertollano,2018,Spain,Puertollano,Puertollano Fertiberia,Reforming,1,2024,23695.0,15.234372846720328,8760,rigid,False,1.0,1.5,0.6,0.0,high_investment_small_cavern,16,2.0,1,optimal,491.7002975056202,optimal,75.56490165690035,13416.775349676253,39.14845385625457,90.16335982257318,27.69826875515251,29.031602088485847,1.5,0.5,0.1853943082598113,0.080497227880636,0.1806343607305936,0.08672463952087,244.34119208558377,660920.6103273868,660.9206103273867,-0.0,133453.10613727008,2073.623562209516,31590.35449044413,6.423306331271306e-12,3.637978807091713e-12,0.0,0.0,0.0,1.6653345369377348e-15,0.0,163.226510983546,177.55300484072126,0.0,highs-ds,Spain,Puertollano,Puertollano Fertiberia,Reforming,1,2024,23695.0,15.234372846720328,8760,flex_ml0p6_b24,True,0.6,1.5,0.6,24.0,high_investment_small_cavern,16,2.0,1,optimal,491.7002975056202,optimal,54.56490165690028,9688.162248021094,39.14845385625457,90.16335982257318,27.69826875515251,29.031602088485847,1.5,0.5,0.1853943082598113,0.080497227880636,0.1806343607305936,0.08672463952087,140.0752402441814,378890.7326011277,378.8907326011277,56.36717953286559,133453.10613727008,609.4266238179126,9284.232409960052,5.286437954055145e-12,1.240607616637135e-11,3.9338932111832037e-10,3.92901711165905e-10,0.0,3.552713678800501e-15,0.0,163.226510983546,226.12141065900053,3.7000000000000246,highs-ds,27.79067998440571,0.0,True,True,True,1,0,1,0
spain_puertollano,2019,Spain,Puertollano,Puertollano Fertiberia,Reforming,1,2024,23695.0,15.234372846720328,8760,rigid,False,1.0,1.5,0.6,0.0,high_investment_small_cavern,16,2.0,1,optimal,491.7002975056202,optimal,71.87732598014833,12762.035207691377,39.14845385625457,90.16335982257318,27.69826875515251,29.031602088485847,1.5,0.5,0.1853943082598113,0.080497227880636,0.189821051369863,0.0952523105071821,178.867793662846,483821.04689967306,483.821046899673,-0.0,133453.10613727008,631.9381388844522,9627.181223828278,6.139089236967266e-12,1.8189894035458565e-12,0.0,0.0,0.0,1.6653345369377348e-15,0.0,163.226510983546,177.55300484072126,0.0,highs-ds,Spain,Puertollano,Puertollano Fertiberia,Reforming,1,2024,23695.0,15.234372846720328,8760,flex_ml0p6_b24,True,0.6,1.5,0.6,24.0,high_investment_small_cavern,16,2.0,1,optimal,491.7002975056202,optimal,47.877325979937886,8500.763091476701,39.14845385625457,90.16335982257318,27.69826875515251,29.031602088485847,1.5,0.5,0.1853943082598113,0.080497227880636,0.189821051369863,0.0952523105071821,130.40245250515144,352726.72512666247,352.7267251266625,63.98436595622531,133453.10613727008,562.0669163751612,8562.736968865582,5.201172825763933e-12,1.8047785488306545e-12,2.7769653243581155e-10,2.7830537874251604e-10,0.0,3.552713678800501e-15,1.5987211554602254e-14,163.226510983546,201.3654576017096,4.199999999999996,highs-ds,33.39022379162931,0.0,True,True,True,1,0,1,0
spain_puertollano,2020,Spain,Puertollano,Puertollano Fertiberia,Reforming,1,2024,23695.0,15.234372846720328,8784,rigid,False,1.0,1.5,0.6,0.0,high_investment_small_cavern,16,2.0,1,optimal,491.7002975056202,optimal,152.74364401116372,27120.09296450356,39.14845385625457,90.16335982257318,27.69826875515251,29.031602088485847,1.5,0.5,0.1853943082598113,0.080497227880636,0.1833836099726775,0.0760013350566446,296.1013654869412,800927.1524215835,800.9271524215835,-0.0,133818.73108559137,1019.766491052374,15535.502941283556,6.821210263296962e-12,3.637978807091713e-12,0.0,0.0,0.0,3.552713678800501e-15,7.105427357601003e-14,163.226510983546,177.55300484072126,0.0,highs-ds,Spain,Puertollano,Puertollano Fertiberia,Reforming,1,2024,23695.0,15.234372846720328,8784,flex_ml0p6_b24,True,0.6,1.5,0.6,24.0,high_investment_small_cavern,16,2.0,1,optimal,491.7002975056202,optimal,128.7436440111638,22858.820848326264,39.14845385625457,90.16335982257318,27.69826875515251,29.031602088485847,1.5,0.5,0.1853943082598113,0.080497227880636,0.1833836099726775,0.0760013350566446,177.5599336777585,480283.4050792794,480.2834050792794,198.93275376800392,133818.73108559137,803.1611013194128,12235.655673482455,4.718003765447065e-12,1.8047785488306545e-12,4.883333737382145e-10,4.874891601502893e-10,0.0,3.552713678800501e-15,1.7763568394002505e-14,163.22651098354618,170.2711360418664,13.058151836610088,highs-ds,15.712601434496221,0.0,True,True,True,1,0,1,0
spain_puertollano,2021,Spain,Puertollano,Puertollano Fertiberia,Reforming,1,2024,23695.0,15.234372846720328,8760,rigid,False,1.0,1.5,0.6,0.0,high_investment_small_cavern,16,2.0,1,optimal,491.7002975056202,optimal,49.36497425454549,8764.899512779397,39.14845385625457,90.16335982257318,27.69826875515251,29.031602088485847,1.5,0.5,0.1853943082598113,0.080497227880636,0.1885583801369863,0.0819509219445853,102.48076417923916,277201.1081309443,277.2011081309443,-0.0,133453.10613727008,985.0575891736232,15006.734588962432,6.139089236967266e-12,1.7905676941154525e-12,0.0,0.0,0.0,3.552713678800501e-15,5.329070518200751e-15,163.226510983546,177.55300484072126,0.0,highs-ds,Spain,Puertollano,Puertollano Fertiberia,Reforming,1,2024,23695.0,15.234372846720328,8760,flex_ml0p6_b24,True,0.6,1.5,0.6,24.0,high_investment_small_cavern,16,2.0,1,optimal,491.7002975056202,optimal,35.664974254545534,6332.423346461522,39.14845385625457,90.16335982257318,27.69826875515251,29.031602088485847,1.5,0.5,0.1853943082598113,0.080497227880636,0.1885583801369863,0.0819509219445853,54.03692838944146,146164.95641413418,146.1649564141342,25.898433839424527,133453.10613727008,505.5166137209461,7701.22857363639,8.895995051716454e-12,8.952838470577262e-13,2.5171553730274354e-10,2.5283952709287405e-10,0.0,3.552713678800501e-15,1.7763568394002505e-14,163.226510983546,263.4228815997263,1.7000000000000015,highs-ds,27.752470667476278,0.0,True,True,True,1,0,1,0
spain_puertollano,2022,Spain,Puertollano,Puertollano Fertiberia,Reforming,1,2024,23695.0,15.234372846720328,8760,rigid,False,1.0,1.5,0.6,0.0,high_investment_small_cavern,16,2.0,1,optimal,491.7002975056202,optimal,48.107555288677645,8541.640997045848,39.14845385625457,90.16335982257318,27.69826875515251,29.031602088485847,1.5,0.5,0.1853943082598113,0.080497227880636,0.1861954988584475,0.0831743773214252,93.6425950664298,253294.6678195268,253.29466781952675,-0.0,133453.10613727008,862.7864419515129,13144.010343784572,6.565414878423326e-12,1.7905676941154525e-12,0.0,0.0,0.0,3.552713678800501e-15,2.0961010704922963e-13,163.226510983546,177.55300484072126,0.0,highs-ds,Spain,Puertollano,Puertollano Fertiberia,Reforming,1,2024,23695.0,15.234372846720328,8760,flex_ml0p6_b24,True,0.6,1.5,0.6,24.0,high_investment_small_cavern,16,2.0,1,optimal,491.7002975056202,optimal,32.4301912587919,5758.077905557795,39.14845385625457,90.16335982257318,27.69826875515251,29.031602088485847,1.5,0.5,0.1853943082598113,0.080497227880636,0.1861954988584475,0.0831743773214252,54.546435535470174,147543.1267138089,147.54312671380887,111.45216778996269,133453.10613727008,580.3236985966776,8840.867596209537,6.394884621840902e-12,9.094947017729282e-13,3.572007134522437e-10,3.5834091249853367e-10,0.0,3.552713678800501e-15,3.907985046680551e-14,163.226510983546,203.2837138824817,7.315835637694546,highs-ds,32.58815363992419,0.0,True,True,True,1,0,1,0
spain_puertollano,2023,Spain,Puertollano,Puertollano Fertiberia,Reforming,1,2024,23695.0,15.234372846720328,8760,rigid,False,1.0,1.5,0.6,0.0,high_investment_small_cavern,16,2.0,1,optimal,491.7002975056202,optimal,96.1414717903035,17070.207206177824,39.14845385625457,90.16335982257318,27.69826875515251,29.031602088485847,1.5,0.5,0.1853943082598113,0.080497227880636,0.1921121632420091,0.0781735766677673,215.08953034801527,581797.5367118975,581.7975367118975,-0.0,133453.10613727008,873.4256712570344,13306.09232982664,6.508571459562518e-12,3.637978807091713e-12,0.0,0.0,0.0,3.552713678800501e-15,1.2789769243681806e-13,163.226510983546,177.55300484072126,0.0,highs-ds,Spain,Puertollano,Puertollano Fertiberia,Reforming,1,2024,23695.0,15.234372846720328,8760,flex_ml0p6_b24,True,0.6,1.5,0.6,24.0,high_investment_small_cavern,16,2.0,1,optimal,491.7002975056202,optimal,72.14147179009235,12808.935089963024,39.14845385625457,90.16335982257318,27.69826875515251,29.031602088485847,1.5,0.5,0.1853943082598113,0.080497227880636,0.1921121632420091,0.0781735766677673,115.37995165829516,312092.23225380183,312.09223225380185,143.7503693006287,133453.10613727008,799.985949654199,12187.284229169703,5.6274984672199935e-12,1.8189894035458565e-12,3.926312608371063e-10,3.92901711165905e-10,0.0,3.552713678800501e-15,5.684341886080804e-14,163.226510983546,218.652156302708,9.435923010875728,highs-ds,24.96321260044586,0.0,True,True,True,1,0,1,0
spain_sabinanigo,2015,Spain,Sabiñánigo,Sabinanigo Ercros,Reforming,1,2024,1066.0,0.6853699706521995,8760,rigid,False,1.0,1.5,0.6,0.0,high_investment_small_cavern,16,2.0,1,optimal,10929.49207260382,optimal,254.39039205448745,45167.778511883385,40.59085756127919,249.12426647432565,27.69826875515251,29.031602088485847,1.5,0.5,0.1788062868877395,0.0291336553633945,0.1845304394977168,0.0308264576516231,254.39039205448748,30956.63903311457,30.95663903311457,-0.0,6003.840942913268,1423.8197304736605,975.8432868887552,7.219114195322618e-12,3.581135388230905e-12,0.0,0.0,0.0,3.552713678800501e-15,0.0,3628.19153635565,3805.7445411963713,0.0,highs-ds,Spain,Sabiñánigo,Sabinanigo Ercros,Reforming,1,2024,1066.0,0.6853699706521995,8760,flex_ml0p6_b24,True,0.6,1.5,0.6,24.0,high_investment_small_cavern,16,2.0,1,optimal,10929.49207260382,optimal,230.39039205425524,40906.50639566485,40.59085756127919,249.12426647432565,27.69826875515251,29.031602088485847,1.5,0.5,0.1788062868877395,0.0291336553633945,0.1845304394977168,0.0308264576516231,230.3903920543114,28036.091087887664,28.036091087887662,16.44887929622059,6003.840942913268,1308.0479012993524,896.4967517252082,1.0714984455262308e-11,3.2429170460090966e-11,2.9427549286253907e-10,2.9467628337442875e-10,0.0,3.552713678800501e-15,0.0,3628.19153635565,3805.7445411963713,24.00000000082846,highs-ds,9.434318570919803,0.0,True,True,True,1,0,1,0
spain_sabinanigo,2016,Spain,Sabiñánigo,Sabinanigo Ercros,Reforming,1,2024,1066.0,0.6853699706521995,8784,rigid,False,1.0,1.5,0.6,0.0,high_investment_small_cavern,16,2.0,1,optimal,10929.49207260382,optimal,469.5162967557328,83364.02931066815,40.59085756127919,249.12426647432565,27.69826875515251,29.031602088485847,1.5,0.5,0.1788062868877395,0.0291336553633945,0.1772747928051001,0.0241085827092361,469.5162967557326,57135.2023221017,57.1352023221017,-0.0,6020.289822208921,1967.408289440704,1348.402561594869,7.275957614183426e-12,7.275957614183426e-12,0.0,0.0,0.0,3.552713678800501e-15,8.633094239485217e-13,3628.19153635565,3805.7445411963713,0.0,highs-ds,Spain,Sabiñánigo,Sabinanigo Ercros,Reforming,1,2024,1066.0,0.6853699706521995,8784,flex_ml0p6_b24,True,0.6,1.5,0.6,24.0,high_investment_small_cavern,16,2.0,1,optimal,10929.49207260382,optimal,445.51629675549066,79102.75719444784,40.59085756127919,249.12426647432565,27.69826875515251,29.031602088485847,1.5,0.5,0.1788062868877395,0.0291336553633945,0.1772747928051001,0.0241085827092361,445.5162967555308,54214.65437687167,54.214654376871664,16.44887929619728,6020.289822208921,1850.0085111245328,1267.9402789757407,1.0317080523236656e-11,7.275957614183426e-12,4.0570524717509215e-10,4.074536263942719e-10,0.0,3.552713678800501e-15,0.0,3628.19153635565,3805.7445411963713,24.00000000079445,highs-ds,5.111643656690413,0.0,True,True,True,1,0,1,0
spain_sabinanigo,2017,Spain,Sabiñánigo,Sabinanigo Ercros,Reforming,1,2024,1066.0,0.6853699706521995,8760,rigid,False,1.0,1.5,0.6,0.0,high_investment_small_cavern,16,2.0,1,optimal,10929.49207260382,optimal,81.1553211549761,14409.37112987976,40.59085756127919,249.12426647432565,27.69826875515251,29.031602088485847,1.5,0.5,0.1788062868877395,0.0291336553633945,0.1873290445205479,0.0296508012157097,81.15532115497608,9875.750268402338,9.87575026840234,-0.0,6003.840942913268,1080.9222835335008,740.831673742664,7.673861546209082e-12,9.094947017729282e-13,0.0,0.0,0.0,3.552713678800501e-15,2.238209617644316e-13,3628.19153635565,3805.7445411963713,0.0,highs-ds,Spain,Sabiñánigo,Sabinanigo Ercros,Reforming,1,2024,1066.0,0.6853699706521995,8760,flex_ml0p6_b24,True,0.6,1.5,0.6,24.0,high_investment_small_cavern,16,2.0,1,optimal,10929.49207260382,optimal,62.955321154976026,11177.90644177862,40.59085756127919,249.12426647432565,27.69826875515251,29.031602088485847,1.5,0.5,0.1788062868877395,0.0291336553633945,0.1873290445205479,0.0296508012157097,62.955321154976055,7661.001409954848,7.661001409954848,12.473733465870032,6003.840942913268,969.4285585834218,664.4172227457238,1.0487610779819079e-11,6.991740519879386e-12,6.008038511140512e-11,6.002665031701325e-11,0.0,3.552713678800501e-15,0.0,3628.19153635565,3805.7445411963713,18.199999999999992,highs-ds,22.42613268111517,0.0,True,True,True,1,0,1,0
spain_sabinanigo,2018,Spain,Sabiñánigo,Sabinanigo Ercros,Reforming,1,2024,1066.0,0.6853699706521995,8760,rigid,False,1.0,1.5,0.6,0.0,high_investment_small_cavern,16,2.0,1,optimal,10929.49207260382,optimal,226.0488840107465,40135.65859699972,40.59085756127919,249.12426647432565,27.69826875515251,29.031602088485847,1.5,0.5,0.1788062868877395,0.0291336553633945,0.1704990502283105,0.0216066467988881,226.0488840107469,27507.77515473244,27.507775154732435,-0.0,6003.840942913268,1483.7890185501228,1016.9444360977536,7.44648787076585e-12,3.637978807091713e-12,0.0,0.0,0.0,3.552713678800501e-15,0.0,3628.19153635565,3805.7445411963713,0.0,highs-ds,Spain,Sabiñánigo,Sabinanigo Ercros,Reforming,1,2024,1066.0,0.6853699706521995,8760,flex_ml0p6_b24,True,0.6,1.5,0.6,24.0,high_investment_small_cavern,16,2.0,1,optimal,10929.49207260382,optimal,202.0488840107465,35874.3864808224,40.59085756127919,249.12426647432565,27.69826875515251,29.031602088485847,1.5,0.5,0.1788062868877395,0.0291336553633945,0.1704990502283105,0.0216066467988881,202.04888401074703,24587.227209526976,24.587227209526976,16.44887929565323,6003.840942913268,1356.6587919205735,929.813196403652,1.0430767360958267e-11,5.5138116294983774e-12,3.680513671611152e-10,3.67435859516263e-10,0.0,3.552713678800501e-15,2.732036818997585e-12,3628.19153635565,3805.7445411963713,24.000000000000647,highs-ds,10.617172522231531,0.0,True,True,True,1,0,1,0
spain_sabinanigo,2019,Spain,Sabiñánigo,Sabinanigo Ercros,Reforming,1,2024,1066.0,0.6853699706521995,8760,rigid,False,1.0,1.5,0.6,0.0,high_investment_small_cavern,16,2.0,1,optimal,10929.49207260382,optimal,141.07481857317046,25048.25794502601,40.59085756127919,249.12426647432565,27.69826875515251,29.031602088485847,1.5,0.5,0.1788062868877395,0.0291336553633945,0.1849193378995433,0.0306203766721965,141.0748185731705,17167.323812671202,17.167323812671203,-0.0,6003.840942913268,1089.3354741378498,746.597821940258,7.673861546209082e-12,1.8047785488306545e-12,0.0,0.0,0.0,3.552713678800501e-15,0.0,3628.19153635565,3805.7445411963713,0.0,highs-ds,Spain,Sabiñánigo,Sabinanigo Ercros,Reforming,1,2024,1066.0,0.6853699706521995,8760,flex_ml0p6_b24,True,0.6,1.5,0.6,24.0,high_investment_small_cavern,16,2.0,1,optimal,10929.49207260382,optimal,117.07481857317129,20786.985828848843,40.59085756127919,249.12426647432565,27.69826875515251,29.031602088485847,1.5,0.5,0.1788062868877395,0.0291336553633945,0.1849193378995433,0.0306203766721965,117.07481857317131,14246.775867465823,14.246775867465823,16.448879295652773,6003.840942913268,980.67911450081,672.1280159246452,1.0601297617540696e-11,1.8189894035458565e-12,7.24973414634178e-11,7.275957614183426e-11,0.0,3.552713678800501e-15,6.039613253960854e-14,3628.19153635565,3805.7445411963713,23.99999999999998,highs-ds,17.012249416823625,0.0,True,True,True,1,0,1,0
spain_sabinanigo,2020,Spain,Sabiñánigo,Sabinanigo Ercros,Reforming,1,2024,1066.0,0.6853699706521995,8784,rigid,False,1.0,1.5,0.6,0.0,high_investment_small_cavern,16,2.0,1,optimal,10929.49207260382,optimal,202.66240593084265,35983.31914127112,40.59085756127919,249.12426647432565,27.69826875515251,29.031602088485847,1.5,0.5,0.1788062868877395,0.0291336553633945,0.1726163581511839,0.0200364144046574,202.6624059308426,24661.886383821708,24.661886383821702,-0.0,6020.289822208921,1564.5101854112202,1072.2682998603552,7.844391802791506e-12,3.609557097661309e-12,0.0,0.0,0.0,3.552713678800501e-15,0.0,3628.19153635565,3805.7445411963713,0.0,highs-ds,Spain,Sabiñánigo,Sabinanigo Ercros,Reforming,1,2024,1066.0,0.6853699706521995,8784,flex_ml0p6_b24,True,0.6,1.5,0.6,24.0,high_investment_small_cavern,16,2.0,1,optimal,10929.49207260382,optimal,178.6624059305942,31722.0470250497,40.59085756127919,249.12426647432565,27.69826875515251,29.031602088485847,1.5,0.5,0.1788062868877395,0.0291336553633945,0.1726163581511839,0.0200364144046574,178.66240593062992,21741.338438590352,21.74133843859035,16.44887929631928,6020.289822208921,1429.9970656009505,980.0770468836548,9.77706804405898e-12,2.7853275241795927e-12,3.0328406452895246e-10,3.0377123039215803e-10,0.0,3.552713678800501e-15,0.0,3628.19153635565,3805.7445411963713,24.000000000972456,highs-ds,11.842354229446148,0.0,True,True,True,1,0,1,0
spain_sabinanigo,2021,Spain,Sabiñánigo,Sabinanigo Ercros,Reforming,1,2024,1066.0,0.6853699706521995,8760,rigid,False,1.0,1.5,0.6,0.0,high_investment_small_cavern,16,2.0,1,optimal,10929.49207260382,optimal,171.993004909736,30537.87483330855,40.59085756127919,249.12426647432565,27.69826875515251,29.031602088485847,1.5,0.5,0.1788062868877395,0.0291336553633945,0.1744179600456621,0.0227395199498549,171.99300490973587,20929.74237828521,20.92974237828521,-0.0,6003.840942913268,1503.3300955562668,1030.3373034719668,7.503331289626658e-12,1.8189894035458565e-12,0.0,0.0,0.0,3.552713678800501e-15,0.0,3628.19153635565,3805.7445411963713,0.0,highs-ds,Spain,Sabiñánigo,Sabinanigo Ercros,Reforming,1,2024,1066.0,0.6853699706521995,8760,flex_ml0p6_b24,True,0.6,1.5,0.6,24.0,high_investment_small_cavern,16,2.0,1,optimal,10929.49207260382,optimal,147.99300490949778,26276.602717088947,40.59085756127919,249.12426647432565,27.69826875515251,29.031602088485847,1.5,0.5,0.1788062868877395,0.0291336553633945,0.1744179600456621,0.0227395199498549,147.99300490954118,18009.194433056036,18.009194433056038,16.44887929628396,6003.840942913268,1376.1859479613067,943.19652276621,9.862333172350187e-12,1.8189894035458565e-12,3.1311930825950185e-10,3.1468516681343317e-10,0.0,3.552713678800501e-15,0.0,3628.19153635565,3805.7445411963713,24.00000000092092,highs-ds,13.954055871535992,0.0,True,True,True,1,0,1,0
spain_sabinanigo,2022,Spain,Sabiñánigo,Sabinanigo Ercros,Reforming,1,2024,1066.0,0.6853699706521995,8760,rigid,False,1.0,1.5,0.6,0.0,high_investment_small_cavern,16,2.0,1,optimal,10929.49207260382,optimal,385.2391266281924,68400.36451505068,40.59085756127919,249.12426647432565,27.69826875515251,29.031602088485847,1.5,0.5,0.1788062868877395,0.0291336553633945,0.176654350456621,0.0224326199892488,385.2391266281925,46879.555820280046,46.879555820280046,-0.0,6003.840942913268,1381.2499192576277,946.6672166249532,7.617018127348274e-12,7.219114195322618e-12,0.0,0.0,0.0,3.552713678800501e-15,0.0,3628.19153635565,3805.7445411963713,0.0,highs-ds,Spain,Sabiñánigo,Sabinanigo Ercros,Reforming,1,2024,1066.0,0.6853699706521995,8760,flex_ml0p6_b24,True,0.6,1.5,0.6,24.0,high_investment_small_cavern,16,2.0,1,optimal,10929.49207260382,optimal,361.239126627945,64139.092398829445,40.59085756127919,249.12426647432565,27.69826875515251,29.031602088485847,1.5,0.5,0.1788062868877395,0.0291336553633945,0.176654350456621,0.0224326199892488,361.23912662798455,43959.00787504925,43.95900787504925,16.448879296243504,6003.840942913268,1254.0216683981976,859.4687940672949,1.0430767360958267e-11,1.4807710613240488e-11,4.08729716738776e-10,4.1109160520136356e-10,0.0,3.552713678800501e-15,0.0,3628.19153635565,3823.4998416804433,24.00000000086189,highs-ds,6.229896794312553,0.0,True,True,True,1,0,1,0
spain_sabinanigo,2023,Spain,Sabiñánigo,Sabinanigo Ercros,Reforming,1,2024,1066.0,0.6853699706521995,8760,rigid,False,1.0,1.5,0.6,0.0,high_investment_small_cavern,16,2.0,1,optimal,10929.49207260382,optimal,137.5296271514226,24418.798555359128,40.59085756127919,249.12426647432565,27.69826875515251,29.031602088485847,1.5,0.5,0.1788062868877395,0.0291336553633945,0.184014,0.0294892456264646,137.52962715142246,16735.91124924844,16.73591124924844,-0.0,6003.840942913268,1499.5606751241305,1027.7538559010177,7.815970093361102e-12,1.8189894035458565e-12,0.0,0.0,0.0,3.552713678800501e-15,0.0,3628.19153635565,3805.7445411963713,0.0,highs-ds,Spain,Sabiñánigo,Sabinanigo Ercros,Reforming,1,2024,1066.0,0.6853699706521995,8760,flex_ml0p6_b24,True,0.6,1.5,0.6,24.0,high_investment_small_cavern,16,2.0,1,optimal,10929.49207260382,optimal,113.52962715142549,20157.52643918233,40.59085756127919,249.12426647432565,27.69826875515251,29.031602088485847,1.5,0.5,0.1788062868877395,0.0291336553633945,0.184014,0.0294892456264646,113.52962715142598,13815.363304043389,13.81536330404339,16.448879295652688,6003.840942913268,1370.0379977824982,938.982902332589,1.7109869077103212e-11,1.1084466677857565e-11,1.9822321561946407e-10,2.0008883439004416e-10,0.0,3.552713678800501e-15,1.6857626405908377e-11,3628.19153635565,3805.7445411963713,23.99999999999985,highs-ds,17.45078533047478,0.0,True,True,True,1,0,1,0
